season,week,game_id,away_team,home_team,actual_away,actual_home,projected_away,projected_home,projected_margin,projected_total,fbs_fbs,data_confidence,market,line,pick_side,edge,result
2025,1,401752665,Alabama,Florida State,17.0,31.0,34.531,13.838,-20.692,48.369,True,44.0,Spread,13.5,AWAY,7.192452445273375,L
2025,1,401752665,Alabama,Florida State,17.0,31.0,34.531,13.838,-20.692,48.369,True,44.0,Under,50.5,UNDER,2.1312154326507766,W
2025,1,401752666,Alabama AandM,Arkansas,7.0,52.0,8.711,58.765,50.054,67.477,False,44.0,Spread,-45.5,HOME,4.55427309687505,L
2025,1,401752666,Alabama AandM,Arkansas,7.0,52.0,8.711,58.765,50.054,67.477,False,44.0,Over,62.5,OVER,4.9766445403462,L
2025,1,401752667,Auburn,Baylor,38.0,24.0,26.122,35.277,9.156,61.399,True,44.0,Spread,1.5,HOME,10.655585005055741,L
2025,1,401752667,Auburn,Baylor,38.0,24.0,26.122,35.277,9.156,61.399,True,44.0,Over,57.5,OVER,3.8988795470460786,W
2025,1,401752668,Long Island University,Florida,0.0,55.0,3.0,49.369,46.369,52.369,False,44.0,Spread,-46.5,AWAY,0.13142426607489455,L
2025,1,401752668,Long Island University,Florida,0.0,55.0,3.0,49.369,46.369,52.369,False,44.0,Under,56.5,UNDER,4.1314242660748945,W
2025,1,401752669,Marshall,Georgia,7.0,45.0,17.938,34.628,16.69,52.565,True,44.0,Spread,-39.5,AWAY,22.810228637668548,W
2025,1,401752669,Marshall,Georgia,7.0,45.0,17.938,34.628,16.69,52.565,True,44.0,Under,55.5,UNDER,2.9345787098904594,W
2025,1,401752670,Toledo,Kentucky,16.0,24.0,11.453,20.816,9.363,32.269,True,44.0,Spread,-10.0,AWAY,0.6370687224670064,W
2025,1,401752670,Toledo,Kentucky,16.0,24.0,11.453,20.816,9.363,32.269,True,44.0,Under,48.5,UNDER,16.231149136255894,W
2025,1,401752671,LSU,Clemson,17.0,10.0,30.677,36.663,5.986,67.339,True,44.0,Spread,-3.5,HOME,2.485841367206003,L
2025,1,401752671,LSU,Clemson,17.0,10.0,30.677,36.663,5.986,67.339,True,44.0,Over,57.5,OVER,9.839360381175823,L
2025,1,401752672,Georgia State,Ole Miss,7.0,63.0,10.073,46.772,36.699,56.846,True,44.0,Spread,-38.5,AWAY,1.8010859802836165,L
2025,1,401752672,Georgia State,Ole Miss,7.0,63.0,10.073,46.772,36.699,56.846,True,44.0,Under,62.5,UNDER,5.65425121813071,L
2025,1,401752673,Mississippi State,Southern Miss,34.0,17.0,38.441,22.885,-15.556,61.326,True,44.0,Spread,11.5,AWAY,4.056205771303649,W
2025,1,401752673,Mississippi State,Southern Miss,34.0,17.0,38.441,22.885,-15.556,61.326,True,44.0,Over,59.5,OVER,1.826416297725359,L
2025,1,401752674,Central Arkansas,Missouri,6.0,61.0,15.671,39.131,23.46,54.802,False,44.0,Spread,-39.5,AWAY,16.039845291558493,L
2025,1,401752674,Central Arkansas,Missouri,6.0,61.0,15.671,39.131,23.46,54.802,False,44.0,Over,53.5,OVER,1.302465410896687,W
2025,1,401752675,Illinois State,Oklahoma,3.0,35.0,3.0,39.691,36.691,42.691,False,44.0,Spread,-38.5,AWAY,1.8091645494192647,W
2025,1,401752675,Illinois State,Oklahoma,3.0,35.0,3.0,39.691,36.691,42.691,False,44.0,Under,60.5,UNDER,17.809164549419265,W
2025,1,401752676,Syracuse,Tennessee,26.0,45.0,28.532,39.273,10.742,67.805,True,44.0,Spread,-13.5,AWAY,2.7581104308684985,L
2025,1,401752676,Syracuse,Tennessee,26.0,45.0,28.532,39.273,10.742,67.805,True,44.0,Over,53.5,OVER,14.304920793075524,W
2025,1,401752677,Texas,Ohio State,7.0,14.0,18.748,29.011,10.264,47.759,True,44.0,Spread,-3.0,HOME,7.263752572829468,W
2025,1,401752677,Texas,Ohio State,7.0,14.0,18.748,29.011,10.264,47.759,True,44.0,Over,47.5,OVER,0.2589938615210201,L
2025,1,401752678,UTSA,Texas AandM,24.0,42.0,17.086,36.91,19.824,53.997,True,44.0,Spread,-21.5,AWAY,1.6758915842401052,W
2025,1,401752678,UTSA,Texas AandM,24.0,42.0,17.086,36.91,19.824,53.997,True,44.0,Under,56.5,UNDER,2.503492816730912,L
2025,1,401752679,Charleston Southern,Vanderbilt,3.0,45.0,3.0,46.193,43.193,49.193,False,44.0,Spread,-38.5,HOME,4.6927014044080835,W
2025,1,401752679,Charleston Southern,Vanderbilt,3.0,45.0,3.0,46.193,43.193,49.193,False,44.0,Under,50.5,UNDER,1.3072985955919165,W
2025,1,401752680,Virginia Tech,South Carolina,11.0,24.0,17.505,24.532,7.026,42.037,True,44.0,Spread,-8.5,AWAY,1.4735716010525124,L
2025,1,401752680,Virginia Tech,South Carolina,11.0,24.0,17.505,24.532,7.026,42.037,True,44.0,Under,48.5,UNDER,6.462707372528811,W
2025,1,401752793,Buffalo,Minnesota,10.0,23.0,10.701,30.242,19.541,40.943,True,44.0,Spread,-16.5,HOME,3.0407955286891593,L
2025,1,401752793,Buffalo,Minnesota,10.0,23.0,10.701,30.242,19.541,40.943,True,44.0,Under,45.5,UNDER,4.556526201472053,W
2025,1,401752794,Ohio,Rutgers,31.0,34.0,27.198,32.262,5.064,59.46,True,44.0,Spread,-11.5,AWAY,6.436285507923856,W
2025,1,401752794,Ohio,Rutgers,31.0,34.0,27.198,32.262,5.064,59.46,True,44.0,Over,46.5,OVER,12.960242847755282,W
2025,1,401752795,Western Illinois,Illinois,3.0,52.0,15.757,60.493,44.736,76.25,False,44.0,Spread,-48.5,AWAY,3.7642611536632984,L
2025,1,401752795,Western Illinois,Illinois,3.0,52.0,15.757,60.493,44.736,76.25,False,44.0,Over,63.5,OVER,12.749590967654413,L
2025,1,401752796,Nebraska,Cincinnati,20.0,17.0,24.545,22.906,-1.639,47.451,True,44.0,Spread,6.5,HOME,4.860864083689691,W
2025,1,401752796,Nebraska,Cincinnati,20.0,17.0,24.545,22.906,-1.639,47.451,True,44.0,Under,52.5,UNDER,5.048790963164976,W
2025,1,401752797,Florida Atlantic,Maryland,7.0,39.0,18.941,33.706,14.765,52.647,True,44.0,Spread,-16.5,AWAY,1.7354932844179416,L
2025,1,401752797,Florida Atlantic,Maryland,7.0,39.0,18.941,33.706,14.765,52.647,True,44.0,Under,57.5,UNDER,4.853059136590673,W
2025,1,401752798,Missouri State,USC,13.0,73.0,28.784,61.399,32.615,90.183,True,44.0,Spread,-34.5,AWAY,1.8853960304272022,L
2025,1,401752798,Missouri State,USC,13.0,73.0,28.784,61.399,32.615,90.183,True,44.0,Over,59.5,OVER,30.683416653517114,W
2025,1,401752799,UAlbany,Iowa,7.0,34.0,4.017,47.927,43.91,51.945,False,44.0,Spread,-39.5,HOME,4.410196109770851,L
2025,1,401752799,UAlbany,Iowa,7.0,34.0,4.017,47.927,43.91,51.945,False,44.0,Over,48.5,OVER,3.444604641584533,L
2025,1,401752800,Utah,UCLA,43.0,10.0,12.485,13.158,0.673,25.643,True,44.0,Spread,6.5,HOME,7.1727847463196035,L
2025,1,401752800,Utah,UCLA,43.0,10.0,12.485,13.158,0.673,25.643,True,44.0,Under,50.5,UNDER,24.85685895611435,L
2025,1,401752801,Ball State,Purdue,0.0,31.0,37.189,40.415,3.226,77.604,True,44.0,Spread,-16.5,AWAY,13.273654643238558,L
2025,1,401752801,Ball State,Purdue,0.0,31.0,37.189,40.415,3.226,77.604,True,44.0,Over,50.5,OVER,27.10366910009614,L
2025,1,401752802,Western Michigan,Michigan State,6.0,23.0,28.814,36.106,7.292,64.921,True,44.0,Spread,-18.5,AWAY,11.208053268823587,W
2025,1,401752802,Western Michigan,Michigan State,6.0,23.0,28.814,36.106,7.292,64.921,True,44.0,Over,49.5,OVER,15.420751665754011,L
2025,1,401752803,Northwestern,Tulane,3.0,23.0,16.811,34.905,18.094,51.717,True,44.0,Spread,-6.5,HOME,11.59397513284246,W
2025,1,401752803,Northwestern,Tulane,3.0,23.0,16.811,34.905,18.094,51.717,True,44.0,Over,47.5,OVER,4.216753744824416,L
2025,1,401752804,Montana State,Oregon,13.0,59.0,27.695,54.025,26.33,81.721,False,44.0,Spread,-28.5,AWAY,2.1701892510769483,L
2025,1,401752804,Montana State,Oregon,13.0,59.0,27.695,54.025,26.33,81.721,False,44.0,Over,55.5,OVER,26.22064726273514,W
2025,1,401752805,Colorado State,Washington,21.0,38.0,16.68,32.232,15.552,48.911,True,44.0,Spread,-20.5,AWAY,4.948086392176172,W
2025,1,401752805,Colorado State,Washington,21.0,38.0,16.68,32.232,15.552,48.911,True,44.0,Under,52.5,UNDER,3.588712302610311,L
2025,1,401752806,Old Dominion,Indiana,14.0,27.0,17.483,44.991,27.508,62.474,True,44.0,Spread,-23.5,HOME,4.00777626865311,L
2025,1,401752806,Old Dominion,Indiana,14.0,27.0,17.483,44.991,27.508,62.474,True,44.0,Over,54.5,OVER,7.973805823605325,L
2025,1,401752807,Nevada,Penn State,11.0,46.0,13.107,45.018,31.912,58.125,True,44.0,Spread,-45.5,AWAY,13.588389592010103,W
2025,1,401752807,Nevada,Penn State,11.0,46.0,13.107,45.018,31.912,58.125,True,44.0,Under,58.5,UNDER,0.3752406000693753,W
2025,1,401752808,New Mexico,Michigan,17.0,34.0,26.7,48.468,21.768,75.168,True,44.0,Spread,-36.5,AWAY,14.73187944623768,W
2025,1,401752808,New Mexico,Michigan,17.0,34.0,26.7,48.468,21.768,75.168,True,44.0,Over,52.5,OVER,22.66759459909929,L
2025,1,401752936,California,Oregon State,34.0,15.0,30.594,25.658,-4.937,56.252,True,44.0,Spread,-3.0,AWAY,7.936750073859052,W
2025,1,401752936,California,Oregon State,34.0,15.0,30.594,25.658,-4.937,56.252,True,44.0,Over,51.5,OVER,4.75197454714845,L
2025,1,401752947,Idaho,Washington State,10.0,13.0,27.863,33.317,5.455,61.18,False,44.0,Spread,-16.5,AWAY,11.045476671256338,W
2025,1,401752947,Idaho,Washington State,10.0,13.0,27.863,33.317,5.455,61.18,False,44.0,Over,50.5,OVER,10.679994453626605,L
2025,1,401754373,East Carolina,NC State,17.0,24.0,29.185,35.657,6.472,64.842,True,44.0,Spread,-12.5,AWAY,6.028225089513736,W
2025,1,401754373,East Carolina,NC State,17.0,24.0,29.185,35.657,6.472,64.842,True,44.0,Over,58.5,OVER,6.34218268771636,L
2025,1,401754374,Kennesaw State,Wake Forest,9.0,10.0,15.374,33.595,18.221,48.969,True,44.0,Spread,-17.5,HOME,0.7208785472538217,L
2025,1,401754374,Kennesaw State,Wake Forest,9.0,10.0,15.374,33.595,18.221,48.969,True,44.0,Under,51.5,UNDER,2.5311121559271044,W
2025,1,401754375,Georgia Tech,Colorado,27.0,20.0,22.662,35.42,12.758,58.082,True,44.0,Spread,4.0,HOME,16.7580088321112,L
2025,1,401754375,Georgia Tech,Colorado,27.0,20.0,22.662,35.42,12.758,58.082,True,44.0,Over,55.5,OVER,2.58220992480139,L
2025,1,401754516,Stanford,Hawai'i,20.0,23.0,25.141,28.503,3.362,53.644,True,44.0,Spread,-1.5,HOME,1.861670220734183,W
2025,1,401754516,Stanford,Hawai'i,20.0,23.0,25.141,28.503,3.362,53.644,True,44.0,Over,53.5,OVER,0.1442635701406374,L
2025,1,401754517,Elon,Duke,17.0,45.0,3.0,27.048,24.048,30.048,False,44.0,Under,50.5,UNDER,20.452131534440117,L
2025,1,401754518,Fordham,Boston College,10.0,66.0,8.341,37.971,29.631,46.312,False,44.0,Spread,-34.5,AWAY,4.8693130930978725,L
2025,1,401754518,Fordham,Boston College,10.0,66.0,8.341,37.971,29.631,46.312,False,44.0,Under,52.5,UNDER,6.187729954397696,L
2025,1,401754519,Eastern Kentucky,Louisville,17.0,51.0,3.0,57.389,54.389,60.389,False,44.0,Spread,-37.5,HOME,16.889188332602046,L
2025,1,401754519,Eastern Kentucky,Louisville,17.0,51.0,3.0,57.389,54.389,60.389,False,44.0,Over,57.5,OVER,2.889188332602046,W
2025,1,401754520,Duquesne,Pittsburgh,9.0,61.0,3.648,48.804,45.156,52.451,False,44.0,Spread,-39.5,HOME,5.65590571016169,W
2025,1,401754520,Duquesne,Pittsburgh,9.0,61.0,3.648,48.804,45.156,52.451,False,44.0,Under,58.5,UNDER,6.048577568282113,L
2025,1,401754521,East Texas AandM,SMU,13.0,42.0,3.0,58.488,55.488,61.488,False,44.0,Spread,-50.5,HOME,4.987693543243054,L
2025,1,401754521,East Texas AandM,SMU,13.0,42.0,3.0,58.488,55.488,61.488,False,44.0,Under,64.5,UNDER,3.0123064567569457,W
2025,1,401754522,Notre Dame,Miami,24.0,27.0,38.761,39.037,0.276,77.797,True,44.0,Spread,2.5,HOME,2.7757139027637976,W
2025,1,401754522,Notre Dame,Miami,24.0,27.0,38.761,39.037,0.276,77.797,True,44.0,Over,53.5,OVER,24.297425856793268,L
2025,1,401754523,TCU,North Carolina,48.0,14.0,37.825,34.331,-3.494,72.156,True,44.0,Spread,3.0,AWAY,0.49434408149826936,W
2025,1,401754523,TCU,North Carolina,48.0,14.0,37.825,34.331,-3.494,72.156,True,44.0,Over,59.5,OVER,12.656285525931509,W
2025,1,401754616,Coastal Carolina,Virginia,7.0,48.0,26.174,34.675,8.501,60.849,True,44.0,Spread,-12.5,AWAY,3.999138802130762,L
2025,1,401754616,Coastal Carolina,Virginia,7.0,48.0,26.174,34.675,8.501,60.849,True,44.0,Over,57.5,OVER,3.348515819023291,L
2025,1,401756846,Iowa State,Kansas State,24.0,21.0,30.519,29.279,-1.241,59.798,True,44.0,Spread,-3.5,AWAY,4.7409447028339144,W
2025,1,401756846,Iowa State,Kansas State,24.0,21.0,30.519,29.279,-1.241,59.798,True,44.0,Over,49.5,OVER,10.297969129800592,L
2025,1,401756847,Fresno State,Kansas,7.0,31.0,23.788,40.176,16.388,63.964,True,44.0,Spread,-14.0,HOME,2.3876841611394397,W
2025,1,401756847,Fresno State,Kansas,7.0,31.0,23.788,40.176,16.388,63.964,True,44.0,Over,51.5,OVER,12.4642355385946,L
2025,1,401756848,Jacksonville State,UCF,10.0,17.0,33.092,42.813,9.722,75.905,True,44.0,Spread,-16.5,AWAY,6.778276021417952,W
2025,1,401756848,Jacksonville State,UCF,10.0,17.0,33.092,42.813,9.722,75.905,True,44.0,Over,53.5,OVER,22.404754103710374,L
2025,1,401756849,Hawai'i,Arizona,6.0,40.0,21.75,29.913,8.163,51.663,True,44.0,Spread,-13.5,AWAY,5.337281966573812,L
2025,1,401756849,Hawai'i,Arizona,6.0,40.0,21.75,29.913,8.163,51.663,True,44.0,Under,55.5,UNDER,3.8371869915549155,W
2025,1,401756850,Northern Arizona,Arizona State,19.0,38.0,10.774,40.661,29.887,51.435,False,44.0,Spread,-29.5,HOME,0.38712508012844893,L
2025,1,401756850,Northern Arizona,Arizona State,19.0,38.0,10.774,40.661,29.887,51.435,False,44.0,Under,52.5,UNDER,1.0653783392043508,L
2025,1,401756851,Portland State,BYU,0.0,69.0,16.655,64.511,47.856,81.166,False,44.0,Spread,-44.5,HOME,3.3564182219711327,W
2025,1,401756851,Portland State,BYU,0.0,69.0,16.655,64.511,47.856,81.166,False,44.0,Over,62.5,OVER,18.665674063150732,W
2025,1,401756852,Stephen F. Austin,Houston,0.0,27.0,4.072,21.923,17.851,25.995,False,44.0,Spread,-23.5,AWAY,5.648968925220807,L
2025,1,401756852,Stephen F. Austin,Houston,0.0,27.0,4.072,21.923,17.851,25.995,False,44.0,Under,54.5,UNDER,28.50501940100331,W
2025,1,401756853,South Dakota,Iowa State,7.0,55.0,17.379,40.618,23.239,57.997,False,44.0,Spread,-13.5,HOME,9.739099798281373,W
2025,1,401756853,South Dakota,Iowa State,7.0,55.0,17.379,40.618,23.239,57.997,False,44.0,Over,47.5,OVER,10.496791658251396,W
2025,1,401756854,Wagner,Kansas,7.0,46.0,5.201,53.873,48.672,59.074,False,44.0,Spread,-45.5,HOME,3.172064990010405,L
2025,1,401756854,Wagner,Kansas,7.0,46.0,5.201,53.873,48.672,59.074,False,44.0,Over,57.5,OVER,1.5737036773307054,L
2025,1,401756855,North Dakota,Kansas State,35.0,38.0,12.886,33.696,20.81,46.582,False,44.0,Spread,-27.5,AWAY,6.690268241521224,W
2025,1,401756855,North Dakota,Kansas State,35.0,38.0,12.886,33.696,20.81,46.582,False,44.0,Under,55.5,UNDER,8.917564983006272,L
2025,1,401756876,UT Martin,Oklahoma State,7.0,27.0,20.54,34.219,13.679,54.759,False,44.0,Under,56.5,UNDER,1.7408033631275401,W
2025,1,401756877,Arkansas-Pine Bluff,Texas Tech,7.0,67.0,8.534,59.404,50.87,67.937,False,44.0,Over,62.5,OVER,5.437327909801851,W
2025,1,401756878,Robert Morris,West Virginia,3.0,45.0,14.604,44.795,30.19,59.399,False,44.0,Spread,-43.5,AWAY,13.309641531855831,W
2025,1,401756878,Robert Morris,West Virginia,3.0,45.0,14.604,44.795,30.19,59.399,False,44.0,Over,58.5,OVER,0.898772453795786,L
2025,1,401757167,Central Connecticut,UConn,13.0,59.0,4.499,43.779,39.28,48.278,False,44.0,Spread,-29.5,HOME,9.779718146830334,W
2025,1,401757167,Central Connecticut,UConn,13.0,59.0,4.499,43.779,39.28,48.278,False,44.0,Under,51.5,UNDER,3.2224550106126344,L
2025,1,401757218,Sam Houston,Western Kentucky,24.0,41.0,21.373,24.432,3.058,45.805,True,44.0,Spread,-9.5,AWAY,6.441536837450386,L
2025,1,401757218,Sam Houston,Western Kentucky,24.0,41.0,21.373,24.432,3.058,45.805,True,44.0,Under,60.5,UNDER,14.695340725031585,L
2025,1,401757219,Delaware State,Delaware,17.0,35.0,14.62,37.393,22.773,52.013,False,44.0,Spread,-30.5,AWAY,7.727079364863471,W
2025,1,401757219,Delaware State,Delaware,17.0,35.0,14.62,37.393,22.773,52.013,False,44.0,Under,55.5,UNDER,3.4866077842191743,W
2025,1,401757220,Maine,Liberty,7.0,28.0,17.43,47.686,30.257,65.116,False,44.0,Spread,-25.5,HOME,4.75659089978717,L
2025,1,401757220,Maine,Liberty,7.0,28.0,17.43,47.686,30.257,65.116,False,44.0,Over,50.5,OVER,14.616058209125086,L
2025,1,401757221,SE Louisiana,Louisiana Tech,0.0,24.0,3.0,36.148,33.148,39.148,False,44.0,Spread,-14.5,HOME,18.647652077147654,W
2025,1,401757221,SE Louisiana,Louisiana Tech,0.0,24.0,3.0,36.148,33.148,39.148,False,44.0,Under,50.5,UNDER,11.352347922852346,W
2025,1,401757222,Austin Peay,Middle Tennessee,34.0,14.0,19.108,35.616,16.509,54.724,False,44.0,Spread,-16.5,HOME,0.008640643534675974,L
2025,1,401757222,Austin Peay,Middle Tennessee,34.0,14.0,19.108,35.616,16.509,54.724,False,44.0,Over,53.5,OVER,1.223764540535356,L
2025,1,401757223,Bryant,New Mexico State,3.0,19.0,33.374,25.173,-8.201,58.546,False,44.0,Spread,-19.5,AWAY,27.70125377012947,W
2025,1,401757223,Bryant,New Mexico State,3.0,19.0,33.374,25.173,-8.201,58.546,False,44.0,Over,52.5,OVER,6.04628447091072,L
2025,1,401757224,UNLV,Sam Houston,38.0,21.0,27.36,15.133,-12.226,42.493,True,44.0,Spread,13.5,HOME,1.2735707011206774,L
2025,1,401757224,UNLV,Sam Houston,38.0,21.0,27.36,15.133,-12.226,42.493,True,44.0,Under,58.5,UNDER,16.006634279810868,L
2025,1,401757225,UTEP,Utah State,16.0,28.0,24.459,38.535,14.076,62.994,True,44.0,Spread,-3.5,HOME,10.575833537033866,W
2025,1,401757225,UTEP,Utah State,16.0,28.0,24.459,38.535,14.076,62.994,True,44.0,Over,59.5,OVER,3.4941925085826924,L
2025,1,401757226,North Alabama,Western Kentucky,6.0,55.0,7.408,38.485,31.076,45.893,False,44.0,Spread,-27.5,HOME,3.576474316341308,W
2025,1,401757226,North Alabama,Western Kentucky,6.0,55.0,7.408,38.485,31.076,45.893,False,44.0,Under,60.5,UNDER,14.606875683693104,L
2025,1,401760357,Stony Brook,San Diego State,0.0,42.0,13.936,38.729,24.793,52.666,False,44.0,Under,53.5,UNDER,0.8341952528185601,W
2025,1,401760358,Central Michigan,San José State,16.0,14.0,17.488,29.85,12.362,47.338,True,44.0,Spread,-11.5,HOME,0.8621212876844382,L
2025,1,401760358,Central Michigan,San José State,16.0,14.0,17.488,29.85,12.362,47.338,True,44.0,Under,50.5,UNDER,3.1623703172576896,W
2025,1,401760359,Bucknell,Air Force,13.0,49.0,20.801,35.973,15.172,56.774,False,44.0,Spread,-30.5,AWAY,15.32813808567127,L
2025,1,401760359,Bucknell,Air Force,13.0,49.0,20.801,35.973,15.172,56.774,False,44.0,Over,53.5,OVER,3.274252586368206,W
2025,1,401760361,Georgia Southern,Fresno State,14.0,42.0,24.022,28.466,4.445,52.488,True,44.0,Spread,-2.5,HOME,1.944904328143032,W
2025,1,401760361,Georgia Southern,Fresno State,14.0,42.0,24.022,28.466,4.445,52.488,True,44.0,Under,54.5,UNDER,2.01206451870749,L
2025,1,401760371,Idaho State,UNLV,31.0,38.0,14.112,53.162,39.05,67.273,False,44.0,Spread,-30.5,HOME,8.550074340230921,L
2025,1,401760371,Idaho State,UNLV,31.0,38.0,14.112,53.162,39.05,67.273,False,44.0,Under,67.5,UNDER,0.22650516961387268,L
2025,1,401761588,Saint Francis,UL Monroe,0.0,29.0,11.156,31.963,20.806,43.119,False,44.0,Spread,-30.5,AWAY,9.693684496365037,W
2025,1,401761588,Saint Francis,UL Monroe,0.0,29.0,11.156,31.963,20.806,43.119,False,44.0,Under,47.5,UNDER,4.381218229824071,W
2025,1,401761589,App State,Charlotte,34.0,11.0,35.307,32.913,-2.394,68.219,True,44.0,Spread,8.5,HOME,6.105843327311561,L
2025,1,401761589,App State,Charlotte,34.0,11.0,35.307,32.913,-2.394,68.219,True,44.0,Over,53.5,OVER,14.719329805922342,L
2025,1,401761590,Weber State,James Madison,10.0,45.0,6.349,38.497,32.148,44.846,False,44.0,Spread,-27.5,HOME,4.6482090869589,W
2025,1,401761590,Weber State,James Madison,10.0,45.0,6.349,38.497,32.148,44.846,False,44.0,Under,54.5,UNDER,9.65375712303873,L
2025,1,401761591,Southeast Missouri State,Arkansas State,24.0,42.0,17.156,33.528,16.372,50.684,False,44.0,Spread,-15.5,HOME,0.8718485479133378,W
2025,1,401761591,Southeast Missouri State,Arkansas State,24.0,42.0,17.156,33.528,16.372,50.684,False,44.0,Under,59.5,UNDER,8.815924030098394,L
2025,1,401761592,Rice,Louisiana,14.0,12.0,20.993,34.039,13.046,55.032,True,44.0,Spread,-14.5,AWAY,1.4543444740354552,W
2025,1,401761592,Rice,Louisiana,14.0,12.0,20.993,34.039,13.046,55.032,True,44.0,Over,49.5,OVER,5.531990705159984,L
2025,1,401761593,Morgan State,South Alabama,21.0,38.0,15.698,31.498,15.8,47.196,False,44.0,Spread,-28.5,AWAY,12.700077383722006,W
2025,1,401761593,Morgan State,South Alabama,21.0,38.0,15.698,31.498,15.8,47.196,False,44.0,Under,50.5,UNDER,3.3035317684549312,L
2025,1,401761594,Eastern Michigan,Texas State,27.0,52.0,21.844,41.279,19.434,63.123,True,44.0,Spread,-14.0,HOME,5.434477770571949,W
2025,1,401761594,Eastern Michigan,Texas State,27.0,52.0,21.844,41.279,19.434,63.123,True,44.0,Over,58.5,OVER,4.6225779344466815,W
2025,1,401761595,Nicholls,Troy,20.0,38.0,17.042,26.135,9.092,43.177,False,44.0,Spread,-16.5,AWAY,7.407565056268986,L
2025,1,401761595,Nicholls,Troy,20.0,38.0,17.042,26.135,9.092,43.177,False,44.0,Under,46.5,UNDER,3.3234015173271203,L
2025,1,401762430,Alabama State,UAB,42.0,52.0,31.599,32.893,1.294,64.491,False,44.0,Spread,-21.5,AWAY,20.206289322895728,W
2025,1,401762430,Alabama State,UAB,42.0,52.0,31.599,32.893,1.294,64.491,False,44.0,Over,53.5,OVER,10.9913366726244,W
2025,1,401762432,Tarleton State,Army,30.0,27.0,11.144,51.136,39.992,62.28,False,44.0,Spread,-14.5,HOME,25.492433880375252,L
2025,1,401762432,Tarleton State,Army,30.0,27.0,11.144,51.136,39.992,62.28,False,44.0,Over,47.5,OVER,14.779620035611565,W
2025,1,401762433,Chattanooga,Memphis,10.0,45.0,12.807,42.491,29.683,55.298,False,44.0,Spread,-30.5,AWAY,0.8165880151359666,L
2025,1,401762433,Chattanooga,Memphis,10.0,45.0,12.807,42.491,29.683,55.298,False,44.0,Under,55.5,UNDER,0.2021999236996379,W
2025,1,401762434,VMI,Navy,7.0,52.0,8.41,53.953,45.544,62.363,False,44.0,Spread,-42.5,HOME,3.0437713759513514,W
2025,1,401762434,VMI,Navy,7.0,52.0,8.41,53.953,45.544,62.363,False,44.0,Over,54.5,OVER,7.8629464659924935,W
2025,1,401762435,Lamar,North Texas,0.0,51.0,32.866,35.717,2.851,68.582,False,44.0,Spread,-27.5,AWAY,24.649228203086764,L
2025,1,401762435,Lamar,North Texas,0.0,51.0,32.866,35.717,2.851,68.582,False,44.0,Over,62.5,OVER,6.082435599665786,L
2025,1,401762456,Temple,Massachusetts,42.0,10.0,25.158,29.956,4.798,55.115,True,44.0,Spread,3.0,HOME,7.798004523284561,L
2025,1,401762456,Temple,Massachusetts,42.0,10.0,25.158,29.956,4.798,55.115,True,44.0,Over,51.5,OVER,3.6148410184269437,W
2025,1,401762457,Abilene Christian,Tulsa,7.0,35.0,58.764,33.748,-25.015,92.512,False,44.0,Spread,-5.5,AWAY,30.5153493824037,L
2025,1,401762457,Abilene Christian,Tulsa,7.0,35.0,58.764,33.748,-25.015,92.512,False,44.0,Over,59.5,OVER,33.01226161100095,L
2025,1,401762522,Boise State,South Florida,7.0,34.0,36.898,29.033,-7.864,65.931,True,44.0,Spread,8.5,HOME,0.6355321649043333,W
2025,1,401762522,Boise State,South Florida,7.0,34.0,36.898,29.033,-7.864,65.931,True,44.0,Over,63.5,OVER,2.4305913485860344,L
2025,1,401762789,Wyoming,Akron,10.0,0.0,17.746,20.594,2.848,38.341,True,44.0,Spread,8.5,HOME,11.347663564413857,L
2025,1,401762789,Wyoming,Akron,10.0,0.0,17.746,20.594,2.848,38.341,True,44.0,Under,49.5,UNDER,11.159443926517255,W
2025,1,401762790,Lafayette,Bowling Green,7.0,26.0,11.169,33.556,22.386,44.725,False,44.0,Spread,-21.5,HOME,0.8861536782033745,L
2025,1,401762790,Lafayette,Bowling Green,7.0,26.0,11.169,33.556,22.386,44.725,False,44.0,Under,53.5,UNDER,8.774993994491112,W
2025,1,401762791,Miami (OH),Wisconsin,0.0,17.0,17.352,25.232,7.88,42.584,True,44.0,Spread,-17.5,AWAY,9.61979718830068,W
2025,1,401762791,Miami (OH),Wisconsin,0.0,17.0,17.352,25.232,7.88,42.584,True,44.0,Over,40.5,OVER,2.0844849427963226,L
2025,1,401762792,Merrimack,Kent State,17.0,21.0,22.089,28.812,6.723,50.901,False,44.0,Spread,-5.5,HOME,1.2228925025312662,L
2025,1,401762792,Merrimack,Kent State,17.0,21.0,22.089,28.812,6.723,50.901,False,44.0,Over,50.5,OVER,0.4011631964691844,L
2025,1,401762793,Holy Cross,Northern Illinois,17.0,19.0,9.941,33.008,23.067,42.949,False,44.0,Spread,-13.5,HOME,9.56677730663242,L
2025,1,401762793,Holy Cross,Northern Illinois,17.0,19.0,9.941,33.008,23.067,42.949,False,44.0,Under,48.5,UNDER,5.551266939630409,W
2025,1,401766898,Bethune-Cookman,Florida International,9.0,42.0,10.329,42.555,32.226,52.884,False,44.0,Spread,-26.5,HOME,5.726362265625426,W
2025,1,401766898,Bethune-Cookman,Florida International,9.0,42.0,10.329,42.555,32.226,52.884,False,44.0,Under,54.5,UNDER,1.6163717307872503,W
2025,1,401769070,Miami,Ohio State,24.0,14.0,36.592,45.259,8.667,81.851,True,44.0,Spread,-7.5,HOME,1.1669215995081146,L
2025,1,401769070,Miami,Ohio State,24.0,14.0,36.592,45.259,8.667,81.851,True,44.0,Over,39.5,OVER,42.351370494034,L
2025,1,401769071,Oregon,Texas Tech,23.0,0.0,46.021,34.392,-11.629,80.413,True,44.0,Spread,-1.5,AWAY,13.129060584045433,W
2025,1,401769071,Oregon,Texas Tech,23.0,0.0,46.021,34.392,-11.629,80.413,True,44.0,Over,50.5,OVER,29.91341101816144,L
2025,1,401769072,Alabama,Indiana,3.0,38.0,26.298,29.011,2.713,55.309,True,44.0,Spread,-7.5,AWAY,4.786716682034637,L
2025,1,401769072,Alabama,Indiana,3.0,38.0,26.298,29.011,2.713,55.309,True,44.0,Over,46.5,OVER,8.808967785507974,L
2025,1,401769073,Ole Miss,Georgia,39.0,34.0,27.739,22.26,-5.479,49.998,True,44.0,Spread,-6.0,AWAY,11.47899686179435,W
2025,1,401769073,Ole Miss,Georgia,39.0,34.0,27.739,22.26,-5.479,49.998,True,44.0,Under,53.5,UNDER,3.501794559483926,L
2025,1,401769074,Oregon,Indiana,22.0,56.0,32.659,34.85,2.191,67.509,True,44.0,Spread,-3.0,AWAY,0.8092732468615225,L
2025,1,401769074,Oregon,Indiana,22.0,56.0,32.659,34.85,2.191,67.509,True,44.0,Over,50.5,OVER,17.008690003556666,W
2025,1,401769075,Miami,Ole Miss,31.0,27.0,36.653,41.613,4.961,78.266,True,44.0,Spread,3.0,HOME,7.960630261375115,L
2025,1,401769075,Miami,Ole Miss,31.0,27.0,36.653,41.613,4.961,78.266,True,44.0,Over,52.5,OVER,25.765665323473996,W
2025,1,401769076,Miami,Indiana,21.0,27.0,40.412,44.679,4.266,85.091,True,44.0,Spread,-7.5,AWAY,3.2335681875177187,W
2025,1,401769076,Miami,Indiana,21.0,27.0,40.412,44.679,4.266,85.091,True,44.0,Over,46.5,OVER,38.590615485150536,W
2025,1,401778302,Boise State,Washington,10.0,38.0,35.489,29.817,-5.672,65.305,True,44.0,Spread,-10.0,AWAY,15.671993236027802,L
2025,1,401778302,Boise State,Washington,10.0,38.0,35.489,29.817,-5.672,65.305,True,44.0,Over,55.5,OVER,9.805139085530072,L
2025,1,401778303,Troy,Jacksonville State,13.0,17.0,33.814,41.49,7.675,75.304,True,44.0,Spread,-3.5,HOME,4.175498613586953,W
2025,1,401778303,Troy,Jacksonville State,13.0,17.0,33.814,41.49,7.675,75.304,True,44.0,Over,47.5,OVER,27.803896025346404,L
2025,1,401778304,Old Dominion,South Florida,24.0,10.0,31.086,29.328,-1.758,60.414,True,44.0,Spread,-4.0,AWAY,5.758457492630022,W
2025,1,401778304,Old Dominion,South Florida,24.0,10.0,31.086,29.328,-1.758,60.414,True,44.0,Over,52.5,OVER,7.91392809012018,L
2025,1,401778305,Louisiana,Delaware,13.0,20.0,38.018,31.009,-7.009,69.026,True,44.0,Spread,1.5,AWAY,5.508823895121466,L
2025,1,401778305,Louisiana,Delaware,13.0,20.0,38.018,31.009,-7.009,69.026,True,44.0,Over,60.5,OVER,8.52640236213071,L
2025,1,401778306,Kennesaw State,Western Michigan,6.0,41.0,22.043,35.259,13.216,57.303,True,44.0,Spread,-3.5,HOME,9.715712658211494,W
2025,1,401778306,Kennesaw State,Western Michigan,6.0,41.0,22.043,35.259,13.216,57.303,True,44.0,Over,47.5,OVER,9.802674101798168,L
2025,1,401778307,Memphis,NC State,7.0,31.0,38.979,33.286,-5.693,72.266,True,44.0,Spread,-3.5,AWAY,9.192931064516827,L
2025,1,401778307,Memphis,NC State,7.0,31.0,38.979,33.286,-5.693,72.266,True,44.0,Over,56.5,OVER,15.765662630158431,L
2025,1,401778308,Washington State,Utah State,34.0,21.0,50.717,40.708,-10.009,91.425,True,44.0,Spread,-1.5,AWAY,11.509122298699637,W
2025,1,401778308,Washington State,Utah State,34.0,21.0,50.717,40.708,-10.009,91.425,True,44.0,Over,50.5,OVER,40.92510403407144,W
2025,1,401778309,Toledo,Louisville,22.0,27.0,19.942,34.436,14.494,54.379,True,44.0,Spread,-12.5,HOME,1.993811550415657,L
2025,1,401778309,Toledo,Louisville,22.0,27.0,19.942,34.436,14.494,54.379,True,44.0,Over,44.5,OVER,9.878652079357167,W
2025,1,401778310,Western Kentucky,Southern Miss,27.0,16.0,33.668,16.826,-16.841,50.494,True,44.0,Spread,-3.0,AWAY,19.84140443718348,W
2025,1,401778310,Western Kentucky,Southern Miss,27.0,16.0,33.668,16.826,-16.841,50.494,True,44.0,Under,59.5,UNDER,9.006231843342476,W
2025,1,401778311,UNLV,Ohio,10.0,17.0,27.696,24.106,-3.59,51.803,True,44.0,Spread,6.5,HOME,2.909940394224911,W
2025,1,401778311,UNLV,Ohio,10.0,17.0,27.696,24.106,-3.59,51.803,True,44.0,Under,64.5,UNDER,12.697411122360428,W
2025,1,401778312,California,Hawai'i,31.0,35.0,24.479,19.48,-5.0,43.959,True,44.0,Spread,-1.5,AWAY,6.49950191256108,L
2025,1,401778312,California,Hawai'i,31.0,35.0,24.479,19.48,-5.0,43.959,True,44.0,Under,50.5,UNDER,6.540604083108356,L
2025,1,401778313,Central Michigan,Northwestern,7.0,34.0,13.376,21.873,8.497,35.249,True,44.0,Spread,-13.5,AWAY,5.003285775608104,L
2025,1,401778313,Central Michigan,Northwestern,7.0,34.0,13.376,21.873,8.497,35.249,True,44.0,Under,43.5,UNDER,8.250737988539015,W
2025,1,401778315,Florida International,UTSA,20.0,57.0,19.762,23.395,3.633,43.156,True,44.0,Spread,-7.0,AWAY,3.3670786959176837,L
2025,1,401778315,Florida International,UTSA,20.0,57.0,19.762,23.395,3.633,43.156,True,44.0,Under,62.5,UNDER,19.34387392714821,L
2025,1,401778316,Pittsburgh,East Carolina,17.0,23.0,30.624,24.458,-6.166,55.082,True,44.0,Spread,12.5,HOME,6.334205589612729,W
2025,1,401778316,Pittsburgh,East Carolina,17.0,23.0,30.624,24.458,-6.166,55.082,True,44.0,Over,51.5,OVER,3.582186405239355,L
2025,1,401778317,Penn State,Clemson,22.0,10.0,34.18,28.102,-6.078,62.282,True,44.0,Spread,-2.5,AWAY,8.577892220242006,W
2025,1,401778317,Penn State,Clemson,22.0,10.0,34.18,28.102,-6.078,62.282,True,44.0,Over,47.5,OVER,14.781810354388085,L
2025,1,401778318,UConn,Army,16.0,41.0,25.573,31.958,6.385,57.531,True,44.0,Spread,-8.5,AWAY,2.1146377796501596,L
2025,1,401778318,UConn,Army,16.0,41.0,25.573,31.958,6.385,57.531,True,44.0,Over,41.5,OVER,16.03059260201971,W
2025,1,401778319,Georgia Tech,BYU,21.0,25.0,24.998,33.11,8.112,58.109,True,44.0,Spread,-3.5,HOME,4.6118134635391606,W
2025,1,401778319,Georgia Tech,BYU,21.0,25.0,24.998,33.11,8.112,58.109,True,44.0,Over,54.5,OVER,3.6087085255139186,L
2025,1,401778320,Miami (OH),Fresno State,3.0,18.0,21.033,16.845,-4.187,37.878,True,44.0,Spread,-5.5,AWAY,9.687372082930438,L
2025,1,401778320,Miami (OH),Fresno State,3.0,18.0,21.033,16.845,-4.187,37.878,True,44.0,Under,40.5,UNDER,2.6220181300976435,W
2025,1,401778321,North Texas,San Diego State,49.0,47.0,38.352,29.588,-8.764,67.94,True,44.0,Spread,7.5,AWAY,1.2636340675275193,L
2025,1,401778321,North Texas,San Diego State,49.0,47.0,38.352,29.588,-8.764,67.94,True,44.0,Over,54.5,OVER,13.44038268145458,W
2025,1,401778322,Virginia,Missouri,13.0,7.0,19.386,30.636,11.25,50.022,True,44.0,Spread,-4.0,HOME,7.250432279064924,L
2025,1,401778322,Virginia,Missouri,13.0,7.0,19.386,30.636,11.25,50.022,True,44.0,Over,43.5,OVER,6.521572433015919,L
2025,1,401778323,LSU,Houston,35.0,38.0,24.72,9.938,-14.782,34.658,True,44.0,Spread,-1.5,AWAY,16.282381675854722,L
2025,1,401778323,LSU,Houston,35.0,38.0,24.72,9.938,-14.782,34.658,True,44.0,Under,43.5,UNDER,8.842374295910261,L
2025,1,401778324,Georgia Southern,App State,29.0,10.0,41.896,35.886,-6.01,77.783,True,44.0,Spread,10.0,HOME,3.9899511592999204,L
2025,1,401778324,Georgia Southern,App State,29.0,10.0,41.896,35.886,-6.01,77.783,True,44.0,Over,57.5,OVER,20.2825465993501,L
2025,1,401778325,Coastal Carolina,Louisiana Tech,14.0,23.0,21.178,19.966,-1.211,41.144,True,44.0,Spread,-10.0,AWAY,11.211145712274018,W
2025,1,401778325,Coastal Carolina,Louisiana Tech,14.0,23.0,21.178,19.966,-1.211,41.144,True,44.0,Under,51.5,UNDER,10.356053119443729,W
2025,1,401778326,Tennessee,Illinois,28.0,30.0,32.991,24.784,-8.207,57.775,True,44.0,Spread,3.0,AWAY,5.207487073298395,L
2025,1,401778326,Tennessee,Illinois,28.0,30.0,32.991,24.784,-8.207,57.775,True,44.0,Under,62.5,UNDER,4.725272694819708,W
2025,1,401778327,USC,TCU,27.0,30.0,39.317,36.546,-2.771,75.863,True,44.0,Spread,4.5,HOME,1.729495615426373,W
2025,1,401778327,USC,TCU,27.0,30.0,39.317,36.546,-2.771,75.863,True,44.0,Over,56.5,OVER,19.362795996579166,W
2025,1,401778328,Iowa,Vanderbilt,34.0,27.0,28.573,23.692,-4.881,52.265,True,44.0,Spread,-3.0,AWAY,7.880876270668594,W
2025,1,401778328,Iowa,Vanderbilt,34.0,27.0,28.573,23.692,-4.881,52.265,True,44.0,Over,47.5,OVER,4.765485208144966,W
2025,1,401778329,Arizona State,Duke,39.0,42.0,30.888,19.861,-11.028,50.749,True,44.0,Spread,-4.0,AWAY,15.027585419807593,W
2025,1,401778329,Arizona State,Duke,39.0,42.0,30.888,19.861,-11.028,50.749,True,44.0,Over,49.5,OVER,1.2487877317250309,W
2025,1,401778330,Michigan,Texas,27.0,41.0,11.372,23.319,11.947,34.691,True,44.0,Spread,-4.5,HOME,7.447105947395279,W
2025,1,401778330,Michigan,Texas,27.0,41.0,11.372,23.319,11.947,34.691,True,44.0,Under,50.5,UNDER,15.808877772984857,L
2025,1,401778331,Nebraska,Utah,22.0,44.0,12.258,10.503,-1.755,22.762,True,44.0,Spread,-13.5,AWAY,15.254815078568516,L
2025,1,401778331,Nebraska,Utah,22.0,44.0,12.258,10.503,-1.755,22.762,True,44.0,Under,51.5,UNDER,28.738293338408084,L
2025,1,401778332,Rice,Texas State,10.0,41.0,18.815,32.363,13.548,51.178,True,44.0,Spread,-19.5,AWAY,5.952456629138929,L
2025,1,401778332,Rice,Texas State,10.0,41.0,18.815,32.363,13.548,51.178,True,44.0,Under,55.5,UNDER,4.3224516255664085,W
2025,1,401778333,Navy,Cincinnati,35.0,13.0,29.851,29.219,-0.632,59.07,True,44.0,Spread,7.5,HOME,6.868123650539189,L
2025,1,401778333,Navy,Cincinnati,35.0,13.0,29.851,29.219,-0.632,59.07,True,44.0,Over,57.5,OVER,1.5697535596371495,L
2025,1,401778334,Wake Forest,Mississippi State,43.0,29.0,38.451,41.07,2.619,79.521,True,44.0,Spread,-3.0,AWAY,0.3812347124633675,W
2025,1,401778334,Wake Forest,Mississippi State,43.0,29.0,38.451,41.07,2.619,79.521,True,44.0,Over,52.5,OVER,27.02117756828001,W
2025,1,401779840,Alabama,Oklahoma,34.0,24.0,19.628,14.389,-5.24,34.017,True,44.0,Spread,-1.5,AWAY,6.739669974049464,W
2025,1,401779840,Alabama,Oklahoma,34.0,24.0,19.628,14.389,-5.24,34.017,True,44.0,Under,42.5,UNDER,8.482818510340039,L
2025,1,401779841,Miami,Texas AandM,10.0,3.0,40.027,40.676,0.649,80.702,True,44.0,Spread,-3.0,AWAY,2.35123695991156,W
2025,1,401779841,Miami,Texas AandM,10.0,3.0,40.027,40.676,0.649,80.702,True,44.0,Over,48.5,OVER,32.20241020532575,L
2025,1,401779842,Tulane,Ole Miss,10.0,41.0,20.755,38.201,17.447,58.956,True,44.0,Spread,-16.5,HOME,0.9467084731873392,W
2025,1,401779842,Tulane,Ole Miss,10.0,41.0,20.755,38.201,17.447,58.956,True,44.0,Over,57.5,OVER,1.4559618077325496,L
2025,1,401779843,James Madison,Oregon,34.0,51.0,17.935,36.219,18.284,54.154,True,44.0,Spread,-20.5,AWAY,2.216063286446328,W
2025,1,401779843,James Madison,Oregon,34.0,51.0,17.935,36.219,18.284,54.154,True,44.0,Over,47.5,OVER,6.654124110515895,W
2025,1,401831583,Arizona,SMU,19.0,24.0,17.992,36.667,18.675,54.659,True,44.0,Spread,-2.5,HOME,16.175188540345037,W
2025,1,401831583,Arizona,SMU,19.0,24.0,17.992,36.667,18.675,54.659,True,44.0,Under,55.5,UNDER,0.8407657778209057,W
2025,1,401838053,Missouri State,Arkansas State,28.0,34.0,41.526,48.042,6.516,89.569,True,44.0,Spread,-1.5,HOME,5.015850759474418,W
2025,1,401838053,Missouri State,Arkansas State,28.0,34.0,41.526,48.042,6.516,89.569,True,44.0,Over,55.5,OVER,34.06869354274309,W
2025,2,401752681,UL Monroe,Alabama,0.0,73.0,13.563,32.439,18.876,46.003,True,63.25,Spread,-34.5,AWAY,15.623986293280844,L
2025,2,401752681,UL Monroe,Alabama,0.0,73.0,13.563,32.439,18.876,46.003,True,63.25,Under,50.5,UNDER,4.497152324644254,L
2025,2,401752682,Arkansas State,Arkansas,14.0,56.0,25.132,41.97,16.838,67.103,True,57.1,Spread,-24.5,AWAY,7.66217138180167,L
2025,2,401752682,Arkansas State,Arkansas,14.0,56.0,25.132,41.97,16.838,67.103,True,57.1,Over,61.5,OVER,5.602688047995699,W
2025,2,401752683,Ball State,Auburn,3.0,42.0,19.34,42.934,23.594,62.273,True,60.2,Spread,-42.5,AWAY,18.906067261349733,W
2025,2,401752683,Ball State,Auburn,3.0,42.0,19.34,42.934,23.594,62.273,True,60.2,Over,52.5,OVER,9.773287064804649,L
2025,2,401752684,South Florida,Florida,18.0,16.0,17.047,34.041,16.994,51.087,True,60.15,Spread,-18.5,AWAY,1.5058883245473744,W
2025,2,401752684,South Florida,Florida,18.0,16.0,17.047,34.041,16.994,51.087,True,60.15,Under,58.5,UNDER,7.412690222578121,W
2025,2,401752685,Austin Peay,Georgia,6.0,28.0,8.257,52.737,44.479,60.994,False,63.25,Spread,-46.5,AWAY,2.020784518039548,W
2025,2,401752685,Austin Peay,Georgia,6.0,28.0,8.257,52.737,44.479,60.994,False,63.25,Over,56.5,OVER,4.49384152323826,L
2025,2,401752686,Ole Miss,Kentucky,30.0,23.0,30.469,18.462,-12.007,48.931,True,69.45,Spread,7.5,AWAY,4.5066520025384165,L
2025,2,401752686,Ole Miss,Kentucky,30.0,23.0,30.469,18.462,-12.007,48.931,True,69.45,Under,51.5,UNDER,2.5690046755998566,L
2025,2,401752687,Louisiana Tech,LSU,7.0,23.0,9.726,27.446,17.72,37.171,True,63.25,Spread,-36.5,AWAY,18.78026433305923,W
2025,2,401752687,Louisiana Tech,LSU,7.0,23.0,9.726,27.446,17.72,37.171,True,63.25,Under,49.5,UNDER,12.3285991102454,W
2025,2,401752688,Arizona State,Mississippi State,20.0,24.0,40.424,30.965,-9.459,71.389,True,63.25,Spread,5.5,AWAY,3.9588276499537898,L
2025,2,401752688,Arizona State,Mississippi State,20.0,24.0,40.424,30.965,-9.459,71.389,True,63.25,Over,58.5,OVER,12.888787081458986,L
2025,2,401752689,Kansas,Missouri,31.0,42.0,34.707,36.174,1.467,70.881,True,60.2,Spread,-7.0,AWAY,5.533181924490407,L
2025,2,401752690,Michigan,Oklahoma,13.0,24.0,10.929,13.597,2.667,24.526,True,63.25,Spread,-3.0,AWAY,0.33274692422145336,L
2025,2,401752690,Michigan,Oklahoma,13.0,24.0,10.929,13.597,2.667,24.526,True,63.25,Under,47.5,UNDER,22.97380852556048,W
2025,2,401752691,South Carolina State,South Carolina,10.0,38.0,3.0,43.627,40.627,46.627,False,57.1,Spread,-42.5,AWAY,1.8726239735745338,W
2025,2,401752691,South Carolina State,South Carolina,10.0,38.0,3.0,43.627,40.627,46.627,False,57.1,Under,54.5,UNDER,7.872623973574534,W
2025,2,401752692,East Tennessee State,Tennessee,17.0,72.0,3.0,51.309,48.309,54.309,False,60.15,Spread,-40.5,HOME,7.808634481380487,W
2025,2,401752692,East Tennessee State,Tennessee,17.0,72.0,3.0,51.309,48.309,54.309,False,60.15,Under,58.5,UNDER,4.191365518619513,L
2025,2,401752693,San José State,Texas,7.0,38.0,4.349,36.88,32.531,41.229,True,63.25,Spread,-36.5,AWAY,3.9685902068461587,W
2025,2,401752693,San José State,Texas,7.0,38.0,4.349,36.88,32.531,41.229,True,63.25,Under,52.5,UNDER,11.27109793083119,W
2025,2,401752694,Utah State,Texas AandM,22.0,44.0,23.817,48.847,25.03,72.665,True,66.3,Spread,-34.5,AWAY,9.469693091388763,W
2025,2,401752694,Utah State,Texas AandM,22.0,44.0,23.817,48.847,25.03,72.665,True,66.3,Over,57.5,OVER,15.164611127324875,W
2025,2,401752695,Vanderbilt,Virginia Tech,44.0,20.0,24.515,28.447,3.933,52.962,True,60.2,Spread,-2.5,HOME,1.432547046823096,L
2025,2,401752695,Vanderbilt,Virginia Tech,44.0,20.0,24.515,28.447,3.933,52.962,True,60.2,Over,46.5,OVER,6.462080057324222,W
2025,2,401752810,Akron,Nebraska,0.0,68.0,13.661,29.041,15.38,42.702,True,63.25,Spread,-33.5,AWAY,18.11995212007914,L
2025,2,401752810,Akron,Nebraska,0.0,68.0,13.661,29.041,15.38,42.702,True,63.25,Under,47.5,UNDER,4.79820100054647,L
2025,2,401752811,Florida International,Penn State,0.0,34.0,9.538,38.873,29.335,48.41,True,63.25,Spread,-41.5,AWAY,12.16496761049136,W
2025,2,401752811,Florida International,Penn State,0.0,34.0,9.538,38.873,29.335,48.41,True,63.25,Under,53.5,UNDER,5.089682401039283,W
2025,2,401752812,Kennesaw State,Indiana,9.0,56.0,6.346,50.046,43.7,56.393,True,72.5,Spread,-35.5,HOME,8.19979992029991,W
2025,2,401752812,Kennesaw State,Indiana,9.0,56.0,6.346,50.046,43.7,56.393,True,72.5,Over,51.5,OVER,4.892733526193112,W
2025,2,401752813,Northwestern State,Minnesota,0.0,66.0,6.052,58.948,52.896,65.0,False,60.15,Over,51.5,OVER,13.5,W
2025,2,401752814,Georgia Southern,USC,20.0,59.0,23.354,48.492,25.138,71.847,True,66.3,Spread,-28.5,AWAY,3.362172844324121,L
2025,2,401752814,Georgia Southern,USC,20.0,59.0,23.354,48.492,25.138,71.847,True,66.3,Over,62.5,OVER,9.346632125222456,W
2025,2,401752815,Grambling,Ohio State,0.0,70.0,3.0,51.413,48.413,54.413,False,60.15,Spread,-51.5,AWAY,3.087331134738214,L
2025,2,401752815,Grambling,Ohio State,0.0,70.0,3.0,51.413,48.413,54.413,False,60.15,Under,64.5,UNDER,10.087331134738214,L
2025,2,401752816,Boston College,Michigan State,40.0,42.0,20.427,22.399,1.973,42.826,True,57.1,Spread,-3.5,AWAY,1.527373001563511,W
2025,2,401752816,Boston College,Michigan State,40.0,42.0,20.427,22.399,1.973,42.826,True,57.1,Under,45.5,UNDER,2.6738300248533733,L
2025,2,401752817,Western Illinois,Northwestern,7.0,42.0,18.327,47.38,29.053,65.706,False,63.25,Spread,-30.5,AWAY,1.447153185126833,L
2025,2,401752817,Western Illinois,Northwestern,7.0,42.0,18.327,47.38,29.053,65.706,False,63.25,Over,48.5,OVER,17.206341972401077,W
2025,2,401752818,Miami (OH),Rutgers,17.0,45.0,20.941,32.755,11.814,53.697,True,63.25,Spread,-15.5,AWAY,3.6859185608520484,L
2025,2,401752818,Miami (OH),Rutgers,17.0,45.0,20.941,32.755,11.814,53.697,True,63.25,Over,45.5,OVER,8.196512538533582,W
2025,2,401752819,Southern Illinois,Purdue,17.0,34.0,28.385,34.045,5.66,62.429,False,57.1,Spread,-22.5,AWAY,16.840292893815725,W
2025,2,401752819,Southern Illinois,Purdue,17.0,34.0,28.385,34.045,5.66,62.429,False,57.1,Over,52.5,OVER,9.929343205758556,L
2025,2,401752820,Middle Tennessee,Wisconsin,10.0,42.0,12.218,39.499,27.28,51.717,True,57.1,Spread,-28.5,AWAY,1.2197318990258168,L
2025,2,401752820,Middle Tennessee,Wisconsin,10.0,42.0,12.218,39.499,27.28,51.717,True,57.1,Over,44.5,OVER,7.216999665573709,W
2025,2,401752821,UC Davis,Washington,10.0,70.0,15.161,38.807,23.647,53.968,False,60.15,Spread,-29.5,AWAY,5.853413650240441,L
2025,2,401752821,UC Davis,Washington,10.0,70.0,15.161,38.807,23.647,53.968,False,60.15,Under,54.5,UNDER,0.5322274531808517,L
2025,2,401752822,Iowa,Iowa State,13.0,16.0,23.625,26.674,3.05,50.299,True,60.2,Spread,-1.5,HOME,1.5495982808035862,W
2025,2,401752823,UCLA,UNLV,23.0,30.0,17.472,29.11,11.637,46.582,True,63.25,Spread,2.5,HOME,14.137277755518461,W
2025,2,401752823,UCLA,UNLV,23.0,30.0,17.472,29.11,11.637,46.582,True,63.25,Under,54.5,UNDER,7.918163761969694,W
2025,2,401752824,Oklahoma State,Oregon,3.0,69.0,25.434,44.071,18.637,69.505,True,63.25,Spread,-28.5,AWAY,9.863284847886693,L
2025,2,401752824,Oklahoma State,Oregon,3.0,69.0,25.434,44.071,18.637,69.505,True,63.25,Over,55.5,OVER,14.00538710058575,W
2025,2,401752825,Illinois,Duke,45.0,19.0,23.996,24.374,0.379,48.37,True,60.2,Spread,2.5,HOME,2.8787414248268917,L
2025,2,401752825,Illinois,Duke,45.0,19.0,23.996,24.374,0.379,48.37,True,60.2,Under,49.5,UNDER,1.1301195668305652,L
2025,2,401752826,Northern Illinois,Maryland,9.0,20.0,17.984,23.761,5.777,41.746,True,57.1,Spread,-16.5,AWAY,10.72289339512404,W
2025,2,401752826,Northern Illinois,Maryland,9.0,20.0,17.984,23.761,5.777,41.746,True,57.1,Under,44.5,UNDER,2.754408285903878,W
2025,2,401752937,Fresno State,Oregon State,36.0,27.0,32.278,22.686,-9.592,54.965,True,66.35,Spread,-1.5,AWAY,11.09195178639634,W
2025,2,401752937,Fresno State,Oregon State,36.0,27.0,32.278,22.686,-9.592,54.965,True,66.35,Over,44.5,OVER,10.464903719368252,W
2025,2,401752948,San Diego State,Washington State,13.0,36.0,30.492,41.334,10.842,71.826,True,60.2,Spread,-2.5,HOME,8.341856832419367,W
2025,2,401752948,San Diego State,Washington State,13.0,36.0,30.492,41.334,10.842,71.826,True,60.2,Over,46.5,OVER,25.32566943111172,W
2025,2,401754524,Virginia,NC State,31.0,35.0,27.821,30.628,2.808,58.449,True,66.3,Spread,-2.5,HOME,0.3075391053185186,W
2025,2,401754524,Virginia,NC State,31.0,35.0,27.821,30.628,2.808,58.449,True,66.3,Over,52.5,OVER,5.948949136776434,W
2025,2,401754525,Baylor,SMU,48.0,45.0,24.994,40.217,15.223,65.211,True,60.2,Spread,-2.5,HOME,12.723322680540193,L
2025,2,401754525,Baylor,SMU,48.0,45.0,24.994,40.217,15.223,65.211,True,60.2,Under,65.5,UNDER,0.28948876921060673,L
2025,2,401754526,Stanford,BYU,3.0,27.0,15.588,39.31,23.723,54.898,True,60.2,Spread,-20.5,HOME,3.2225098558992116,W
2025,2,401754526,Stanford,BYU,3.0,27.0,15.588,39.31,23.723,54.898,True,60.2,Over,43.5,OVER,11.39795013085972,L
2025,2,401754527,North Carolina,Charlotte,20.0,3.0,33.836,24.204,-9.632,58.04,True,60.2,Spread,16.5,HOME,6.868316468947061,L
2025,2,401754527,North Carolina,Charlotte,20.0,3.0,33.836,24.204,-9.632,58.04,True,60.2,Over,49.5,OVER,8.540089518209541,L
2025,2,401754528,James Madison,Louisville,14.0,28.0,21.854,35.186,13.331,57.04,True,60.2,Spread,-15.5,AWAY,2.168761369930067,W
2025,2,401754528,James Madison,Louisville,14.0,28.0,21.854,35.186,13.331,57.04,True,60.2,Over,56.5,OVER,0.5401416077562544,L
2025,2,401754529,Central Michigan,Pittsburgh,17.0,45.0,9.373,39.368,29.995,48.74,True,63.25,Spread,-21.5,HOME,8.49533812269907,W
2025,2,401754529,Central Michigan,Pittsburgh,17.0,45.0,9.373,39.368,29.995,48.74,True,63.25,Over,48.5,OVER,0.24049866164772027,W
2025,2,401754530,Texas Southern,California,3.0,35.0,4.184,54.787,50.603,58.971,False,60.15,Spread,-44.5,HOME,6.103091989034283,L
2025,2,401754530,Texas Southern,California,3.0,35.0,4.184,54.787,50.603,58.971,False,60.15,Over,54.5,OVER,4.471184885027213,L
2025,2,401754618,UConn,Syracuse,20.0,27.0,30.931,36.665,5.735,67.596,True,60.2,Spread,-7.5,AWAY,1.7654576013835737,W
2025,2,401754618,UConn,Syracuse,20.0,27.0,30.931,36.665,5.735,67.596,True,60.2,Over,57.5,OVER,10.09636403123983,L
2025,2,401754620,Western Carolina,Wake Forest,10.0,42.0,25.593,40.492,14.899,66.085,False,60.15,Spread,-17.5,AWAY,2.600776603308855,L
2025,2,401754620,Western Carolina,Wake Forest,10.0,42.0,25.593,40.492,14.899,66.085,False,60.15,Over,59.5,OVER,6.584989614495981,L
2025,2,401754621,East Texas AandM,Florida State,3.0,77.0,3.0,33.889,30.889,36.889,False,60.2,Spread,-43.5,AWAY,12.610743532667072,L
2025,2,401754621,East Texas AandM,Florida State,3.0,77.0,3.0,33.889,30.889,36.889,False,60.2,Under,56.5,UNDER,19.610743532667072,L
2025,2,401754622,Gardner-Webb,Georgia Tech,12.0,59.0,15.175,30.857,15.682,46.032,False,60.15,Spread,-37.5,AWAY,21.818082225699833,L
2025,2,401754622,Gardner-Webb,Georgia Tech,12.0,59.0,15.175,30.857,15.682,46.032,False,60.15,Under,58.5,UNDER,12.46767475884839,L
2025,2,401754637,Troy,Clemson,16.0,27.0,25.08,40.235,15.155,65.315,True,63.25,Spread,-29.5,AWAY,14.344695282502542,W
2025,2,401754637,Troy,Clemson,16.0,27.0,25.08,40.235,15.155,65.315,True,63.25,Over,51.5,OVER,13.815390732054823,L
2025,2,401754641,Bethune-Cookman,Miami,3.0,45.0,3.675,61.602,57.927,65.277,False,72.5,Spread,-54.5,HOME,3.4269144216099647,L
2025,2,401754641,Bethune-Cookman,Miami,3.0,45.0,3.675,61.602,57.927,65.277,False,72.5,Over,64.5,OVER,0.7768240690910062,L
2025,2,401756879,Weber State,Arizona,3.0,48.0,4.426,35.124,30.698,39.55,False,63.25,Spread,-31.5,AWAY,0.8024163576194709,L
2025,2,401756879,Weber State,Arizona,3.0,48.0,4.426,35.124,30.698,39.55,False,63.25,Under,56.5,UNDER,16.95014416674504,W
2025,2,401756880,Bowling Green,Cincinnati,20.0,34.0,24.061,27.166,3.105,51.228,True,60.15,Spread,-21.5,AWAY,18.39459276797728,W
2025,2,401756880,Bowling Green,Cincinnati,20.0,34.0,24.061,27.166,3.105,51.228,True,60.15,Over,46.5,OVER,4.727575437932032,W
2025,2,401756881,Delaware,Colorado,7.0,31.0,16.743,33.47,16.727,50.213,True,60.2,Spread,-23.5,AWAY,6.773031458581414,L
2025,2,401756881,Delaware,Colorado,7.0,31.0,16.743,33.47,16.727,50.213,True,60.2,Over,49.5,OVER,0.7126531214110798,L
2025,2,401756882,Army,Kansas State,24.0,21.0,30.849,34.509,3.659,65.358,True,60.2,Spread,-16.5,AWAY,12.840683557803228,W
2025,2,401756882,Army,Kansas State,24.0,21.0,30.849,34.509,3.659,65.358,True,60.2,Over,48.5,OVER,16.857809762970902,L
2025,2,401756883,West Virginia,Ohio,10.0,17.0,30.314,36.651,6.337,66.965,True,60.15,Spread,3.5,HOME,9.83736628002788,W
2025,2,401756883,West Virginia,Ohio,10.0,17.0,30.314,36.651,6.337,66.965,True,60.15,Over,58.5,OVER,8.464984902027894,L
2025,2,401756884,Houston,Rice,35.0,9.0,11.164,6.992,-4.172,18.156,True,63.25,Spread,13.5,HOME,9.328015876719082,L
2025,2,401756884,Houston,Rice,35.0,9.0,11.164,6.992,-4.172,18.156,True,63.25,Under,38.5,UNDER,20.344279765270798,L
2025,2,401756885,Kent State,Texas Tech,14.0,62.0,17.338,45.159,27.821,62.498,True,57.1,Spread,-47.5,AWAY,19.678933624809087,L
2025,2,401756885,Kent State,Texas Tech,14.0,62.0,17.338,45.159,27.821,62.498,True,57.1,Over,59.5,OVER,2.9975853137444375,W
2025,2,401756886,North Carolina AandT,UCF,7.0,68.0,9.062,47.815,38.753,56.877,False,57.1,Spread,-37.0,HOME,1.7534994493845986,W
2025,2,401756886,North Carolina AandT,UCF,7.0,68.0,9.062,47.815,38.753,56.877,False,57.1,Over,51.5,OVER,5.377004407308341,W
2025,2,401756887,Cal Poly,Utah,9.0,63.0,3.0,48.507,45.507,51.507,False,60.15,Spread,-42.5,HOME,3.0068234120718387,W
2025,2,401756887,Cal Poly,Utah,9.0,63.0,3.0,48.507,45.507,51.507,False,60.15,Under,52.5,UNDER,0.9931765879281613,L
2025,2,401757227,Liberty,Jacksonville State,24.0,34.0,28.884,37.878,8.994,66.762,True,60.15,Spread,6.5,HOME,15.494084768240128,W
2025,2,401757227,Liberty,Jacksonville State,24.0,34.0,28.884,37.878,8.994,66.762,True,60.15,Over,50.5,OVER,16.262128417903824,W
2025,2,401757228,Missouri State,Marshall,21.0,20.0,31.363,51.918,20.555,83.281,True,63.25,Spread,-7.5,HOME,13.055431557043548,L
2025,2,401757228,Missouri State,Marshall,21.0,20.0,31.363,51.918,20.555,83.281,True,63.25,Over,53.5,OVER,29.78121191130232,L
2025,2,401757229,Tulsa,New Mexico State,14.0,21.0,31.675,37.511,5.837,69.186,True,54.0,Spread,3.5,HOME,9.33658350501926,W
2025,2,401757229,Tulsa,New Mexico State,14.0,21.0,31.675,37.511,5.837,69.186,True,54.0,Over,53.5,OVER,15.686237949884799,L
2025,2,401757230,Sam Houston,Hawai'i,20.0,37.0,18.467,23.619,5.152,42.086,True,69.4,Spread,-7.5,AWAY,2.347759997367554,L
2025,2,401757230,Sam Houston,Hawai'i,20.0,37.0,18.467,23.619,5.152,42.086,True,69.4,Under,48.5,UNDER,6.413904540254755,L
2025,2,401757231,UT Martin,UTEP,17.0,42.0,14.938,14.526,-0.412,29.463,False,60.2,Spread,-7.5,AWAY,7.91205141860987,L
2025,2,401757231,UT Martin,UTEP,17.0,42.0,14.938,14.526,-0.412,29.463,False,60.2,Under,49.5,UNDER,20.036875628526168,L
2025,2,401757232,Western Kentucky,Toledo,21.0,45.0,20.554,27.518,6.964,48.072,True,66.3,Spread,-7.5,AWAY,0.5364828291300796,L
2025,2,401757232,Western Kentucky,Toledo,21.0,45.0,20.554,27.518,6.964,48.072,True,66.3,Under,56.5,UNDER,8.427565320024662,L
2025,2,401760363,Eastern Washington,Boise State,14.0,51.0,24.48,60.936,36.456,85.416,False,60.15,Spread,-33.5,HOME,2.9557882643420186,W
2025,2,401760363,Eastern Washington,Boise State,14.0,51.0,24.48,60.936,36.456,85.416,False,60.15,Over,60.5,OVER,24.91614630569464,W
2025,2,401760364,Northern Colorado,Colorado State,17.0,21.0,15.284,35.514,20.23,50.798,False,57.1,Spread,-34.5,AWAY,14.269709337630967,W
2025,2,401760364,Northern Colorado,Colorado State,17.0,21.0,15.284,35.514,20.23,50.798,False,57.1,Under,52.5,UNDER,1.7016344968182153,W
2025,2,401760365,Sacramento State,Nevada,17.0,20.0,35.918,45.064,9.145,80.982,False,57.1,Spread,-9.5,AWAY,0.35452705274452967,W
2025,2,401760365,Sacramento State,Nevada,17.0,20.0,35.918,45.064,9.145,80.982,False,57.1,Over,55.5,OVER,25.481629819913252,L
2025,2,401760366,Idaho State,New Mexico,22.0,32.0,36.835,51.177,14.342,88.013,False,63.25,Spread,-17.5,AWAY,3.1580930209896394,W
2025,2,401760366,Idaho State,New Mexico,22.0,32.0,36.835,51.177,14.342,88.013,False,63.25,Over,60.5,OVER,27.51262010161969,L
2025,2,401760367,Northern Iowa,Wyoming,7.0,31.0,9.487,32.147,22.66,41.634,False,57.1,Spread,-13.5,HOME,9.159700639968232,W
2025,2,401760367,Northern Iowa,Wyoming,7.0,31.0,9.487,32.147,22.66,41.634,False,57.1,Under,45.5,UNDER,3.8655189810663444,W
2025,2,401761596,Lindenwood,App State,13.0,20.0,20.393,43.015,22.622,63.407,False,60.15,Spread,-29.5,AWAY,6.878148803750168,W
2025,2,401761596,Lindenwood,App State,13.0,20.0,20.393,43.015,22.622,63.407,False,60.15,Over,54.5,OVER,8.907323269150893,L
2025,2,401761597,Charleston Southern,Coastal Carolina,0.0,13.0,7.34,33.269,25.929,40.609,False,63.25,Spread,-27.5,AWAY,1.5708879475595978,W
2025,2,401761597,Charleston Southern,Coastal Carolina,0.0,13.0,7.34,33.269,25.929,40.609,False,63.25,Under,48.5,UNDER,7.890700212945035,W
2025,2,401761598,Memphis,Georgia State,38.0,16.0,38.667,27.969,-10.698,66.636,True,60.2,Spread,15.5,HOME,4.802202212666401,L
2025,2,401761598,Memphis,Georgia State,38.0,16.0,38.667,27.969,-10.698,66.636,True,60.2,Over,57.5,OVER,9.136304020813341,L
2025,2,401761599,North Carolina Central,Old Dominion,6.0,54.0,5.867,43.397,37.53,49.264,False,60.15,Spread,-21.5,HOME,16.029659737363787,W
2025,2,401761599,North Carolina Central,Old Dominion,6.0,54.0,5.867,43.397,37.53,49.264,False,60.15,Over,48.5,OVER,0.7639813041324288,W
2025,2,401761600,McNeese,Louisiana,10.0,34.0,21.802,46.054,24.252,67.856,False,60.15,Spread,-19.5,HOME,4.752477806778444,W
2025,2,401761600,McNeese,Louisiana,10.0,34.0,21.802,46.054,24.252,67.856,False,60.15,Over,49.5,OVER,18.35558599137262,L
2025,2,401761601,Tulane,South Alabama,33.0,31.0,35.002,37.669,2.667,72.672,True,60.15,Spread,13.5,HOME,16.166805869298855,W
2025,2,401761601,Tulane,South Alabama,33.0,31.0,35.002,37.669,2.667,72.672,True,60.15,Over,51.5,OVER,21.17166814886494,W
2025,2,401761602,Jackson State,Southern Miss,20.0,38.0,20.848,23.514,2.666,44.362,False,60.15,Spread,-13.5,AWAY,10.834400920072667,L
2025,2,401761602,Jackson State,Southern Miss,20.0,38.0,20.848,23.514,2.666,44.362,False,60.15,Under,52.5,UNDER,8.137895445630662,L
2025,2,401761603,Texas State,UTSA,43.0,36.0,33.523,30.357,-3.166,63.881,True,66.3,Spread,-4.5,AWAY,7.666440133600087,W
2025,2,401761603,Texas State,UTSA,43.0,36.0,33.523,30.357,-3.166,63.881,True,66.3,Under,64.5,UNDER,0.6194599645585726,L
2025,2,401762458,UAB,Navy,24.0,38.0,22.591,43.666,21.075,66.258,True,57.1,Spread,-22.5,AWAY,1.4248087838719101,W
2025,2,401762458,UAB,Navy,24.0,38.0,22.591,43.666,21.075,66.258,True,57.1,Over,58.5,OVER,7.757614749760151,W
2025,2,401762459,Campbell,East Carolina,3.0,56.0,20.915,46.187,25.273,67.102,False,60.15,Spread,-30.5,AWAY,5.227481157297969,L
2025,2,401762459,Campbell,East Carolina,3.0,56.0,20.915,46.187,25.273,67.102,False,60.15,Over,55.5,OVER,11.602000905103921,W
2025,2,401762460,Florida AandM,Florida Atlantic,14.0,56.0,15.448,33.738,18.291,49.186,False,57.1,Spread,-21.5,AWAY,3.2092919494033367,L
2025,2,401762460,Florida AandM,Florida Atlantic,14.0,56.0,15.448,33.738,18.291,49.186,False,57.1,Under,50.5,UNDER,1.31386883995944,L
2025,2,401762461,North Texas,Western Michigan,33.0,30.0,38.526,44.06,5.534,82.586,True,63.25,Spread,12.5,HOME,18.034020843895775,W
2025,2,401762461,North Texas,Western Michigan,33.0,30.0,38.526,44.06,5.534,82.586,True,63.25,Over,56.5,OVER,26.085596718215115,W
2025,2,401762462,Howard,Temple,7.0,55.0,7.401,26.624,19.223,34.025,False,57.1,Spread,-27.5,AWAY,8.277186784760467,L
2025,2,401762462,Howard,Temple,7.0,55.0,7.401,26.624,19.223,34.025,False,57.1,Under,45.5,UNDER,11.474515983657298,L
2025,2,401762794,Saint Francis,Buffalo,6.0,45.0,12.236,31.628,19.392,43.863,False,60.2,Spread,-37.5,AWAY,18.107746358225945,L
2025,2,401762794,Saint Francis,Buffalo,6.0,45.0,12.236,31.628,19.392,43.863,False,60.2,Under,48.5,UNDER,4.636719393731298,L
2025,2,401762795,Long Island University,Eastern Michigan,28.0,23.0,11.736,36.939,25.204,48.675,False,60.2,Spread,-21.5,HOME,3.7035810406118976,L
2025,2,401762795,Long Island University,Eastern Michigan,28.0,23.0,11.736,36.939,25.204,48.675,False,60.2,Under,53.5,UNDER,4.824842886801989,W
2025,2,401762816,Bryant,Massachusetts,27.0,26.0,11.277,7.745,-3.533,19.022,False,60.2,Spread,-16.5,AWAY,20.03282596311923,W
2025,2,401762816,Bryant,Massachusetts,27.0,26.0,11.277,7.745,-3.533,19.022,False,60.2,Under,52.5,UNDER,33.47794981023267,L
2025,3,401752696,Wisconsin,Alabama,14.0,38.0,16.331,30.45,14.12,46.781,True,72.5,Spread,-17.5,AWAY,3.380459078905055,L
2025,3,401752696,Wisconsin,Alabama,14.0,38.0,16.331,30.45,14.12,46.781,True,72.5,Over,45.5,OVER,1.2813281983217237,W
2025,3,401752697,South Alabama,Auburn,15.0,31.0,23.964,40.587,16.623,64.551,True,63.25,Spread,-26.5,AWAY,9.876604401012141,W
2025,3,401752697,South Alabama,Auburn,15.0,31.0,23.964,40.587,16.623,64.551,True,63.25,Over,56.5,OVER,8.050788145880318,L
2025,3,401752698,Eastern Michigan,Kentucky,23.0,48.0,11.722,32.524,20.802,44.246,True,63.25,Spread,-26.5,AWAY,5.698292528678991,W
2025,3,401752698,Eastern Michigan,Kentucky,23.0,48.0,11.722,32.524,20.802,44.246,True,63.25,Under,49.5,UNDER,5.2544567340890325,L
2025,3,401752699,Florida,LSU,10.0,20.0,27.849,26.919,-0.93,54.768,True,66.35,Spread,-4.5,AWAY,5.430480075129545,L
2025,3,401752699,Florida,LSU,10.0,20.0,27.849,26.919,-0.93,54.768,True,66.35,Over,47.5,OVER,7.2676134109049855,L
2025,3,401752700,Arkansas,Ole Miss,35.0,41.0,27.865,37.579,9.714,65.444,True,72.5,Spread,-3.5,HOME,6.2141667691035885,W
2025,3,401752700,Arkansas,Ole Miss,35.0,41.0,27.865,37.579,9.714,65.444,True,72.5,Over,60.5,OVER,4.944127237650818,W
2025,3,401752701,Alcorn State,Mississippi State,0.0,63.0,7.609,43.679,36.07,51.289,False,63.25,Spread,-42.5,AWAY,6.43004632628552,L
2025,3,401752701,Alcorn State,Mississippi State,0.0,63.0,7.609,43.679,36.07,51.289,False,63.25,Under,56.5,UNDER,5.21121166898746,L
2025,3,401752702,Louisiana,Missouri,10.0,52.0,18.549,44.152,25.603,62.702,True,66.3,Spread,-27.5,AWAY,1.8968731915802124,L
2025,3,401752702,Louisiana,Missouri,10.0,52.0,18.549,44.152,25.603,62.702,True,66.3,Over,47.5,OVER,15.201501091077134,W
2025,3,401752703,Oklahoma,Temple,42.0,3.0,19.087,16.927,-2.159,36.014,True,63.25,Spread,23.5,HOME,21.34081401961334,L
2025,3,401752703,Oklahoma,Temple,42.0,3.0,19.087,16.927,-2.159,36.014,True,63.25,Under,50.5,UNDER,14.485821972699313,W
2025,3,401752704,Vanderbilt,South Carolina,31.0,7.0,24.878,31.161,6.283,56.039,True,63.25,Spread,-3.0,HOME,3.2825502330677025,L
2025,3,401752704,Vanderbilt,South Carolina,31.0,7.0,24.878,31.161,6.283,56.039,True,63.25,Over,48.5,OVER,7.539378176817422,L
2025,3,401752705,Georgia,Tennessee,44.0,41.0,23.195,30.211,7.016,53.406,True,66.3,Spread,3.5,HOME,10.516213209254218,W
2025,3,401752705,Georgia,Tennessee,44.0,41.0,23.195,30.211,7.016,53.406,True,66.3,Over,50.5,OVER,2.9057817527757024,W
2025,3,401752706,UTEP,Texas,10.0,27.0,5.093,37.789,32.696,42.883,True,66.35,Spread,-39.5,AWAY,6.804281462055101,W
2025,3,401752706,UTEP,Texas,10.0,27.0,5.093,37.789,32.696,42.883,True,66.35,Under,52.5,UNDER,9.617462017303652,W
2025,3,401752707,Texas AandM,Notre Dame,41.0,40.0,21.251,32.7,11.449,53.951,True,66.35,Spread,-6.5,HOME,4.948989938615629,L
2025,3,401752707,Texas AandM,Notre Dame,41.0,40.0,21.251,32.7,11.449,53.951,True,66.35,Over,49.5,OVER,4.451212573436067,W
2025,3,401752827,Ohio,Ohio State,9.0,37.0,14.984,35.989,21.006,50.973,True,69.4,Spread,-28.5,AWAY,7.49445329664179,W
2025,3,401752827,Ohio,Ohio State,9.0,37.0,14.984,35.989,21.006,50.973,True,69.4,Over,49.5,OVER,1.472735176737146,L
2025,3,401752828,Houston Christian,Nebraska,7.0,59.0,3.995,47.268,43.273,51.263,False,63.25,Spread,-48.5,AWAY,5.226789502100736,L
2025,3,401752828,Houston Christian,Nebraska,7.0,59.0,3.995,47.268,43.273,51.263,False,63.25,Under,58.5,UNDER,7.23661445423047,L
2025,3,401752829,Western Michigan,Illinois,0.0,38.0,29.426,43.903,14.477,73.329,True,69.4,Spread,-27.5,AWAY,13.023265882146632,L
2025,3,401752829,Western Michigan,Illinois,0.0,38.0,29.426,43.903,14.477,73.329,True,69.4,Over,50.5,OVER,22.8293315130679,L
2025,3,401752830,Massachusetts,Iowa,7.0,47.0,13.25,43.053,29.803,56.302,True,63.25,Spread,-35.5,AWAY,5.696933479925466,L
2025,3,401752830,Massachusetts,Iowa,7.0,47.0,13.25,43.053,29.803,56.302,True,63.25,Over,44.5,OVER,11.802392296877855,W
2025,3,401752831,Oregon,Northwestern,34.0,14.0,32.014,20.165,-11.849,52.178,True,72.5,Spread,25.5,HOME,13.651253699916552,W
2025,3,401752831,Oregon,Northwestern,34.0,14.0,32.014,20.165,-11.849,52.178,True,72.5,Over,50.5,OVER,1.6784400876258871,L
2025,3,401752832,USC,Purdue,33.0,17.0,38.59,24.276,-14.314,62.867,True,66.35,Spread,20.5,HOME,6.185792611354767,W
2025,3,401752832,USC,Purdue,33.0,17.0,38.59,24.276,-14.314,62.867,True,66.35,Over,59.5,OVER,3.366690086044514,L
2025,3,401752833,Norfolk State,Rutgers,10.0,60.0,3.0,49.631,46.631,52.631,False,60.15,Spread,-44.5,HOME,2.131300111205661,W
2025,3,401752833,Norfolk State,Rutgers,10.0,60.0,3.0,49.631,46.631,52.631,False,60.15,Under,56.5,UNDER,3.868699888794339,L
2025,3,401752834,Youngstown State,Michigan State,24.0,41.0,17.395,65.0,47.605,82.395,False,60.15,Spread,-23.5,HOME,24.10515303918558,L
2025,3,401752834,Youngstown State,Michigan State,24.0,41.0,17.395,65.0,47.605,82.395,False,60.15,Over,55.5,OVER,26.89484696081442,W
2025,3,401752835,Villanova,Penn State,6.0,52.0,8.197,43.481,35.283,51.678,False,63.25,Spread,-46.5,AWAY,11.216624755645555,W
2025,3,401752835,Villanova,Penn State,6.0,52.0,8.197,43.481,35.283,51.678,False,63.25,Under,57.5,UNDER,5.822057670835164,L
2025,3,401752836,Indiana State,Indiana,0.0,73.0,3.0,63.0,60.0,66.0,False,69.4,Spread,-47.5,HOME,12.5,W
2025,3,401752836,Indiana State,Indiana,0.0,73.0,3.0,63.0,60.0,66.0,False,69.4,Over,60.5,OVER,5.5,W
2025,3,401752837,New Mexico,UCLA,35.0,10.0,34.098,43.816,9.718,77.914,True,66.3,Spread,-15.5,AWAY,5.782489857141769,W
2025,3,401752837,New Mexico,UCLA,35.0,10.0,34.098,43.816,9.718,77.914,True,66.3,Over,52.5,OVER,25.413510517576952,L
2025,3,401752838,Towson,Maryland,17.0,44.0,15.75,34.473,18.724,50.223,False,60.15,Spread,-28.5,AWAY,9.776273483687618,W
2025,3,401752838,Towson,Maryland,17.0,44.0,15.75,34.473,18.724,50.223,False,60.15,Under,53.5,UNDER,3.2771300799347216,L
2025,3,401752839,Central Michigan,Michigan,3.0,63.0,8.107,31.181,23.074,39.288,True,72.5,Spread,-27.5,AWAY,4.426415348622655,L
2025,3,401752839,Central Michigan,Michigan,3.0,63.0,8.107,31.181,23.074,39.288,True,72.5,Under,42.5,UNDER,3.211799313257444,L
2025,3,401752840,Minnesota,California,14.0,27.0,18.754,18.842,0.088,37.596,True,66.3,Spread,3.0,HOME,3.088238243341955,W
2025,3,401752840,Minnesota,California,14.0,27.0,18.754,18.842,0.088,37.596,True,66.3,Under,41.5,UNDER,3.9038567248491916,W
2025,3,401752938,Oregon State,Texas Tech,14.0,45.0,29.66,49.949,20.289,79.609,True,66.3,Spread,-24.5,AWAY,4.210752844120705,L
2025,3,401752938,Oregon State,Texas Tech,14.0,45.0,29.66,49.949,20.289,79.609,True,66.3,Over,61.5,OVER,18.108733500567425,L
2025,3,401752949,Washington State,North Texas,10.0,59.0,40.896,42.718,1.822,83.614,True,66.3,Spread,-6.5,AWAY,4.678374093918009,L
2025,3,401752949,Washington State,North Texas,10.0,59.0,40.896,42.718,1.822,83.614,True,66.3,Over,57.5,OVER,26.113602941051965,W
2025,3,401754531,NC State,Wake Forest,34.0,24.0,37.648,31.324,-6.324,68.972,True,69.4,Spread,7.5,HOME,1.176040035975479,L
2025,3,401754531,NC State,Wake Forest,34.0,24.0,37.648,31.324,-6.324,68.972,True,69.4,Over,52.5,OVER,16.47193381206256,W
2025,3,401754532,Colgate,Syracuse,24.0,66.0,24.668,46.478,21.809,71.146,False,60.15,Spread,-36.5,AWAY,14.69058568514447,L
2025,3,401754532,Colgate,Syracuse,24.0,66.0,24.668,46.478,21.809,71.146,False,60.15,Over,64.5,OVER,6.646133648956237,W
2025,3,401754533,Boston College,Stanford,20.0,30.0,33.421,18.549,-14.871,51.97,True,63.25,Spread,14.0,AWAY,0.8714602877709936,L
2025,3,401754533,Boston College,Stanford,20.0,30.0,33.421,18.549,-14.871,51.97,True,63.25,Over,44.5,OVER,7.469653170958303,W
2025,3,401754534,Duke,Tulane,27.0,34.0,18.109,31.381,13.272,49.49,True,69.4,Spread,-1.5,HOME,11.771716905815019,W
2025,3,401754534,Duke,Tulane,27.0,34.0,18.109,31.381,13.272,49.49,True,69.4,Under,52.5,UNDER,3.009859217258679,L
2025,3,401754535,South Florida,Miami,12.0,49.0,24.372,41.657,17.285,66.029,True,78.65,Spread,-17.5,AWAY,0.2154126071167468,L
2025,3,401754535,South Florida,Miami,12.0,49.0,24.372,41.657,17.285,66.029,True,78.65,Over,56.5,OVER,9.528610844614775,W
2025,3,401754536,Old Dominion,Virginia Tech,45.0,26.0,29.86,23.764,-6.096,53.624,True,66.3,Spread,-5.5,AWAY,11.595907096439909,W
2025,3,401754536,Old Dominion,Virginia Tech,45.0,26.0,29.86,23.764,-6.096,53.624,True,66.3,Over,50.5,OVER,3.124009257392018,W
2025,3,401754615,SMU,Missouri State,28.0,10.0,52.177,27.612,-24.565,79.789,True,69.4,Spread,29.5,HOME,4.935179988410425,W
2025,3,401754615,SMU,Missouri State,28.0,10.0,52.177,27.612,-24.565,79.789,True,69.4,Over,60.5,OVER,19.288897321382507,L
2025,3,401754619,William and Mary,Virginia,16.0,55.0,19.081,51.749,32.668,70.83,False,63.25,Spread,-30.5,HOME,2.168185951192342,W
2025,3,401754619,William and Mary,Virginia,16.0,55.0,19.081,51.749,32.668,70.83,False,63.25,Over,54.5,OVER,16.33033545903608,W
2025,3,401754623,Clemson,Georgia Tech,21.0,24.0,26.616,35.085,8.469,61.701,True,69.4,Spread,3.0,HOME,11.469476813690896,W
2025,3,401754623,Clemson,Georgia Tech,21.0,24.0,26.616,35.085,8.469,61.701,True,69.4,Over,51.5,OVER,10.201449368953881,L
2025,3,401754638,Pittsburgh,West Virginia,24.0,31.0,34.515,34.092,-0.423,68.606,True,63.25,Spread,7.0,HOME,6.576882221068459,W
2025,3,401754638,Pittsburgh,West Virginia,24.0,31.0,34.515,34.092,-0.423,68.606,True,63.25,Over,55.5,OVER,13.106383174626828,L
2025,3,401754639,Richmond,North Carolina,6.0,41.0,17.632,31.643,14.011,49.276,False,60.15,Spread,-24.5,AWAY,10.488718893567047,L
2025,3,401754639,Richmond,North Carolina,6.0,41.0,17.632,31.643,14.011,49.276,False,60.15,Over,47.5,OVER,1.7755153049247454,L
2025,3,401756888,Kansas State,Arizona,17.0,23.0,26.667,28.452,1.784,55.119,True,66.3,Spread,1.5,HOME,3.284469927272724,W
2025,3,401756888,Kansas State,Arizona,17.0,23.0,26.667,28.452,1.784,55.119,True,66.3,Under,55.5,UNDER,0.380945614115177,W
2025,3,401756889,Texas State,Arizona State,15.0,34.0,40.038,36.694,-3.344,76.733,True,69.4,Spread,-18.5,AWAY,21.84404760045274,L
2025,3,401756889,Texas State,Arizona State,15.0,34.0,40.038,36.694,-3.344,76.733,True,69.4,Over,61.5,OVER,15.232794582724623,L
2025,3,401756890,Iowa State,Arkansas State,24.0,16.0,42.942,25.665,-17.277,68.607,True,66.3,Spread,21.0,HOME,3.723447872035191,W
2025,3,401756890,Iowa State,Arkansas State,24.0,16.0,42.942,25.665,-17.277,68.607,True,66.3,Over,55.5,OVER,13.107183116872022,L
2025,3,401756891,Samford,Baylor,7.0,42.0,5.341,42.33,36.989,47.671,False,60.15,Spread,-51.5,AWAY,14.51135094541769,W
2025,3,401756891,Samford,Baylor,7.0,42.0,5.341,42.33,36.989,47.671,False,60.15,Under,65.5,UNDER,17.829158233547872,W
2025,3,401756892,Northwestern State,Cincinnati,0.0,70.0,5.262,59.744,54.482,65.006,False,66.35,Spread,-48.5,HOME,5.981997358853619,W
2025,3,401756892,Northwestern State,Cincinnati,0.0,70.0,5.262,59.744,54.482,65.006,False,66.35,Over,55.5,OVER,9.5063855297212,W
2025,3,401756893,Colorado,Houston,20.0,36.0,16.046,16.755,0.709,32.801,True,66.3,Spread,-4.0,AWAY,3.291095480754123,L
2025,3,401756893,Colorado,Houston,20.0,36.0,16.046,16.755,0.709,32.801,True,66.3,Under,45.5,UNDER,12.699477072752046,L
2025,3,401756894,Abilene Christian,TCU,21.0,42.0,41.512,57.025,15.513,98.536,False,63.25,Spread,-42.5,AWAY,26.987101875748692,W
2025,3,401756894,Abilene Christian,TCU,21.0,42.0,41.512,57.025,15.513,98.536,False,63.25,Over,60.5,OVER,38.0364402070319,W
2025,3,401756895,Utah,Wyoming,31.0,6.0,26.348,4.553,-21.795,30.901,True,63.25,Spread,24.5,HOME,2.7053735951470763,L
2025,3,401756895,Utah,Wyoming,31.0,6.0,26.348,4.553,-21.795,30.901,True,63.25,Under,47.5,UNDER,16.599236317423564,W
2025,3,401757168,UConn,Delaware,41.0,44.0,22.197,20.742,-1.455,42.939,True,66.3,Spread,8.5,HOME,7.044951421484079,W
2025,3,401757168,UConn,Delaware,41.0,44.0,22.197,20.742,-1.455,42.939,True,66.3,Under,52.5,UNDER,9.561070525220643,L
2025,3,401757233,Florida Atlantic,Florida International,28.0,38.0,21.336,26.274,4.937,47.61,True,63.25,Spread,-2.5,HOME,2.437357818998187,W
2025,3,401757233,Florida Atlantic,Florida International,28.0,38.0,21.336,26.274,4.937,47.61,True,63.25,Under,56.5,UNDER,8.88967387777592,L
2025,3,401757234,Jacksonville State,Georgia Southern,34.0,41.0,37.604,32.213,-5.391,69.817,True,72.5,Spread,-3.0,AWAY,8.390910998885161,L
2025,3,401757234,Jacksonville State,Georgia Southern,34.0,41.0,37.604,32.213,-5.391,69.817,True,72.5,Over,58.5,OVER,11.316786054352207,W
2025,3,401757235,Merrimack,Kennesaw State,13.0,27.0,9.153,26.694,17.541,35.846,False,66.35,Spread,-17.5,HOME,0.04140002339374149,L
2025,3,401757235,Merrimack,Kennesaw State,13.0,27.0,9.153,26.694,17.541,35.846,False,66.35,Under,44.5,UNDER,8.653582605970364,W
2025,3,401757256,Liberty,Bowling Green,13.0,23.0,22.36,29.014,6.654,51.374,True,60.2,Spread,6.0,HOME,12.654299200842907,W
2025,3,401757256,Liberty,Bowling Green,13.0,23.0,22.36,29.014,6.654,51.374,True,60.2,Under,51.5,UNDER,0.12579273906227684,W
2025,3,401757257,New Mexico State,Louisiana Tech,14.0,49.0,12.279,20.261,7.982,32.54,True,63.25,Spread,-10.0,AWAY,2.0179250730877243,L
2025,3,401757257,New Mexico State,Louisiana Tech,14.0,49.0,12.279,20.261,7.982,32.54,True,63.25,Under,42.5,UNDER,9.960440376564023,L
2025,3,401757258,Middle Tennessee,Nevada,14.0,13.0,24.814,40.784,15.97,65.598,True,60.2,Spread,-9.5,HOME,6.470274300621373,L
2025,3,401757258,Middle Tennessee,Nevada,14.0,13.0,24.814,40.784,15.97,65.598,True,60.2,Over,49.5,OVER,16.097892069102016,L
2025,3,401760368,Air Force,Utah State,30.0,49.0,28.582,33.172,4.59,61.753,True,63.25,Spread,4.0,HOME,8.590203634687786,W
2025,3,401760368,Air Force,Utah State,30.0,49.0,28.582,33.172,4.59,61.753,True,63.25,Over,51.5,OVER,10.253301580056899,W
2025,3,401760369,Southern,Fresno State,7.0,56.0,19.625,28.883,9.258,48.508,False,66.35,Spread,-37.5,AWAY,28.242292608399353,L
2025,3,401760369,Southern,Fresno State,7.0,56.0,19.625,28.883,9.258,48.508,False,66.35,Under,51.5,UNDER,2.9915190646105074,L
2025,3,401760370,Portland State,Hawai'i,3.0,23.0,27.906,56.98,29.074,84.886,False,69.45,Spread,-35.5,AWAY,6.426420749479874,W
2025,3,401760370,Portland State,Hawai'i,3.0,23.0,27.906,56.98,29.074,84.886,False,69.45,Over,54.5,OVER,30.386296575896154,L
2025,3,401761604,East Carolina,Coastal Carolina,38.0,0.0,34.877,23.654,-11.224,58.531,True,66.3,Spread,7.0,AWAY,4.223881871204792,W
2025,3,401761604,East Carolina,Coastal Carolina,38.0,0.0,34.877,23.654,-11.224,58.531,True,66.3,Over,57.5,OVER,1.030886829105853,L
2025,3,401761605,Murray State,Georgia State,21.0,37.0,20.241,40.259,20.018,60.5,False,60.15,Spread,-31.5,AWAY,11.481943079231439,W
2025,3,401761605,Murray State,Georgia State,21.0,37.0,20.241,40.259,20.018,60.5,False,60.15,Under,63.5,UNDER,2.9996713416672236,W
2025,3,401761606,Eastern Kentucky,Marshall,7.0,38.0,9.16,39.194,30.033,48.354,False,63.25,Spread,-14.5,HOME,15.533347677062945,W
2025,3,401761606,Eastern Kentucky,Marshall,7.0,38.0,9.16,39.194,30.033,48.354,False,63.25,Under,49.5,UNDER,1.1460496751858784,W
2025,3,401761607,App State,Southern Miss,22.0,38.0,30.214,29.027,-1.187,59.241,True,66.3,Spread,3.0,HOME,1.8126732320311234,W
2025,3,401761607,App State,Southern Miss,22.0,38.0,30.214,29.027,-1.187,59.241,True,66.3,Over,55.5,OVER,3.7411881869334707,W
2025,3,401761608,Memphis,Troy,28.0,7.0,35.535,31.602,-3.934,67.137,True,66.3,Spread,4.5,HOME,0.5663049104783084,L
2025,3,401761608,Memphis,Troy,28.0,7.0,35.535,31.602,-3.934,67.137,True,66.3,Over,51.5,OVER,15.637247476572213,L
2025,3,401762463,Akron,UAB,28.0,31.0,19.12,41.708,22.589,60.828,True,63.25,Spread,-12.5,HOME,10.088545387273967,L
2025,3,401762463,Akron,UAB,28.0,31.0,19.12,41.708,22.589,60.828,True,63.25,Over,58.5,OVER,2.327767487760937,W
2025,3,401762464,Monmouth,Charlotte,35.0,42.0,47.243,33.715,-13.528,80.958,False,60.15,Spread,-3.0,AWAY,16.528173574445674,L
2025,3,401762464,Monmouth,Charlotte,35.0,42.0,47.243,33.715,-13.528,80.958,False,60.15,Over,66.5,OVER,14.457781576918379,W
2025,3,401762465,Navy,Tulsa,42.0,23.0,43.318,20.617,-22.701,63.935,True,63.25,Spread,14.0,AWAY,8.700713706393984,W
2025,3,401762465,Navy,Tulsa,42.0,23.0,43.318,20.617,-22.701,63.935,True,63.25,Over,52.5,OVER,11.435155120250997,W
2025,3,401762466,Prairie View AandM,Rice,17.0,38.0,3.0,30.586,27.586,33.586,False,63.25,Spread,-29.5,AWAY,1.9141612315138055,W
2025,3,401762466,Prairie View AandM,Rice,17.0,38.0,3.0,30.586,27.586,33.586,False,63.25,Under,48.5,UNDER,14.914161231513802,L
2025,3,401762467,Incarnate Word,UTSA,20.0,48.0,20.795,35.111,14.316,55.906,False,63.25,Spread,-21.0,AWAY,6.683607438393338,L
2025,3,401762467,Incarnate Word,UTSA,20.0,48.0,20.795,35.111,14.316,55.906,False,63.25,Under,62.5,UNDER,6.593922424943003,L
2025,3,401762817,Buffalo,Kent State,31.0,28.0,37.584,16.587,-20.997,54.171,True,60.2,Spread,23.5,HOME,2.503138261764601,W
2025,3,401762817,Buffalo,Kent State,31.0,28.0,37.584,16.587,-20.997,54.171,True,60.2,Over,48.5,OVER,5.671440195584353,W
2025,3,401762818,New Hampshire,Ball State,29.0,34.0,12.361,38.823,26.463,51.184,False,60.15,Spread,-3.0,HOME,23.462588213304386,W
2025,3,401762818,New Hampshire,Ball State,29.0,34.0,12.361,38.823,26.463,51.184,False,60.15,Over,46.5,OVER,4.6841455190445345,W
2025,3,401762819,Morgan State,Toledo,0.0,60.0,5.893,23.285,17.392,29.177,False,66.35,Spread,-33.5,AWAY,16.10793712132576,L
2025,3,401762819,Morgan State,Toledo,0.0,60.0,5.893,23.285,17.392,29.177,False,66.35,Under,54.5,UNDER,25.322553555760578,L
2025,4,401752708,Arkansas,Memphis,31.0,32.0,38.912,32.576,-6.336,71.488,True,69.4,Spread,7.0,HOME,0.663906082678082,W
2025,4,401752708,Arkansas,Memphis,31.0,32.0,38.912,32.576,-6.336,71.488,True,69.4,Over,59.5,OVER,11.987928429325166,W
2025,4,401752709,Florida,Miami,7.0,26.0,22.168,37.019,14.851,59.187,True,78.65,Spread,-8.5,HOME,6.350937296840122,W
2025,4,401752709,Florida,Miami,7.0,26.0,22.168,37.019,14.851,59.187,True,78.65,Over,51.5,OVER,7.6871752320509685,L
2025,4,401752710,SE Louisiana,LSU,10.0,56.0,3.0,50.181,47.181,53.181,False,69.45,Spread,-48.5,AWAY,1.3194175367321606,W
2025,4,401752710,SE Louisiana,LSU,10.0,56.0,3.0,50.181,47.181,53.181,False,69.45,Under,60.5,UNDER,7.319417536732161,L
2025,4,401752711,Tulane,Ole Miss,10.0,45.0,23.448,44.694,21.246,68.142,True,84.85,Spread,-12.5,HOME,8.746341706159782,W
2025,4,401752711,Tulane,Ole Miss,10.0,45.0,23.448,44.694,21.246,68.142,True,84.85,Over,61.5,OVER,6.642005787782253,L
2025,4,401752712,Northern Illinois,Mississippi State,10.0,38.0,24.406,30.884,6.478,55.29,True,66.35,Spread,-23.5,AWAY,17.022256638552932,L
2025,4,401752712,Northern Illinois,Mississippi State,10.0,38.0,24.406,30.884,6.478,55.29,True,66.35,Over,48.5,OVER,6.79039752728422,L
2025,4,401752713,South Carolina,Missouri,20.0,29.0,16.065,31.606,15.541,47.671,True,69.4,Spread,-10.0,HOME,5.54097344053482,L
2025,4,401752713,South Carolina,Missouri,20.0,29.0,16.065,31.606,15.541,47.671,True,69.4,Under,48.5,UNDER,0.8286086365668552,L
2025,4,401752714,Auburn,Oklahoma,17.0,24.0,14.383,20.264,5.881,34.647,True,72.5,Spread,-6.5,AWAY,0.6187952255854743,L
2025,4,401752714,Auburn,Oklahoma,17.0,24.0,14.383,20.264,5.881,34.647,True,72.5,Under,47.5,UNDER,12.852516180456405,W
2025,4,401752715,UAB,Tennessee,24.0,56.0,18.435,50.474,32.039,68.909,True,69.4,Spread,-39.5,AWAY,7.461474543833546,W
2025,4,401752715,UAB,Tennessee,24.0,56.0,18.435,50.474,32.039,68.909,True,69.4,Under,69.5,UNDER,0.5908031699342757,L
2025,4,401752716,Georgia State,Vanderbilt,21.0,70.0,19.926,47.936,28.011,67.862,True,69.4,Spread,-27.5,HOME,0.510541724030773,W
2025,4,401752716,Georgia State,Vanderbilt,21.0,70.0,19.926,47.936,28.011,67.862,True,69.4,Over,53.5,OVER,14.362098241811495,W
2025,4,401752723,Sam Houston,Texas,0.0,55.0,3.288,34.849,31.561,38.137,True,75.6,Spread,-39.5,AWAY,7.938996058208943,L
2025,4,401752723,Sam Houston,Texas,0.0,55.0,3.288,34.849,31.561,38.137,True,75.6,Under,51.5,UNDER,13.36280642722349,L
2025,4,401752841,Oregon State,Oregon,7.0,41.0,16.368,50.638,34.27,67.005,True,78.65,Spread,-33.5,HOME,0.7702514718921236,W
2025,4,401752841,Oregon State,Oregon,7.0,41.0,16.368,50.638,34.27,67.005,True,78.65,Over,58.5,OVER,8.505328683751287,L
2025,4,401752842,Washington,Washington State,59.0,24.0,37.456,34.043,-3.413,71.498,True,69.4,Spread,-21.0,AWAY,24.412801389217805,W
2025,4,401752842,Washington,Washington State,59.0,24.0,37.456,34.043,-3.413,71.498,True,69.4,Over,51.5,OVER,19.99842915965465,W
2025,4,401752843,Illinois,Indiana,10.0,63.0,25.943,40.306,14.363,66.248,True,78.65,Spread,-7.0,HOME,7.362677718271158,W
2025,4,401752843,Illinois,Indiana,10.0,63.0,25.943,40.306,14.363,66.248,True,78.65,Over,51.5,OVER,14.748441229573729,W
2025,4,401752844,Iowa,Rutgers,38.0,28.0,27.98,30.614,2.634,58.594,True,69.4,Spread,2.5,HOME,5.134382128416142,L
2025,4,401752844,Iowa,Rutgers,38.0,28.0,27.98,30.614,2.634,58.594,True,69.4,Over,46.5,OVER,12.094185126967943,W
2025,4,401752845,Maryland,Wisconsin,27.0,10.0,20.629,21.955,1.326,42.585,True,69.4,Spread,-10.5,AWAY,9.174024352525791,W
2025,4,401752845,Maryland,Wisconsin,27.0,10.0,20.629,21.955,1.326,42.585,True,69.4,Under,44.5,UNDER,1.9152936827744753,W
2025,4,401752846,Michigan,Nebraska,30.0,27.0,20.673,26.435,5.762,47.108,True,75.6,Spread,1.5,HOME,7.261809685389316,L
2025,4,401752846,Michigan,Nebraska,30.0,27.0,20.673,26.435,5.762,47.108,True,75.6,Under,47.5,UNDER,0.3924597510278147,L
2025,4,401752847,Michigan State,USC,31.0,45.0,22.777,41.218,18.441,63.995,True,72.5,Spread,-18.5,AWAY,0.058752455744880194,W
2025,4,401752847,Michigan State,USC,31.0,45.0,22.777,41.218,18.441,63.995,True,72.5,Over,55.5,OVER,8.49487404495487,W
2025,4,401752848,Purdue,Notre Dame,30.0,56.0,14.102,41.096,26.994,55.198,True,66.3,Spread,-24.5,HOME,2.494002328702539,W
2025,4,401752848,Purdue,Notre Dame,30.0,56.0,14.102,41.096,26.994,55.198,True,66.3,Over,51.5,OVER,3.698337935379513,W
2025,4,401754537,Syracuse,Clemson,34.0,21.0,31.273,38.124,6.851,69.398,True,72.5,Spread,-17.5,AWAY,10.649239143874212,W
2025,4,401754537,Syracuse,Clemson,34.0,21.0,31.273,38.124,6.851,69.398,True,72.5,Over,53.5,OVER,15.89774007356155,W
2025,4,401754538,NC State,Duke,33.0,45.0,27.405,25.5,-1.906,52.905,True,75.6,Spread,-3.0,AWAY,4.905504113987021,L
2025,4,401754538,NC State,Duke,33.0,45.0,27.405,25.5,-1.906,52.905,True,75.6,Under,57.5,UNDER,4.595486578620154,L
2025,4,401754539,Stanford,Virginia,20.0,48.0,15.246,34.785,19.539,50.031,True,72.5,Spread,-16.5,HOME,3.039467056341678,W
2025,4,401754539,Stanford,Virginia,20.0,48.0,15.246,34.785,19.539,50.031,True,72.5,Over,48.5,OVER,1.5306219323712895,W
2025,4,401754540,California,San Diego State,0.0,34.0,27.618,23.45,-4.168,51.069,True,69.4,Spread,14.0,HOME,9.832007217457658,W
2025,4,401754540,California,San Diego State,0.0,34.0,27.618,23.45,-4.168,51.069,True,69.4,Over,47.5,OVER,3.568863682105004,L
2025,4,401754541,Kent State,Florida State,10.0,66.0,3.919,39.346,35.427,43.265,True,63.25,Spread,-44.5,AWAY,9.07253719580342,L
2025,4,401754541,Kent State,Florida State,10.0,66.0,3.919,39.346,35.427,43.265,True,63.25,Under,56.5,UNDER,13.234813333871301,L
2025,4,401754542,Temple,Georgia Tech,24.0,45.0,15.079,38.589,23.509,53.668,True,69.4,Spread,-24.5,AWAY,0.990507433915436,W
2025,4,401754542,Temple,Georgia Tech,24.0,45.0,15.079,38.589,23.509,53.668,True,69.4,Over,52.5,OVER,1.1679985326765632,W
2025,4,401754617,Wofford,Virginia Tech,6.0,38.0,10.335,36.537,26.202,46.872,False,63.25,Spread,-34.5,AWAY,8.297833551014044,W
2025,4,401754617,Wofford,Virginia Tech,6.0,38.0,10.335,36.537,26.202,46.872,False,63.25,Under,51.5,UNDER,4.628073469862819,W
2025,4,401754636,SMU,TCU,24.0,35.0,32.362,36.644,4.281,69.006,True,69.4,Spread,-6.5,AWAY,2.2187364628136663,L
2025,4,401754636,SMU,TCU,24.0,35.0,32.362,36.644,4.281,69.006,True,69.4,Over,63.5,OVER,5.505994338375842,L
2025,4,401754640,North Carolina,UCF,9.0,34.0,22.654,39.951,17.297,62.605,True,63.25,Spread,-7.0,HOME,10.29696977662923,W
2025,4,401754640,North Carolina,UCF,9.0,34.0,22.654,39.951,17.297,62.605,True,63.25,Over,46.5,OVER,16.104808781402937,L
2025,4,401754642,Bowling Green,Louisville,17.0,40.0,16.741,38.172,21.432,54.913,True,66.3,Spread,-26.5,AWAY,5.068406428187053,W
2025,4,401754642,Bowling Green,Louisville,17.0,40.0,16.741,38.172,21.432,54.913,True,66.3,Over,50.5,OVER,4.413296493804928,W
2025,4,401756896,Arizona State,Baylor,27.0,24.0,35.653,40.205,4.552,75.859,True,69.4,Spread,-3.0,HOME,1.5522054362348285,L
2025,4,401756896,Arizona State,Baylor,27.0,24.0,35.653,40.205,4.552,75.859,True,69.4,Over,60.5,OVER,15.35870974481044,L
2025,4,401756897,Wyoming,Colorado,20.0,37.0,9.932,28.848,18.916,38.78,True,69.4,Spread,-12.5,HOME,6.4159550590081125,W
2025,4,401756897,Wyoming,Colorado,20.0,37.0,9.932,28.848,18.916,38.78,True,69.4,Under,45.5,UNDER,6.72000919216913,L
2025,4,401756898,BYU,East Carolina,34.0,13.0,26.756,24.006,-2.75,50.762,True,69.4,Spread,6.5,HOME,3.749565766051518,L
2025,4,401756898,BYU,East Carolina,34.0,13.0,26.756,24.006,-2.75,50.762,True,69.4,Over,49.5,OVER,1.2615375029923683,L
2025,4,401756899,West Virginia,Kansas,10.0,41.0,32.338,46.265,13.927,78.603,True,66.3,Spread,-12.5,HOME,1.4265096736603482,W
2025,4,401756899,West Virginia,Kansas,10.0,41.0,32.338,46.265,13.927,78.603,True,66.3,Over,54.5,OVER,24.103322161268522,L
2025,4,401756900,Tulsa,Oklahoma State,19.0,12.0,34.85,42.685,7.836,77.535,True,63.25,Spread,-10.0,AWAY,2.1643877382115733,W
2025,4,401756900,Tulsa,Oklahoma State,19.0,12.0,34.85,42.685,7.836,77.535,True,63.25,Over,54.5,OVER,23.034997842431153,L
2025,4,401756901,Texas Tech,Utah,34.0,10.0,23.146,34.347,11.2,57.493,True,72.5,Spread,-3.5,HOME,7.700032759774739,L
2025,4,401756901,Texas Tech,Utah,34.0,10.0,23.146,34.347,11.2,57.493,True,72.5,Under,58.5,UNDER,1.0070028785938376,W
2025,4,401757169,Ball State,UConn,25.0,31.0,23.063,42.06,18.997,65.123,True,69.4,Spread,-21.0,AWAY,2.0028848439212545,W
2025,4,401757169,Ball State,UConn,25.0,31.0,23.063,42.06,18.997,65.123,True,69.4,Over,53.5,OVER,11.622502600984419,W
2025,4,401757259,Delaware,Florida International,38.0,16.0,25.141,29.155,4.014,54.297,True,72.5,Spread,-4.0,HOME,0.01420146741808992,L
2025,4,401757259,Delaware,Florida International,38.0,16.0,25.141,29.155,4.014,54.297,True,72.5,Under,54.5,UNDER,0.20349783002095734,W
2025,4,401757260,Murray State,Jacksonville State,10.0,45.0,14.48,44.025,29.545,58.505,False,69.45,Spread,-35.5,AWAY,5.9547089437364065,W
2025,4,401757260,Murray State,Jacksonville State,10.0,45.0,14.48,44.025,29.545,58.505,False,69.45,Under,60.5,UNDER,1.9954365935922311,W
2025,4,401757261,Arkansas State,Kennesaw State,21.0,28.0,28.188,25.026,-3.163,53.214,True,72.5,Spread,4.5,HOME,1.3374189887797812,W
2025,4,401757261,Arkansas State,Kennesaw State,21.0,28.0,28.188,25.026,-3.163,53.214,True,72.5,Under,57.5,UNDER,4.285789976461686,W
2025,4,401757262,James Madison,Liberty,31.0,13.0,27.435,20.272,-7.163,47.707,True,66.3,Spread,7.5,HOME,0.33669114553148205,L
2025,4,401757262,James Madison,Liberty,31.0,13.0,27.435,20.272,-7.163,47.707,True,66.3,Over,46.5,OVER,1.2071678903518617,L
2025,4,401757263,Southern Miss,Louisiana Tech,20.0,30.0,7.108,27.059,19.951,34.167,True,72.5,Spread,-3.0,HOME,16.951241010241787,W
2025,4,401757263,Southern Miss,Louisiana Tech,20.0,30.0,7.108,27.059,19.951,34.167,True,72.5,Under,51.5,UNDER,17.332537873398437,W
2025,4,401757264,Marshall,Middle Tennessee,42.0,28.0,33.171,19.863,-13.308,53.035,True,66.3,Spread,2.5,AWAY,10.807690160413628,W
2025,4,401757264,Marshall,Middle Tennessee,42.0,28.0,33.171,19.863,-13.308,53.035,True,66.3,Over,46.5,OVER,6.534590919725517,W
2025,4,401757265,UT Martin,Missouri State,10.0,42.0,26.372,35.426,9.055,61.798,False,72.5,Spread,-14.5,AWAY,5.445349277671628,L
2025,4,401757265,UT Martin,Missouri State,10.0,42.0,26.372,35.426,9.055,61.798,False,72.5,Over,55.5,OVER,6.297721258033192,L
2025,4,401757267,UL Monroe,UTEP,31.0,25.0,15.235,22.821,7.586,38.055,True,63.25,Spread,-5.5,HOME,2.0861223556834076,L
2025,4,401757267,UL Monroe,UTEP,31.0,25.0,15.235,22.821,7.586,38.055,True,63.25,Under,47.5,UNDER,9.444589205513644,L
2025,4,401757268,Nevada,Western Kentucky,16.0,31.0,23.999,38.531,14.532,62.531,True,69.4,Spread,-8.5,HOME,6.032295531023276,W
2025,4,401757268,Nevada,Western Kentucky,16.0,31.0,23.999,38.531,14.532,62.531,True,69.4,Over,54.5,OVER,8.030665562762778,L
2025,4,401760372,Boise State,Air Force,49.0,37.0,30.198,28.686,-1.511,58.884,True,63.25,Spread,10.5,HOME,8.988836238986998,L
2025,4,401760372,Boise State,Air Force,49.0,37.0,30.198,28.686,-1.511,58.884,True,63.25,Over,51.5,OVER,7.383877055873171,W
2025,4,401760373,UTSA,Colorado State,17.0,16.0,28.377,23.629,-4.748,52.006,True,66.35,Spread,4.5,AWAY,0.24818035866896793,L
2025,4,401760373,UTSA,Colorado State,17.0,16.0,28.377,23.629,-4.748,52.006,True,66.35,Under,58.5,UNDER,6.494481065621706,W
2025,4,401760374,Fresno State,Hawai'i,23.0,21.0,24.236,23.806,-0.431,48.042,True,78.7,Spread,2.5,HOME,2.0694828175256035,W
2025,4,401760374,Fresno State,Hawai'i,23.0,21.0,24.236,23.806,-0.431,48.042,True,78.7,Over,47.5,OVER,0.5423296161679332,L
2025,4,401760375,Idaho,San José State,28.0,31.0,20.284,13.493,-6.79,33.777,False,63.25,Spread,-14.0,AWAY,20.79016886477511,W
2025,4,401760375,Idaho,San José State,28.0,31.0,20.284,13.493,-6.79,33.777,False,63.25,Under,51.5,UNDER,17.722874088440506,L
2025,4,401760376,UNLV,Miami (OH),41.0,38.0,25.157,21.076,-4.081,46.232,True,72.5,Spread,2.5,AWAY,1.5805606448788936,W
2025,4,401760376,UNLV,Miami (OH),41.0,38.0,25.157,21.076,-4.081,46.232,True,72.5,Under,49.5,UNDER,3.2675264459999624,L
2025,4,401760377,McNeese,Utah State,7.0,48.0,21.203,48.441,27.238,69.644,False,69.45,Spread,-24.5,HOME,2.7380152122442496,W
2025,4,401760377,McNeese,Utah State,7.0,48.0,21.203,48.441,27.238,69.644,False,69.45,Over,63.5,OVER,6.144380146847624,L
2025,4,401761609,Maine,Georgia Southern,17.0,45.0,24.417,51.758,27.341,76.175,False,69.45,Spread,-23.5,HOME,3.840576218970881,W
2025,4,401761609,Maine,Georgia Southern,17.0,45.0,24.417,51.758,27.341,76.175,False,69.45,Over,57.5,OVER,18.674795215000458,W
2025,4,401761610,Louisiana,Eastern Michigan,31.0,34.0,31.859,33.417,1.557,65.276,True,69.4,Spread,2.5,HOME,4.057348585180716,W
2025,4,401761610,Louisiana,Eastern Michigan,31.0,34.0,31.859,33.417,1.557,65.276,True,69.4,Over,51.5,OVER,13.775836840882846,W
2025,4,401761611,Coastal Carolina,South Alabama,38.0,20.0,24.75,41.342,16.592,66.092,True,69.4,Spread,-14.5,HOME,2.092453856139887,L
2025,4,401761611,Coastal Carolina,South Alabama,38.0,20.0,24.75,41.342,16.592,66.092,True,69.4,Over,51.5,OVER,14.591620283313858,W
2025,4,401761612,Nicholls,Texas State,3.0,35.0,11.721,37.114,25.393,48.835,False,69.45,Spread,-32.5,AWAY,7.1067334944102925,W
2025,4,401761612,Nicholls,Texas State,3.0,35.0,11.721,37.114,25.393,48.835,False,69.45,Under,57.5,UNDER,8.665030897090404,W
2025,4,401761613,Troy,Buffalo,21.0,17.0,22.475,29.143,6.668,51.618,True,69.4,Spread,-5.5,HOME,1.168465299180184,L
2025,4,401761613,Troy,Buffalo,21.0,17.0,22.475,29.143,6.668,51.618,True,69.4,Over,43.5,OVER,8.117612321112496,L
2025,4,401762468,Rice,Charlotte,28.0,17.0,23.11,16.335,-6.775,39.444,True,69.4,Spread,1.5,AWAY,5.274962540748369,W
2025,4,401762468,Rice,Charlotte,28.0,17.0,23.11,16.335,-6.775,39.444,True,69.4,Under,42.5,UNDER,3.0558240425550593,L
2025,4,401762469,North Texas,Army,45.0,38.0,36.476,40.753,4.276,77.229,True,69.4,Spread,2.5,HOME,6.776386994528153,L
2025,4,401762469,North Texas,Army,45.0,38.0,36.476,40.753,4.276,77.229,True,69.4,Over,50.5,OVER,26.728669658462763,W
2025,4,401762470,South Carolina State,South Florida,14.0,63.0,8.659,37.566,28.907,46.225,False,69.45,Spread,-36.5,AWAY,7.593070110155317,L
2025,4,401762470,South Carolina State,South Florida,14.0,63.0,8.659,37.566,28.907,46.225,False,69.45,Under,58.5,UNDER,12.274894750903819,L
2025,4,401762820,Toledo,Western Michigan,13.0,14.0,28.985,25.806,-3.179,54.79,True,75.6,Spread,13.5,HOME,10.320998078964926,W
2025,4,401762820,Toledo,Western Michigan,13.0,14.0,28.985,25.806,-3.179,54.79,True,75.6,Over,48.5,OVER,6.290134930866827,L
2025,4,401762821,Duquesne,Akron,7.0,51.0,11.12,36.38,25.26,47.5,False,66.35,Spread,-10.5,HOME,14.75972076167119,W
2025,4,401762821,Duquesne,Akron,7.0,51.0,11.12,36.38,25.26,47.5,False,66.35,Under,51.5,UNDER,3.999701502456574,L
2025,4,401762822,Wagner,Central Michigan,10.0,49.0,9.206,28.155,18.949,37.362,False,69.45,Spread,-29.5,AWAY,10.550960316595216,L
2025,4,401762822,Wagner,Central Michigan,10.0,49.0,9.206,28.155,18.949,37.362,False,69.45,Under,46.5,UNDER,9.138460064917382,L
2025,4,401762823,Gardner-Webb,Ohio,35.0,52.0,8.817,27.967,19.15,36.784,False,69.45,Spread,-30.5,AWAY,11.349589397839246,W
2025,4,401762823,Gardner-Webb,Ohio,35.0,52.0,8.817,27.967,19.15,36.784,False,69.45,Under,55.5,UNDER,18.71571451670429,L
2025,5,401752717,Notre Dame,Arkansas,56.0,13.0,37.807,35.777,-2.03,73.585,True,72.5,Spread,5.5,HOME,3.470344164951115,L
2025,5,401752717,Notre Dame,Arkansas,56.0,13.0,37.807,35.777,-2.03,73.585,True,72.5,Over,64.5,OVER,9.084535946843516,W
2025,5,401752718,Alabama,Georgia,24.0,21.0,25.819,32.777,6.959,58.596,True,78.65,Spread,-2.5,HOME,4.458514018625692,L
2025,5,401752718,Alabama,Georgia,24.0,21.0,25.819,32.777,6.959,58.596,True,78.65,Over,53.5,OVER,5.096448179867181,L
2025,5,401752719,LSU,Ole Miss,19.0,24.0,25.003,39.124,14.121,64.128,True,85.35,Spread,-2.5,HOME,11.620908947677773,W
2025,5,401752719,LSU,Ole Miss,19.0,24.0,25.003,39.124,14.121,64.128,True,85.35,Over,57.5,OVER,6.627590565505386,L
2025,5,401752720,Tennessee,Mississippi State,41.0,34.0,40.391,32.482,-7.909,72.873,True,78.7,Spread,7.5,AWAY,0.4089026731132037,L
2025,5,401752720,Tennessee,Mississippi State,41.0,34.0,40.391,32.482,-7.909,72.873,True,78.7,Over,63.5,OVER,9.372923438365888,W
2025,5,401752721,Massachusetts,Missouri,6.0,42.0,8.794,49.561,40.767,58.356,True,72.5,Spread,-44.5,AWAY,3.733107003433858,W
2025,5,401752721,Massachusetts,Missouri,6.0,42.0,8.794,49.561,40.767,58.356,True,72.5,Over,57.5,OVER,0.8557915841933408,L
2025,5,401752722,Kentucky,South Carolina,13.0,35.0,17.711,22.089,4.379,39.8,True,72.5,Spread,-5.5,AWAY,1.1212792381536403,L
2025,5,401752722,Kentucky,South Carolina,13.0,35.0,17.711,22.089,4.379,39.8,True,72.5,Under,46.5,UNDER,6.70014217557496,L
2025,5,401752724,Auburn,Texas AandM,10.0,16.0,20.543,30.142,9.599,50.684,True,78.7,Spread,-6.5,HOME,3.098716566902503,L
2025,5,401752724,Auburn,Texas AandM,10.0,16.0,20.543,30.142,9.599,50.684,True,78.7,Under,51.5,UNDER,0.8155952172410963,W
2025,5,401752725,Utah State,Vanderbilt,35.0,55.0,27.454,50.834,23.381,78.288,True,78.7,Spread,-23.5,AWAY,0.11941704366179806,W
2025,5,401752725,Utah State,Vanderbilt,35.0,55.0,27.454,50.834,23.381,78.288,True,78.7,Over,57.5,OVER,20.78808652497665,W
2025,5,401752849,Rutgers,Minnesota,28.0,31.0,27.242,30.811,3.569,58.053,True,72.5,Spread,-3.5,HOME,0.06896362852922522,L
2025,5,401752849,Rutgers,Minnesota,28.0,31.0,27.242,30.811,3.569,58.053,True,72.5,Over,51.5,OVER,6.552786444172057,W
2025,5,401752850,USC,Illinois,32.0,34.0,39.241,39.753,0.512,78.994,True,81.75,Spread,6.5,HOME,7.012308072994458,W
2025,5,401752850,USC,Illinois,32.0,34.0,39.241,39.753,0.512,78.994,True,81.75,Over,62.5,OVER,16.49384071304027,W
2025,5,401752851,UCLA,Northwestern,14.0,17.0,12.956,26.327,13.371,39.284,True,72.5,Spread,-6.0,HOME,7.370766358783065,L
2025,5,401752851,UCLA,Northwestern,14.0,17.0,12.956,26.327,13.371,39.284,True,72.5,Under,45.5,UNDER,6.2163550395265545,W
2025,5,401752852,Ohio State,Washington,24.0,6.0,28.871,31.712,2.841,60.583,True,72.5,Spread,9.5,HOME,12.341452402657445,L
2025,5,401752852,Ohio State,Washington,24.0,6.0,28.871,31.712,2.841,60.583,True,72.5,Over,52.5,OVER,8.08326926244029,L
2025,5,401752853,Indiana,Iowa,20.0,15.0,35.634,25.137,-10.497,60.771,True,84.85,Spread,9.5,AWAY,0.9971273702185286,L
2025,5,401752853,Indiana,Iowa,20.0,15.0,35.634,25.137,-10.497,60.771,True,84.85,Over,47.5,OVER,13.270765358789511,L
2025,5,401752854,Oregon,Penn State,30.0,24.0,28.74,32.675,3.935,61.415,True,81.75,Spread,-3.5,HOME,0.4345406847273523,L
2025,5,401752854,Oregon,Penn State,30.0,24.0,28.74,32.675,3.935,61.415,True,81.75,Over,53.5,OVER,7.9147805392479995,W
2025,5,401752939,Houston,Oregon State,27.0,24.0,27.267,11.858,-15.408,39.125,True,75.6,Spread,11.5,AWAY,3.9082219952812096,L
2025,5,401752939,Houston,Oregon State,27.0,24.0,27.267,11.858,-15.408,39.125,True,75.6,Under,48.5,UNDER,9.37510667876969,L
2025,5,401752950,Washington State,Colorado State,20.0,3.0,28.451,33.989,5.538,62.44,True,72.5,Spread,-4.5,HOME,1.0381297213677563,L
2025,5,401752950,Washington State,Colorado State,20.0,3.0,28.451,33.989,5.538,62.44,True,72.5,Over,48.5,OVER,13.93964339269904,L
2025,5,401754543,Florida State,Virginia,38.0,46.0,23.884,28.727,4.843,52.611,True,72.5,Spread,7.0,HOME,11.842551983272351,W
2025,5,401754543,Florida State,Virginia,38.0,46.0,23.884,28.727,4.843,52.611,True,72.5,Under,59.5,UNDER,6.888739525167999,L
2025,5,401754544,California,Boston College,28.0,24.0,17.465,28.941,11.476,46.405,True,72.5,Spread,-6.0,HOME,5.475803726848824,L
2025,5,401754544,California,Boston College,28.0,24.0,17.465,28.941,11.476,46.405,True,72.5,Under,54.5,UNDER,8.09450320880228,W
2025,5,401754545,Duke,Syracuse,38.0,3.0,31.459,37.198,5.739,68.657,True,75.6,Spread,4.0,HOME,9.738639872131511,L
2025,5,401754545,Duke,Syracuse,38.0,3.0,31.459,37.198,5.739,68.657,True,75.6,Over,59.5,OVER,9.156829514690614,L
2025,5,401754546,Georgia Tech,Wake Forest,30.0,29.0,33.907,29.334,-4.573,63.241,True,75.6,Spread,13.5,HOME,8.927046537947984,W
2025,5,401754546,Georgia Tech,Wake Forest,30.0,29.0,33.907,29.334,-4.573,63.241,True,75.6,Over,53.5,OVER,9.741129379442228,W
2025,5,401754547,Louisville,Pittsburgh,34.0,27.0,29.58,26.285,-3.295,55.866,True,72.5,Spread,3.0,AWAY,0.29470441903102795,W
2025,5,401754547,Louisville,Pittsburgh,34.0,27.0,29.58,26.285,-3.295,55.866,True,72.5,Over,53.5,OVER,2.365540803356957,W
2025,5,401754548,Virginia Tech,NC State,23.0,21.0,23.002,35.6,12.598,58.602,True,78.65,Spread,-10.0,HOME,2.597828196804258,L
2025,5,401754548,Virginia Tech,NC State,23.0,21.0,23.002,35.6,12.598,58.602,True,78.65,Over,57.5,OVER,1.1020443209430653,L
2025,5,401754549,San José State,Stanford,29.0,30.0,18.809,27.948,9.139,46.758,True,72.5,Spread,-3.0,HOME,6.1393421283877245,L
2025,5,401754549,San José State,Stanford,29.0,30.0,18.809,27.948,9.139,46.758,True,72.5,Under,49.5,UNDER,2.7423670534114137,L
2025,5,401756902,TCU,Arizona State,24.0,27.0,36.505,40.097,3.593,76.602,True,75.6,Spread,-3.0,HOME,0.5928307649160871,P
2025,5,401756902,TCU,Arizona State,24.0,27.0,36.505,40.097,3.593,76.602,True,75.6,Over,54.5,OVER,22.101880581630013,L
2025,5,401756903,BYU,Colorado,24.0,21.0,27.939,22.441,-5.499,50.38,True,75.6,Spread,6.5,HOME,1.0014470376848905,W
2025,5,401756903,BYU,Colorado,24.0,21.0,27.939,22.441,-5.499,50.38,True,75.6,Over,48.5,OVER,1.880367915799333,L
2025,5,401756904,Arizona,Iowa State,14.0,39.0,20.578,29.725,9.147,50.302,True,72.5,Spread,-4.0,HOME,5.147191168987696,W
2025,5,401756904,Arizona,Iowa State,14.0,39.0,20.578,29.725,9.147,50.302,True,72.5,Over,48.5,OVER,1.8024652676763253,W
2025,5,401756905,Cincinnati,Kansas,37.0,34.0,30.539,42.817,12.278,73.357,True,72.5,Spread,-5.5,HOME,6.778105768225519,L
2025,5,401756905,Cincinnati,Kansas,37.0,34.0,30.539,42.817,12.278,73.357,True,72.5,Over,55.5,OVER,17.856592452940134,W
2025,5,401756906,UCF,Kansas State,20.0,34.0,25.908,31.241,5.333,57.149,True,69.4,Spread,-6.0,AWAY,0.6669035601059505,L
2025,5,401756906,UCF,Kansas State,20.0,34.0,25.908,31.241,5.333,57.149,True,69.4,Over,48.5,OVER,8.649206589473536,W
2025,5,401756907,Baylor,Oklahoma State,45.0,27.0,42.642,28.809,-13.833,71.451,True,69.4,Spread,21.0,HOME,7.1671788219613894,W
2025,5,401756907,Baylor,Oklahoma State,45.0,27.0,42.642,28.809,-13.833,71.451,True,69.4,Over,58.5,OVER,12.950934624291577,W
2025,5,401756908,Utah,West Virginia,48.0,14.0,29.837,21.293,-8.544,51.129,True,75.6,Spread,13.5,HOME,4.956208519421693,L
2025,5,401756908,Utah,West Virginia,48.0,14.0,29.837,21.293,-8.544,51.129,True,75.6,Over,46.5,OVER,4.629477509163735,W
2025,5,401757170,UConn,Buffalo,20.0,17.0,27.739,28.627,0.888,56.366,True,75.6,Spread,3.0,HOME,3.887616351233632,P
2025,5,401757170,UConn,Buffalo,20.0,17.0,27.739,28.627,0.888,56.366,True,75.6,Over,51.5,OVER,4.8664083590183935,L
2025,5,401757269,Jacksonville State,Southern Miss,25.0,42.0,30.001,24.967,-5.034,54.967,True,78.7,Spread,-4.5,AWAY,9.53354562536638,L
2025,5,401757269,Jacksonville State,Southern Miss,25.0,42.0,30.001,24.967,-5.034,54.967,True,78.7,Under,55.5,UNDER,0.5325076952430834,L
2025,5,401757270,Middle Tennessee,Kennesaw State,16.0,24.0,15.514,27.051,11.538,42.565,True,75.6,Spread,-7.0,HOME,4.537719673662735,W
2025,5,401757270,Middle Tennessee,Kennesaw State,16.0,24.0,15.514,27.051,11.538,42.565,True,75.6,Under,54.5,UNDER,11.934735643645197,W
2025,5,401757271,Liberty,Old Dominion,7.0,21.0,17.161,41.783,24.622,58.944,True,72.5,Spread,-14.5,HOME,10.122120348638518,L
2025,5,401757271,Liberty,Old Dominion,7.0,21.0,17.161,41.783,24.622,58.944,True,72.5,Over,53.5,OVER,5.444483615955548,L
2025,5,401757272,Louisiana Tech,UTEP,30.0,11.0,16.332,7.958,-8.374,24.289,True,75.6,Spread,3.5,AWAY,4.874097271382203,W
2025,5,401757272,Louisiana Tech,UTEP,30.0,11.0,16.332,7.958,-8.374,24.289,True,75.6,Under,48.5,UNDER,24.210556276445963,W
2025,5,401757273,Western Kentucky,Missouri State,27.0,22.0,40.45,35.186,-5.264,75.636,True,78.7,Spread,3.5,AWAY,1.7644097678656152,W
2025,5,401757273,Western Kentucky,Missouri State,27.0,22.0,40.45,35.186,-5.264,75.636,True,78.7,Over,59.5,OVER,16.136304471398645,L
2025,5,401757274,New Mexico State,New Mexico,20.0,38.0,30.179,45.721,15.542,75.899,True,69.4,Spread,-16.5,AWAY,0.9575728094914808,L
2025,5,401757274,New Mexico State,New Mexico,20.0,38.0,30.179,45.721,15.542,75.899,True,69.4,Over,53.5,OVER,22.399451955349903,W
2025,5,401760378,Hawai'i,Air Force,44.0,35.0,26.382,26.669,0.287,53.051,True,75.55,Spread,-7.0,AWAY,6.712697865099173,W
2025,5,401760378,Hawai'i,Air Force,44.0,35.0,26.382,26.669,0.287,53.051,True,75.55,Over,52.5,OVER,0.5510503743004307,W
2025,5,401760379,App State,Boise State,14.0,47.0,25.474,44.29,18.817,69.764,True,72.5,Spread,-16.5,HOME,2.316503519569917,W
2025,5,401760379,App State,Boise State,14.0,47.0,25.474,44.29,18.817,69.764,True,72.5,Over,59.5,OVER,10.264289088026317,W
2025,5,401760380,San Diego State,Northern Illinois,6.0,3.0,21.13,20.557,-0.572,41.687,True,69.4,Spread,1.5,HOME,0.9276512971902449,L
2025,5,401760380,San Diego State,Northern Illinois,6.0,3.0,21.13,20.557,-0.572,41.687,True,69.4,Over,41.5,OVER,0.18687177720433823,L
2025,5,401761614,Georgia Southern,James Madison,10.0,35.0,23.057,38.05,14.993,61.107,True,75.6,Spread,-14.5,HOME,0.4933155149455075,W
2025,5,401761614,Georgia Southern,James Madison,10.0,35.0,23.057,38.05,14.993,61.107,True,75.6,Over,54.5,OVER,6.607299642282044,L
2025,5,401761615,Marshall,Louisiana,51.0,54.0,31.156,28.391,-2.765,59.547,True,75.6,Spread,2.5,AWAY,0.26488773417202083,L
2025,5,401761615,Marshall,Louisiana,51.0,54.0,31.156,28.391,-2.765,59.547,True,75.6,Over,47.5,OVER,12.047097086268735,W
2025,5,401761616,Arkansas State,UL Monroe,16.0,28.0,29.875,31.558,1.683,61.434,True,72.5,Spread,-1.5,HOME,0.1828999573782113,W
2025,5,401761616,Arkansas State,UL Monroe,16.0,28.0,29.875,31.558,1.683,61.434,True,72.5,Over,55.5,OVER,5.933745300447832,L
2025,5,401761617,South Alabama,North Texas,22.0,36.0,30.257,52.176,21.919,82.433,True,75.6,Spread,-13.5,HOME,8.418960522903262,W
2025,5,401761617,South Alabama,North Texas,22.0,36.0,30.257,52.176,21.919,82.433,True,75.6,Over,63.5,OVER,18.932692939033913,L
2025,5,401762471,Army,East Carolina,6.0,28.0,29.691,31.956,2.265,61.648,True,75.6,Spread,-3.5,AWAY,1.235014603584176,L
2025,5,401762471,Army,East Carolina,6.0,28.0,29.691,31.956,2.265,61.648,True,75.6,Over,52.5,OVER,9.14758237308638,L
2025,5,401762472,Memphis,Florida Atlantic,55.0,26.0,35.474,22.474,-13.0,57.948,True,72.5,Spread,14.0,HOME,0.9998308822921871,L
2025,5,401762472,Memphis,Florida Atlantic,55.0,26.0,35.474,22.474,-13.0,57.948,True,72.5,Under,62.5,UNDER,4.551853912678951,L
2025,5,401762473,Rice,Navy,13.0,21.0,12.358,38.624,26.267,50.982,True,75.6,Spread,-14.0,HOME,12.266546063584109,L
2025,5,401762473,Rice,Navy,13.0,21.0,12.358,38.624,26.267,50.982,True,75.6,Over,45.5,OVER,5.482075418684609,L
2025,5,401762474,Tulane,Tulsa,31.0,14.0,37.257,26.231,-11.026,63.487,True,78.65,Spread,14.5,HOME,3.474042022719857,L
2025,5,401762474,Tulane,Tulsa,31.0,14.0,37.257,26.231,-11.026,63.487,True,78.65,Over,52.5,OVER,10.987468257313992,L
2025,5,401762824,Akron,Toledo,3.0,45.0,7.079,31.54,24.46,38.619,True,75.6,Spread,-21.5,HOME,2.9600364182683947,W
2025,5,401762824,Akron,Toledo,3.0,45.0,7.079,31.54,24.46,38.619,True,75.6,Under,50.5,UNDER,11.881003090101181,W
2025,5,401762825,Bowling Green,Ohio,20.0,35.0,18.332,28.131,9.799,46.463,True,75.6,Spread,-7.5,HOME,2.2993989992977575,W
2025,5,401762825,Bowling Green,Ohio,20.0,35.0,18.332,28.131,9.799,46.463,True,75.6,Under,49.5,UNDER,3.0371738631977507,L
2025,5,401762826,Eastern Michigan,Central Michigan,13.0,24.0,28.282,30.283,2.001,58.565,True,75.6,Spread,-3.0,AWAY,0.9988183052327813,L
2025,5,401762826,Eastern Michigan,Central Michigan,13.0,24.0,28.282,30.283,2.001,58.565,True,75.6,Over,55.5,OVER,3.065342535841708,L
2025,5,401762827,Lindenwood,Miami (OH),0.0,38.0,8.778,32.667,23.889,41.444,False,69.45,Spread,-22.5,HOME,1.3890359282178864,W
2025,5,401762827,Lindenwood,Miami (OH),0.0,38.0,8.778,32.667,23.889,41.444,False,69.45,Under,49.5,UNDER,8.055874860903835,W
2025,5,401762828,Rhode Island,Western Michigan,14.0,47.0,3.0,37.715,34.715,40.715,False,69.4,Spread,-7.0,HOME,27.715084234034308,W
2025,5,401762828,Rhode Island,Western Michigan,14.0,47.0,3.0,37.715,34.715,40.715,False,69.4,Under,45.5,UNDER,4.7849157659656925,L
2025,6,401752726,Vanderbilt,Alabama,14.0,30.0,35.755,40.597,4.842,76.352,True,87.9,Spread,-13.5,AWAY,8.658181253668118,L
2025,6,401752726,Vanderbilt,Alabama,14.0,30.0,35.755,40.597,4.842,76.352,True,87.9,Over,57.5,OVER,18.85203388681694,L
2025,6,401752727,Texas,Florida,21.0,29.0,18.974,15.411,-3.563,34.385,True,78.65,Spread,4.5,HOME,0.9366060027215681,W
2025,6,401752727,Texas,Florida,21.0,29.0,18.974,15.411,-3.563,34.385,True,78.65,Under,42.5,UNDER,8.11490173401247,L
2025,6,401752728,Kentucky,Georgia,14.0,35.0,17.905,34.173,16.267,52.078,True,78.7,Spread,-19.5,AWAY,3.232602136727593,L
2025,6,401752728,Kentucky,Georgia,14.0,35.0,17.905,34.173,16.267,52.078,True,78.7,Over,48.5,OVER,3.5778809533101565,W
2025,6,401752729,Kent State,Oklahoma,0.0,44.0,6.085,47.53,41.445,53.615,True,75.6,Spread,-46.5,AWAY,5.055394567459587,W
2025,6,401752729,Kent State,Oklahoma,0.0,44.0,6.085,47.53,41.445,53.615,True,75.6,Over,53.5,OVER,0.11537066505249527,L
2025,6,401752730,Mississippi State,Texas AandM,9.0,31.0,22.875,36.717,13.842,59.592,True,84.8,Spread,-17.5,AWAY,3.6583503376302247,L
2025,6,401752730,Mississippi State,Texas AandM,9.0,31.0,22.875,36.717,13.842,59.592,True,84.8,Over,57.5,OVER,2.0924542639063617,L
2025,6,401752855,Penn State,UCLA,37.0,42.0,35.713,17.367,-18.346,53.08,True,78.7,Spread,24.5,HOME,6.153994520809405,W
2025,6,401752855,Penn State,UCLA,37.0,42.0,35.713,17.367,-18.346,53.08,True,78.7,Over,48.5,OVER,4.5797098555665485,W
2025,6,401752856,Wisconsin,Michigan,10.0,24.0,14.099,28.11,14.011,42.21,True,81.75,Spread,-17.5,AWAY,3.4889359581660884,W
2025,6,401752856,Wisconsin,Michigan,10.0,24.0,14.099,28.11,14.011,42.21,True,81.75,Under,42.5,UNDER,0.2903258686121859,W
2025,6,401752857,Washington,Maryland,24.0,20.0,27.124,24.128,-2.996,51.252,True,75.6,Spread,5.5,HOME,2.503727761171433,W
2025,6,401752857,Washington,Maryland,24.0,20.0,27.124,24.128,-2.996,51.252,True,75.6,Under,52.5,UNDER,1.247655760752565,W
2025,6,401752858,UL Monroe,Northwestern,7.0,42.0,13.03,25.544,12.513,38.574,True,75.6,Spread,-12.5,HOME,0.013176251995624,W
2025,6,401752858,UL Monroe,Northwestern,7.0,42.0,13.03,25.544,12.513,38.574,True,75.6,Under,43.5,UNDER,4.925841966777583,L
2025,6,401752859,Minnesota,Ohio State,3.0,42.0,10.84,33.875,23.035,44.715,True,78.7,Spread,-23.5,AWAY,0.4650779352000285,L
2025,6,401752859,Minnesota,Ohio State,3.0,42.0,10.84,33.875,23.035,44.715,True,78.7,Over,42.5,OVER,2.2148439996773277,W
2025,6,401752860,Michigan State,Nebraska,27.0,38.0,23.528,34.369,10.841,57.897,True,75.6,Spread,-12.5,AWAY,1.6593846401294883,W
2025,6,401752860,Michigan State,Nebraska,27.0,38.0,23.528,34.369,10.841,57.897,True,75.6,Over,48.5,OVER,9.396900778379404,W
2025,6,401752861,Illinois,Purdue,43.0,27.0,40.51,28.433,-12.077,68.942,True,78.65,Spread,7.0,AWAY,5.076760216107445,W
2025,6,401752861,Illinois,Purdue,43.0,27.0,40.51,28.433,-12.077,68.942,True,78.65,Over,54.5,OVER,14.442244285975647,W
2025,6,401752940,Oregon State,App State,23.0,27.0,30.916,29.129,-1.787,60.044,True,81.75,Spread,-1.5,AWAY,3.2867650593019775,L
2025,6,401752940,Oregon State,App State,23.0,27.0,30.916,29.129,-1.787,60.044,True,81.75,Over,53.5,OVER,6.544311165476678,L
2025,6,401754550,Boston College,Pittsburgh,7.0,48.0,21.933,27.868,5.935,49.802,True,75.6,Spread,-7.0,AWAY,1.0646375398237282,L
2025,6,401754550,Boston College,Pittsburgh,7.0,48.0,21.933,27.868,5.935,49.802,True,75.6,Under,54.5,UNDER,4.698486521178609,L
2025,6,401754551,Duke,California,45.0,21.0,26.814,24.056,-2.758,50.87,True,84.8,Spread,3.5,HOME,0.7421584909778574,L
2025,6,401754551,Duke,California,45.0,21.0,26.814,24.056,-2.758,50.87,True,84.8,Under,54.5,UNDER,3.62990934867684,L
2025,6,401754552,Clemson,North Carolina,38.0,10.0,26.694,19.402,-7.292,46.097,True,78.65,Spread,15.5,HOME,8.207880924113887,L
2025,6,401754552,Clemson,North Carolina,38.0,10.0,26.694,19.402,-7.292,46.097,True,78.65,Under,47.5,UNDER,1.40316764787066,L
2025,6,401754553,Miami,Florida State,28.0,22.0,30.313,26.809,-3.504,57.122,True,82.25,Spread,3.5,AWAY,0.004347426810248578,W
2025,6,401754553,Miami,Florida State,28.0,22.0,30.313,26.809,-3.504,57.122,True,82.25,Over,54.5,OVER,2.6223652575284575,L
2025,6,401754554,Virginia,Louisville,30.0,27.0,30.546,33.205,2.659,63.751,True,81.75,Spread,-6.5,AWAY,3.841248359164169,W
2025,6,401754554,Virginia,Louisville,30.0,27.0,30.546,33.205,2.659,63.751,True,81.75,Over,59.5,OVER,4.250647316754083,L
2025,6,401754555,Syracuse,SMU,18.0,31.0,27.64,41.019,13.379,68.659,True,78.7,Spread,-17.5,AWAY,4.1211771227655305,W
2025,6,401754555,Syracuse,SMU,18.0,31.0,27.64,41.019,13.379,68.659,True,78.7,Over,56.5,OVER,12.158907159576643,L
2025,6,401754556,Wake Forest,Virginia Tech,30.0,23.0,24.144,30.293,6.149,54.436,True,78.7,Spread,-4.5,HOME,1.649181873928761,L
2025,6,401754556,Wake Forest,Virginia Tech,30.0,23.0,24.144,30.293,6.149,54.436,True,78.7,Over,51.5,OVER,2.9364267083725792,W
2025,6,401754557,Campbell,NC State,10.0,56.0,16.989,51.885,34.896,68.875,False,75.6,Spread,-42.5,AWAY,7.604126953549354,L
2025,6,401754557,Campbell,NC State,10.0,56.0,16.989,51.885,34.896,68.875,False,75.6,Over,61.5,OVER,7.374792729414253,W
2025,6,401756909,West Virginia,BYU,24.0,38.0,14.174,40.772,26.598,54.945,True,78.7,Spread,-19.5,HOME,7.098353267220443,L
2025,6,401756909,West Virginia,BYU,24.0,38.0,14.174,40.772,26.598,54.945,True,78.7,Over,46.5,OVER,8.445408739271826,W
2025,6,401756910,Oklahoma State,Arizona,13.0,41.0,20.103,39.239,19.136,59.342,True,75.6,Spread,-21.5,AWAY,2.3641445130795304,L
2025,6,401756910,Oklahoma State,Arizona,13.0,41.0,20.103,39.239,19.136,59.342,True,75.6,Over,56.5,OVER,2.842124182429437,L
2025,6,401756911,Kansas State,Baylor,34.0,35.0,28.814,35.342,6.528,64.155,True,78.7,Spread,-4.5,HOME,2.028330260772922,L
2025,6,401756911,Kansas State,Baylor,34.0,35.0,28.814,35.342,6.528,64.155,True,78.7,Over,59.5,OVER,4.655490157963243,W
2025,6,401756912,Iowa State,Cincinnati,30.0,38.0,34.083,31.209,-2.874,65.292,True,78.7,Spread,-1.5,AWAY,4.374307804582511,L
2025,6,401756912,Iowa State,Cincinnati,30.0,38.0,34.083,31.209,-2.874,65.292,True,78.7,Over,55.5,OVER,9.792359870029799,W
2025,6,401756913,Texas Tech,Houston,35.0,11.0,24.251,20.591,-3.66,44.842,True,78.7,Spread,13.5,HOME,9.839623223979402,L
2025,6,401756913,Texas Tech,Houston,35.0,11.0,24.251,20.591,-3.66,44.842,True,78.7,Under,51.5,UNDER,6.657865041209831,W
2025,6,401756914,Colorado,TCU,21.0,35.0,30.093,37.203,7.109,67.296,True,81.75,Spread,-13.5,AWAY,6.390575429747582,L
2025,6,401756914,Colorado,TCU,21.0,35.0,30.093,37.203,7.109,67.296,True,81.75,Over,57.5,OVER,9.795892669003024,L
2025,6,401756915,Kansas,UCF,27.0,20.0,37.107,37.229,0.122,74.337,True,75.6,Spread,4.0,HOME,4.122134550042361,L
2025,6,401756915,Kansas,UCF,27.0,20.0,37.107,37.229,0.122,74.337,True,75.6,Over,53.5,OVER,20.836778378038417,L
2025,6,401757165,Boise State,Notre Dame,7.0,28.0,23.539,50.701,27.162,74.239,True,78.7,Spread,-21.5,HOME,5.661982174014351,L
2025,6,401757165,Boise State,Notre Dame,7.0,28.0,23.539,50.701,27.162,74.239,True,78.7,Over,63.5,OVER,10.73927252765796,L
2025,6,401757171,Florida International,UConn,10.0,51.0,22.451,35.287,12.836,57.739,True,81.75,Spread,-7.0,HOME,5.836323597694651,W
2025,6,401757171,Florida International,UConn,10.0,51.0,22.451,35.287,12.836,57.739,True,81.75,Over,52.5,OVER,5.238623165649692,W
2025,6,401757275,Sam Houston,New Mexico State,10.0,37.0,18.636,22.857,4.221,41.493,True,75.6,Spread,2.5,HOME,6.72092552425439,W
2025,6,401757275,Sam Houston,New Mexico State,10.0,37.0,18.636,22.857,4.221,41.493,True,75.6,Under,52.5,UNDER,11.00661307274519,W
2025,6,401757276,Western Kentucky,Delaware,27.0,24.0,28.37,30.939,2.569,59.309,True,81.75,Spread,-2.5,HOME,0.06917731568839969,L
2025,6,401757276,Western Kentucky,Delaware,27.0,24.0,28.37,30.939,2.569,59.309,True,81.75,Under,62.5,UNDER,3.1907363389319556,W
2025,6,401760381,Air Force,Navy,31.0,34.0,23.04,44.839,21.8,67.879,True,75.6,Spread,-13.5,HOME,8.299525947859024,L
2025,6,401760381,Air Force,Navy,31.0,34.0,23.04,44.839,21.8,67.879,True,75.6,Over,50.5,OVER,17.379328349929807,W
2025,6,401760382,Colorado State,San Diego State,24.0,45.0,15.585,25.342,9.757,40.927,True,75.6,Spread,-4.5,HOME,5.2566245740213,W
2025,6,401760382,Colorado State,San Diego State,24.0,45.0,15.585,25.342,9.757,40.927,True,75.6,Over,40.5,OVER,0.42707625205677857,W
2025,6,401760383,Nevada,Fresno State,17.0,20.0,16.106,36.068,19.962,52.174,True,78.65,Spread,-12.5,HOME,7.4615189247877325,L
2025,6,401760383,Nevada,Fresno State,17.0,20.0,16.106,36.068,19.962,52.174,True,78.65,Over,45.5,OVER,6.674261274842586,L
2025,6,401760384,New Mexico,San José State,28.0,35.0,33.326,32.93,-0.396,66.255,True,75.6,Spread,-1.5,AWAY,1.8960576879330517,L
2025,6,401760384,New Mexico,San José State,28.0,35.0,33.326,32.93,-0.396,66.255,True,75.6,Over,58.5,OVER,7.755297142242512,W
2025,6,401760385,UNLV,Wyoming,31.0,17.0,23.849,20.674,-3.174,44.523,True,75.6,Spread,4.5,HOME,1.3256335753425148,L
2025,6,401760385,UNLV,Wyoming,31.0,17.0,23.849,20.674,-3.174,44.523,True,75.6,Under,50.5,UNDER,5.976786127090939,W
2025,6,401761618,James Madison,Georgia State,14.0,7.0,37.179,20.771,-16.407,57.95,True,75.6,Spread,19.5,HOME,3.09252156860504,W
2025,6,401761618,James Madison,Georgia State,14.0,7.0,37.179,20.771,-16.407,57.95,True,75.6,Over,52.5,OVER,5.450027683466544,L
2025,6,401761619,Coastal Carolina,Old Dominion,7.0,47.0,14.359,36.482,22.123,50.84,True,78.7,Spread,-18.5,HOME,3.622778252473278,W
2025,6,401761619,Coastal Carolina,Old Dominion,7.0,47.0,14.359,36.482,22.123,50.84,True,78.7,Under,53.5,UNDER,2.6595876500420417,L
2025,6,401761620,Texas State,Arkansas State,30.0,31.0,38.567,25.565,-13.002,64.132,True,81.75,Spread,14.0,HOME,0.9979085572325879,W
2025,6,401761620,Texas State,Arkansas State,30.0,31.0,38.567,25.565,-13.002,64.132,True,81.75,Over,63.5,OVER,0.6324549710614207,L
2025,6,401761621,South Alabama,Troy,24.0,31.0,29.457,30.017,0.56,59.474,True,78.7,Spread,2.5,HOME,3.0598473296566766,W
2025,6,401761621,South Alabama,Troy,24.0,31.0,29.457,30.017,0.56,59.474,True,78.7,Over,46.5,OVER,12.974246754801186,W
2025,6,401762475,Charlotte,South Florida,26.0,54.0,8.342,38.614,30.272,46.956,True,75.6,Spread,-27.5,HOME,2.7715968797075092,W
2025,6,401762475,Charlotte,South Florida,26.0,54.0,8.342,38.614,30.272,46.956,True,75.6,Under,54.5,UNDER,7.543584887221833,L
2025,6,401762476,Army,UAB,31.0,13.0,43.332,33.602,-9.73,76.934,True,75.6,Spread,6.5,AWAY,3.2296896090593776,W
2025,6,401762476,Army,UAB,31.0,13.0,43.332,33.602,-9.73,76.934,True,75.6,Over,55.5,OVER,21.43400420260653,L
2025,6,401762477,Florida Atlantic,Rice,27.0,21.0,16.871,25.06,8.19,41.931,True,78.65,Spread,-4.5,HOME,3.689772337843742,L
2025,6,401762477,Florida Atlantic,Rice,27.0,21.0,16.871,25.06,8.19,41.931,True,78.65,Under,54.5,UNDER,12.569219131464749,W
2025,6,401762478,Tulsa,Memphis,7.0,45.0,18.302,41.648,23.346,59.95,True,81.75,Spread,-21.0,HOME,2.345854307635207,W
2025,6,401762478,Tulsa,Memphis,7.0,45.0,18.302,41.648,23.346,59.95,True,81.75,Over,54.5,OVER,5.450140223911276,L
2025,6,401762479,UTSA,Temple,21.0,27.0,29.051,23.719,-5.332,52.771,True,75.6,Spread,6.5,HOME,1.1679495333386427,W
2025,6,401762479,UTSA,Temple,21.0,27.0,29.051,23.719,-5.332,52.771,True,75.6,Under,58.5,UNDER,5.729340220394178,W
2025,6,401762829,Central Michigan,Akron,22.0,28.0,21.312,23.673,2.36,44.985,True,81.75,Spread,7.0,HOME,9.36043863235549,W
2025,6,401762829,Central Michigan,Akron,22.0,28.0,21.312,23.673,2.36,44.985,True,81.75,Under,47.5,UNDER,2.514578002523862,L
2025,6,401762830,Ohio,Ball State,14.0,20.0,35.901,24.102,-11.799,60.004,True,78.65,Spread,14.0,HOME,2.2011400286952494,W
2025,6,401762830,Ohio,Ball State,14.0,20.0,35.901,24.102,-11.799,60.004,True,78.65,Over,52.5,OVER,7.503597931401558,L
2025,6,401762831,Eastern Michigan,Buffalo,30.0,31.0,23.211,35.271,12.06,58.481,True,78.7,Spread,-9.5,HOME,2.56023243568427,L
2025,6,401762831,Eastern Michigan,Buffalo,30.0,31.0,23.211,35.271,12.06,58.481,True,78.7,Over,53.5,OVER,4.9813012601613025,W
2025,6,401762832,Western Michigan,Massachusetts,21.0,3.0,36.849,20.826,-16.023,57.675,True,78.65,Spread,12.5,AWAY,3.5226032741904483,W
2025,6,401762832,Western Michigan,Massachusetts,21.0,3.0,36.849,20.826,-16.023,57.675,True,78.65,Over,46.5,OVER,11.175042739633867,L
2025,6,401762873,Miami (OH),Northern Illinois,25.0,14.0,9.887,17.164,7.278,27.051,True,75.6,Spread,4.5,HOME,11.777864072151075,L
2025,6,401762873,Miami (OH),Northern Illinois,25.0,14.0,9.887,17.164,7.278,27.051,True,75.6,Under,38.5,UNDER,11.449085595837865,L
2025,7,401752731,Georgia,Auburn,20.0,10.0,23.685,23.475,-0.209,47.16,True,84.8,Spread,4.5,HOME,4.290686972237147,L
2025,7,401752731,Georgia,Auburn,20.0,10.0,23.685,23.475,-0.209,47.16,True,84.8,Over,46.5,OVER,0.6597569257660325,L
2025,7,401752732,South Carolina,LSU,10.0,20.0,16.995,24.706,7.711,41.701,True,81.75,Spread,-8.5,AWAY,0.7886313118317929,L
2025,7,401752732,South Carolina,LSU,10.0,20.0,16.995,24.706,7.711,41.701,True,81.75,Under,44.5,UNDER,2.798528055029365,W
2025,7,401752733,Washington State,Ole Miss,21.0,24.0,20.873,47.342,26.469,68.216,True,88.4,Spread,-33.5,AWAY,7.030762595846198,W
2025,7,401752733,Washington State,Ole Miss,21.0,24.0,20.873,47.342,26.469,68.216,True,88.4,Over,58.5,OVER,9.715624376427655,L
2025,7,401752734,Alabama,Missouri,27.0,24.0,27.648,30.715,3.067,58.363,True,88.4,Spread,3.0,HOME,6.06743387791979,P
2025,7,401752734,Alabama,Missouri,27.0,24.0,27.648,30.715,3.067,58.363,True,88.4,Over,50.5,OVER,7.863275579708784,W
2025,7,401752735,Arkansas,Tennessee,31.0,34.0,37.006,51.061,14.055,88.068,True,81.75,Spread,-10.0,HOME,4.055010591140146,L
2025,7,401752735,Arkansas,Tennessee,31.0,34.0,37.006,51.061,14.055,88.068,True,81.75,Over,68.5,OVER,19.567791068708743,L
2025,7,401752736,Oklahoma,Texas,6.0,23.0,12.61,12.685,0.075,25.294,True,87.9,Spread,-2.5,AWAY,2.4252712008135617,L
2025,7,401752736,Oklahoma,Texas,6.0,23.0,12.61,12.685,0.075,25.294,True,87.9,Under,44.5,UNDER,19.20570688734922,W
2025,7,401752737,Florida,Texas AandM,17.0,34.0,13.54,24.038,10.499,37.578,True,84.85,Spread,-7.0,HOME,3.4985394276571,W
2025,7,401752737,Florida,Texas AandM,17.0,34.0,13.54,24.038,10.499,37.578,True,84.85,Under,47.5,UNDER,9.921864844016213,L
2025,7,401752862,Rutgers,Washington,19.0,38.0,31.746,44.991,13.245,76.737,True,81.75,Spread,-9.5,HOME,3.745256436466093,W
2025,7,401752862,Rutgers,Washington,19.0,38.0,31.746,44.991,13.245,76.737,True,81.75,Over,62.5,OVER,14.237170682242564,L
2025,7,401752863,UCLA,Michigan State,38.0,13.0,24.236,34.536,10.3,58.771,True,81.75,Spread,-7.0,HOME,3.2998683055264735,L
2025,7,401752863,UCLA,Michigan State,38.0,13.0,24.236,34.536,10.3,58.771,True,81.75,Over,51.5,OVER,7.27122895916871,L
2025,7,401752864,Purdue,Minnesota,20.0,27.0,24.894,33.742,8.848,58.635,True,81.75,Spread,-7.5,HOME,1.3482775269494915,L
2025,7,401752864,Purdue,Minnesota,20.0,27.0,24.894,33.742,8.848,58.635,True,81.75,Over,49.5,OVER,9.13548431612088,L
2025,7,401752865,Ohio State,Illinois,34.0,16.0,31.695,27.74,-3.955,59.435,True,87.9,Spread,14.5,HOME,10.545056093231942,L
2025,7,401752865,Ohio State,Illinois,34.0,16.0,31.695,27.74,-3.955,59.435,True,87.9,Over,51.5,OVER,7.934572999656261,L
2025,7,401752866,Northwestern,Penn State,22.0,21.0,15.077,30.765,15.687,45.842,True,84.8,Spread,-20.5,AWAY,4.812860722806363,W
2025,7,401752866,Northwestern,Penn State,22.0,21.0,15.077,30.765,15.687,45.842,True,84.8,Under,46.5,UNDER,0.6579141759663685,W
2025,7,401752867,Nebraska,Maryland,34.0,31.0,21.99,22.926,0.937,44.916,True,81.75,Spread,7.0,HOME,7.936771873026039,W
2025,7,401752867,Nebraska,Maryland,34.0,31.0,21.99,22.926,0.937,44.916,True,81.75,Under,47.5,UNDER,2.5840431925826977,L
2025,7,401752868,Michigan,USC,13.0,31.0,32.796,43.799,11.003,76.596,True,91.0,Spread,-3.0,HOME,8.003313686159743,W
2025,7,401752868,Michigan,USC,13.0,31.0,32.796,43.799,11.003,76.596,True,91.0,Over,58.5,OVER,18.09563599021203,L
2025,7,401752869,Iowa,Wisconsin,37.0,0.0,24.187,16.729,-7.458,40.916,True,84.8,Spread,5.5,AWAY,1.9575128182414474,W
2025,7,401752869,Iowa,Wisconsin,37.0,0.0,24.187,16.729,-7.458,40.916,True,84.8,Over,37.5,OVER,3.4163255667441703,L
2025,7,401752870,Indiana,Oregon,30.0,20.0,38.727,34.617,-4.11,73.344,True,92.0,Spread,-7.0,AWAY,11.109632119548237,W
2025,7,401752870,Indiana,Oregon,30.0,20.0,38.727,34.617,-4.11,73.344,True,92.0,Over,51.5,OVER,21.843930455845737,L
2025,7,401754558,Clemson,Boston College,41.0,10.0,25.019,23.723,-1.296,48.743,True,84.85,Spread,14.0,HOME,12.703978132447773,L
2025,7,401754558,Clemson,Boston College,41.0,10.0,25.019,23.723,-1.296,48.743,True,84.85,Under,54.5,UNDER,5.757428662812288,W
2025,7,401754559,Pittsburgh,Florida State,34.0,31.0,21.111,32.164,11.053,53.275,True,81.75,Spread,-10.5,HOME,0.5531162854830818,L
2025,7,401754559,Pittsburgh,Florida State,34.0,31.0,21.111,32.164,11.053,53.275,True,81.75,Under,56.5,UNDER,3.225452814855899,L
2025,7,401754560,Virginia Tech,Georgia Tech,20.0,35.0,23.939,36.926,12.988,60.865,True,84.8,Spread,-14.0,AWAY,1.0124736620246821,L
2025,7,401754560,Virginia Tech,Georgia Tech,20.0,35.0,23.939,36.926,12.988,60.865,True,84.8,Over,55.5,OVER,5.365012842033558,L
2025,7,401754561,Stanford,SMU,10.0,34.0,16.257,36.151,19.894,52.408,True,84.8,Spread,-19.5,HOME,0.3940255549774605,W
2025,7,401754561,Stanford,SMU,10.0,34.0,16.257,36.151,19.894,52.408,True,84.8,Under,55.5,UNDER,3.0915224298677515,W
2025,7,401754562,NC State,Notre Dame,7.0,36.0,26.251,44.747,18.496,70.998,True,87.9,Spread,-23.5,AWAY,5.004149735894757,L
2025,7,401754562,NC State,Notre Dame,7.0,36.0,26.251,44.747,18.496,70.998,True,87.9,Over,59.5,OVER,11.497958640937654,L
2025,7,401754563,Wake Forest,Oregon State,39.0,14.0,30.81,21.514,-9.297,52.324,True,87.9,Spread,1.5,AWAY,7.796739165520442,W
2025,7,401754563,Wake Forest,Oregon State,39.0,14.0,30.81,21.514,-9.297,52.324,True,87.9,Over,47.5,OVER,4.824090401108421,W
2025,7,401756916,BYU,Arizona,33.0,27.0,26.297,18.989,-7.308,45.286,True,84.8,Spread,2.5,AWAY,4.808433502810914,W
2025,7,401756916,BYU,Arizona,33.0,27.0,26.297,18.989,-7.308,45.286,True,84.8,Under,46.5,UNDER,1.2141637600674784,L
2025,7,401756917,UCF,Cincinnati,11.0,20.0,30.017,37.445,7.428,67.461,True,81.75,Spread,-10.0,AWAY,2.571944737821269,W
2025,7,401756917,UCF,Cincinnati,11.0,20.0,30.017,37.445,7.428,67.461,True,81.75,Over,55.5,OVER,11.961197043611179,L
2025,7,401756918,Iowa State,Colorado,17.0,24.0,28.083,28.643,0.56,56.726,True,87.9,Spread,3.0,HOME,3.5604780213144096,W
2025,7,401756918,Iowa State,Colorado,17.0,24.0,28.083,28.643,0.56,56.726,True,87.9,Over,52.5,OVER,4.225977018715696,L
2025,7,401756919,TCU,Kansas State,28.0,41.0,32.561,32.733,0.171,65.294,True,84.8,Spread,3.0,HOME,3.171379028487422,W
2025,7,401756919,TCU,Kansas State,28.0,41.0,32.561,32.733,0.171,65.294,True,84.8,Over,54.5,OVER,10.793749386967903,W
2025,7,401756920,Houston,Oklahoma State,39.0,17.0,27.067,14.03,-13.037,41.097,True,81.75,Spread,14.5,HOME,1.4632914542373285,L
2025,7,401756920,Houston,Oklahoma State,39.0,17.0,27.067,14.03,-13.037,41.097,True,81.75,Under,47.5,UNDER,6.403218421840982,L
2025,7,401756921,Kansas,Texas Tech,17.0,42.0,29.444,43.095,13.651,72.538,True,84.8,Spread,-13.5,HOME,0.15125520269497983,W
2025,7,401756921,Kansas,Texas Tech,17.0,42.0,29.444,43.095,13.651,72.538,True,84.8,Over,58.5,OVER,14.038451337134575,W
2025,7,401756922,Arizona State,Utah,10.0,42.0,22.916,33.498,10.583,56.414,True,84.8,Spread,-9.5,HOME,1.0829008551023946,W
2025,7,401756922,Arizona State,Utah,10.0,42.0,22.916,33.498,10.583,56.414,True,84.8,Over,44.5,OVER,11.913942789420489,W
2025,7,401757277,Liberty,UTEP,19.0,8.0,15.019,15.938,0.919,30.957,True,78.7,Spread,1.5,HOME,2.419322577760422,L
2025,7,401757277,Liberty,UTEP,19.0,8.0,15.019,15.938,0.919,30.957,True,78.7,Under,46.5,UNDER,15.543215639880316,W
2025,7,401757278,Missouri State,Middle Tennessee,22.0,20.0,34.348,33.314,-1.034,67.662,True,81.75,Spread,3.0,HOME,1.9659470655917346,W
2025,7,401757278,Missouri State,Middle Tennessee,22.0,20.0,34.348,33.314,-1.034,67.662,True,81.75,Over,51.5,OVER,16.16215557481027,L
2025,7,401757279,Jacksonville State,Sam Houston,29.0,27.0,32.382,20.162,-12.22,52.544,True,84.8,Spread,7.0,AWAY,5.220311060302709,L
2025,7,401757279,Jacksonville State,Sam Houston,29.0,27.0,32.382,20.162,-12.22,52.544,True,84.8,Under,53.5,UNDER,0.9556865264244578,L
2025,7,401757280,Louisiana Tech,Kennesaw State,7.0,35.0,19.806,9.79,-10.015,29.596,True,84.8,Spread,4.5,AWAY,5.51533947884846,L
2025,7,401757280,Louisiana Tech,Kennesaw State,7.0,35.0,19.806,9.79,-10.015,29.596,True,84.8,Under,46.5,UNDER,16.904130239147136,W
2025,7,401760386,Air Force,UNLV,48.0,51.0,29.522,44.621,15.099,74.142,True,81.75,Spread,-7.0,HOME,8.098923885075266,L
2025,7,401760386,Air Force,UNLV,48.0,51.0,29.522,44.621,15.099,74.142,True,81.75,Over,65.5,OVER,8.642234236167141,W
2025,7,401760387,New Mexico,Boise State,25.0,41.0,31.117,40.48,9.364,71.597,True,84.8,Spread,-14.5,AWAY,5.13624651889171,L
2025,7,401760387,New Mexico,Boise State,25.0,41.0,31.117,40.48,9.364,71.597,True,84.8,Over,58.5,OVER,13.09680780779658,W
2025,7,401760388,Fresno State,Colorado State,21.0,49.0,24.967,22.892,-2.075,47.858,True,84.85,Spread,5.5,HOME,3.425077448576573,W
2025,7,401760388,Fresno State,Colorado State,21.0,49.0,24.967,22.892,-2.075,47.858,True,84.85,Over,47.5,OVER,0.35810341227828246,W
2025,7,401760389,Utah State,Hawai'i,26.0,44.0,32.862,34.826,1.965,67.688,True,87.9,Spread,1.5,HOME,3.464782410777019,W
2025,7,401760389,Utah State,Hawai'i,26.0,44.0,32.862,34.826,1.965,67.688,True,87.9,Over,57.5,OVER,10.188186529313981,W
2025,7,401760390,San Diego State,Nevada,44.0,10.0,27.42,19.203,-8.218,46.623,True,81.75,Spread,6.5,AWAY,1.7178703680117593,W
2025,7,401760390,San Diego State,Nevada,44.0,10.0,27.42,19.203,-8.218,46.623,True,81.75,Over,42.5,OVER,4.12299428996041,W
2025,7,401760391,San José State,Wyoming,28.0,35.0,19.447,21.056,1.609,40.504,True,78.7,Spread,1.5,HOME,3.1092463156150387,W
2025,7,401760391,San José State,Wyoming,28.0,35.0,19.447,21.056,1.609,40.504,True,78.7,Under,50.5,UNDER,9.996489969223774,L
2025,7,401761622,Southern Miss,Georgia Southern,38.0,35.0,28.148,33.698,5.55,61.847,True,84.8,Spread,3.0,HOME,8.550273014921505,P
2025,7,401761622,Southern Miss,Georgia Southern,38.0,35.0,28.148,33.698,5.55,61.847,True,84.8,Over,59.5,OVER,2.3466390725583324,W
2025,7,401761623,UL Monroe,Coastal Carolina,8.0,23.0,18.701,25.341,6.64,44.041,True,81.75,Spread,3.0,HOME,9.639741451914595,W
2025,7,401761623,UL Monroe,Coastal Carolina,8.0,23.0,18.701,25.341,6.64,44.041,True,81.75,Under,46.5,UNDER,2.4586104455680413,W
2025,7,401761624,App State,Georgia State,41.0,20.0,29.375,32.96,3.585,62.336,True,81.75,Spread,3.0,HOME,6.5846648549650375,L
2025,7,401761624,App State,Georgia State,41.0,20.0,29.375,32.96,3.585,62.336,True,81.75,Over,55.5,OVER,6.835559187092727,W
2025,7,401761625,Louisiana,James Madison,14.0,24.0,16.739,35.16,18.422,51.899,True,84.8,Spread,-18.5,AWAY,0.07827827589932213,W
2025,7,401761625,Louisiana,James Madison,14.0,24.0,16.739,35.16,18.422,51.899,True,84.8,Over,44.5,OVER,7.398803529307628,L
2025,7,401761626,Old Dominion,Marshall,24.0,48.0,36.04,25.696,-10.344,61.736,True,81.75,Spread,14.5,HOME,4.155683167686366,W
2025,7,401761626,Old Dominion,Marshall,24.0,48.0,36.04,25.696,-10.344,61.736,True,81.75,Over,57.5,OVER,4.23557357407131,W
2025,7,401761627,Troy,Texas State,48.0,41.0,20.537,37.225,16.688,57.762,True,84.8,Spread,-7.5,HOME,9.188493799198415,L
2025,7,401761627,Troy,Texas State,48.0,41.0,20.537,37.225,16.688,57.762,True,84.8,Over,53.5,OVER,4.26247131488357,W
2025,7,401762480,East Carolina,Tulane,19.0,26.0,22.596,23.806,1.209,46.402,True,87.9,Spread,-7.0,AWAY,5.790552130091221,P
2025,7,401762480,East Carolina,Tulane,19.0,26.0,22.596,23.806,1.209,46.402,True,87.9,Under,53.5,UNDER,7.098207231356113,W
2025,7,401762481,South Florida,North Texas,63.0,36.0,29.924,40.294,10.37,70.219,True,84.8,Spread,-2.5,HOME,7.8697985350783455,L
2025,7,401762481,South Florida,North Texas,63.0,36.0,29.924,40.294,10.37,70.219,True,84.8,Over,68.5,OVER,1.7185903510777365,W
2025,7,401762482,UAB,Florida Atlantic,33.0,53.0,35.565,38.439,2.873,74.004,True,78.7,Spread,-4.5,AWAY,1.6266001492279116,L
2025,7,401762482,UAB,Florida Atlantic,33.0,53.0,35.565,38.439,2.873,74.004,True,78.7,Over,66.5,OVER,7.5041857309073094,W
2025,7,401762483,Charlotte,Army,7.0,24.0,15.116,46.055,30.939,61.172,True,81.75,Spread,-17.5,HOME,13.439025569844613,L
2025,7,401762483,Charlotte,Army,7.0,24.0,15.116,46.055,30.939,61.172,True,81.75,Over,45.5,OVER,15.671608277775775,L
2025,7,401762484,Navy,Temple,32.0,31.0,32.189,26.614,-5.575,58.803,True,81.75,Spread,10.0,HOME,4.424815526483897,W
2025,7,401762484,Navy,Temple,32.0,31.0,32.189,26.614,-5.575,58.803,True,81.75,Over,52.5,OVER,6.303475818066843,W
2025,7,401762485,Rice,UTSA,13.0,61.0,12.703,31.144,18.441,43.847,True,87.9,Spread,-8.5,HOME,9.94124797295013,W
2025,7,401762485,Rice,UTSA,13.0,61.0,12.703,31.144,18.441,43.847,True,87.9,Under,48.5,UNDER,4.653244484218895,L
2025,7,401762833,Miami (OH),Akron,20.0,7.0,21.898,16.957,-4.941,38.855,True,84.8,Spread,11.5,HOME,6.558773830117076,L
2025,7,401762833,Miami (OH),Akron,20.0,7.0,21.898,16.957,-4.941,38.855,True,84.8,Under,47.5,UNDER,8.645479746594376,W
2025,7,401762834,Ball State,Western Michigan,0.0,42.0,17.181,34.208,17.027,51.389,True,84.85,Spread,-9.5,HOME,7.526558514935871,W
2025,7,401762834,Ball State,Western Michigan,0.0,42.0,17.181,34.208,17.027,51.389,True,84.85,Over,43.5,OVER,7.88852995404055,L
2025,7,401762835,Toledo,Bowling Green,23.0,28.0,22.506,14.489,-8.017,36.995,True,81.75,Spread,10.5,HOME,2.482553961198853,W
2025,7,401762835,Toledo,Bowling Green,23.0,28.0,22.506,14.489,-8.017,36.995,True,81.75,Under,45.5,UNDER,8.505315733661831,L
2025,7,401762836,Northern Illinois,Eastern Michigan,10.0,16.0,23.315,21.111,-2.204,44.425,True,81.75,Spread,1.5,AWAY,0.7043497571426656,L
2025,7,401762836,Northern Illinois,Eastern Michigan,10.0,16.0,23.315,21.111,-2.204,44.425,True,81.75,Under,48.5,UNDER,4.0745216860381674,W
2025,7,401762837,Massachusetts,Kent State,6.0,42.0,25.745,27.285,1.539,53.03,True,78.7,Spread,-1.5,HOME,0.03942594113492959,W
2025,7,401762837,Massachusetts,Kent State,6.0,42.0,25.745,27.285,1.539,53.03,True,78.7,Over,49.5,OVER,3.530274019010065,L
2025,8,401752738,Tennessee,Alabama,20.0,37.0,35.097,42.456,7.359,77.552,True,91.5,Spread,-8.5,AWAY,1.141297375520523,L
2025,8,401752738,Tennessee,Alabama,20.0,37.0,35.097,42.456,7.359,77.552,True,91.5,Over,61.5,OVER,16.052327611491563,L
2025,8,401752739,Texas AandM,Arkansas,45.0,42.0,36.608,32.995,-3.612,69.603,True,88.4,Spread,7.5,HOME,3.8877922802994505,W
2025,8,401752739,Texas AandM,Arkansas,45.0,42.0,36.608,32.995,-3.612,69.603,True,88.4,Over,57.5,OVER,12.103012784638423,W
2025,8,401752740,Missouri,Auburn,23.0,17.0,20.033,20.942,0.909,40.975,True,91.0,Spread,1.5,HOME,2.4089778971630693,L
2025,8,401752740,Missouri,Auburn,23.0,17.0,20.033,20.942,0.909,40.975,True,91.0,Under,43.5,UNDER,2.5250761455133457,W
2025,8,401752741,Mississippi State,Florida,21.0,23.0,21.345,31.485,10.14,52.831,True,87.9,Spread,-9.5,HOME,0.6398375180845051,L
2025,8,401752741,Mississippi State,Florida,21.0,23.0,21.345,31.485,10.14,52.831,True,87.9,Over,50.5,OVER,2.330759347409284,L
2025,8,401752742,Ole Miss,Georgia,35.0,43.0,30.157,33.436,3.279,63.593,True,91.5,Spread,-7.5,AWAY,4.221408770787168,L
2025,8,401752742,Ole Miss,Georgia,35.0,43.0,30.157,33.436,3.279,63.593,True,91.5,Over,56.5,OVER,7.092593550680107,W
2025,8,401752743,Texas,Kentucky,16.0,13.0,24.37,14.634,-9.736,39.003,True,88.4,Spread,12.5,HOME,2.7637393650847457,W
2025,8,401752743,Texas,Kentucky,16.0,13.0,24.37,14.634,-9.736,39.003,True,88.4,Under,45.5,UNDER,6.496560854334938,W
2025,8,401752744,Oklahoma,South Carolina,26.0,7.0,14.264,13.32,-0.944,27.585,True,87.9,Spread,4.5,HOME,3.555810012416117,L
2025,8,401752744,Oklahoma,South Carolina,26.0,7.0,14.264,13.32,-0.944,27.585,True,87.9,Under,42.5,UNDER,14.915217613749991,W
2025,8,401752745,LSU,Vanderbilt,24.0,31.0,29.432,37.589,8.157,67.021,True,91.0,Spread,-1.5,HOME,6.656861047543405,W
2025,8,401752745,LSU,Vanderbilt,24.0,31.0,29.432,37.589,8.157,67.021,True,91.0,Over,48.5,OVER,18.52071272881345,W
2025,8,401752871,USC,Notre Dame,24.0,34.0,36.882,49.668,12.787,86.55,True,91.5,Spread,-10.5,HOME,2.286868337204254,L
2025,8,401752871,USC,Notre Dame,24.0,34.0,36.882,49.668,12.787,86.55,True,91.5,Over,60.5,OVER,26.04989240731402,L
2025,8,401752872,Nebraska,Minnesota,6.0,24.0,28.338,26.56,-1.778,54.898,True,91.0,Spread,7.0,HOME,5.221668098052476,W
2025,8,401752872,Nebraska,Minnesota,6.0,24.0,28.338,26.56,-1.778,54.898,True,91.0,Over,47.5,OVER,7.3981033012793915,L
2025,8,401752873,Washington,Michigan,7.0,24.0,32.602,30.192,-2.411,62.794,True,91.5,Spread,-4.0,AWAY,6.4105531188172655,L
2025,8,401752873,Washington,Michigan,7.0,24.0,32.602,30.192,-2.411,62.794,True,91.5,Over,50.5,OVER,12.293878606391871,L
2025,8,401752874,Purdue,Northwestern,0.0,19.0,22.752,32.917,10.165,55.668,True,87.9,Spread,-3.0,HOME,7.164824869600224,W
2025,8,401752874,Purdue,Northwestern,0.0,19.0,22.752,32.917,10.165,55.668,True,87.9,Over,47.5,OVER,8.168182026353904,L
2025,8,401752875,Penn State,Iowa,24.0,25.0,19.269,29.463,10.194,48.733,True,91.0,Spread,-3.0,HOME,7.193811169078884,L
2025,8,401752875,Penn State,Iowa,24.0,25.0,19.269,29.463,10.194,48.733,True,91.0,Over,41.5,OVER,7.232515328837053,W
2025,8,401752876,Oregon,Rutgers,56.0,10.0,41.551,34.141,-7.41,75.693,True,88.4,Spread,17.5,HOME,10.090037609882387,L
2025,8,401752876,Oregon,Rutgers,56.0,10.0,41.551,34.141,-7.41,75.693,True,88.4,Over,62.5,OVER,13.192543356439316,W
2025,8,401752877,Ohio State,Wisconsin,34.0,0.0,35.86,14.188,-21.672,50.048,True,91.0,Spread,24.5,HOME,2.8279510804727295,L
2025,8,401752877,Ohio State,Wisconsin,34.0,0.0,35.86,14.188,-21.672,50.048,True,91.0,Over,41.5,OVER,8.547502324036031,L
2025,8,401752878,Michigan State,Indiana,13.0,38.0,11.452,47.047,35.596,58.499,True,88.4,Spread,-26.5,HOME,9.09569819359541,L
2025,8,401752878,Michigan State,Indiana,13.0,38.0,11.452,47.047,35.596,58.499,True,88.4,Over,49.5,OVER,8.999296269606532,W
2025,8,401752879,Maryland,UCLA,17.0,20.0,26.111,22.813,-3.299,48.924,True,87.9,Spread,-4.0,AWAY,7.298906642387919,W
2025,8,401752879,Maryland,UCLA,17.0,20.0,26.111,22.813,-3.299,48.924,True,87.9,Under,52.5,UNDER,3.5760865816503866,W
2025,8,401752941,Lafayette,Oregon State,13.0,45.0,18.74,29.961,11.221,48.701,False,76.1,Spread,-21.0,AWAY,9.779058376813708,L
2025,8,401752941,Lafayette,Oregon State,13.0,45.0,18.74,29.961,11.221,48.701,False,76.1,Under,56.5,UNDER,7.7993788153934815,L
2025,8,401752951,Washington State,Virginia,20.0,22.0,25.829,41.702,15.873,67.531,True,91.0,Spread,-16.5,AWAY,0.6274520056879034,W
2025,8,401752951,Washington State,Virginia,20.0,22.0,25.829,41.702,15.873,67.531,True,91.0,Over,56.5,OVER,11.031187372260462,L
2025,8,401754371,North Carolina,California,18.0,21.0,16.176,29.108,12.932,45.285,True,84.85,Spread,-7.5,HOME,5.431771405501962,L
2025,8,401754371,North Carolina,California,18.0,21.0,16.176,29.108,12.932,45.285,True,84.85,Under,45.5,UNDER,0.2154683350093407,W
2025,8,401754564,Louisville,Miami,24.0,21.0,18.468,32.953,14.485,51.421,True,88.4,Spread,-10.5,HOME,3.9852646223413117,L
2025,8,401754564,Louisville,Miami,24.0,21.0,18.468,32.953,14.485,51.421,True,88.4,Over,49.5,OVER,1.921045004315964,L
2025,8,401754565,SMU,Clemson,35.0,24.0,23.078,25.23,2.152,48.308,True,91.5,Spread,-3.5,AWAY,1.3482715555816398,W
2025,8,401754565,SMU,Clemson,35.0,24.0,23.078,25.23,2.152,48.308,True,91.5,Under,49.5,UNDER,1.1916579644086909,L
2025,8,401754566,Georgia Tech,Duke,27.0,18.0,32.838,36.734,3.896,69.572,True,91.0,Spread,-3.5,HOME,0.3959624013039189,L
2025,8,401754566,Georgia Tech,Duke,27.0,18.0,32.838,36.734,3.896,69.572,True,91.0,Over,60.5,OVER,9.072280425808685,L
2025,8,401754567,Florida State,Stanford,13.0,20.0,36.877,21.755,-15.122,58.632,True,87.9,Spread,17.5,HOME,2.3782155721532234,W
2025,8,401754567,Florida State,Stanford,13.0,20.0,36.877,21.755,-15.122,58.632,True,87.9,Over,55.5,OVER,3.1323770127228414,L
2025,8,401754568,Pittsburgh,Syracuse,30.0,13.0,32.059,29.597,-2.462,61.656,True,87.9,Spread,9.5,HOME,7.038295829121633,L
2025,8,401754568,Pittsburgh,Syracuse,30.0,13.0,32.059,29.597,-2.462,61.656,True,87.9,Over,54.5,OVER,7.156480386063635,L
2025,8,401754569,UConn,Boston College,38.0,23.0,33.767,33.888,0.121,67.654,True,87.9,Spread,2.5,HOME,2.6208762063016167,L
2025,8,401754569,UConn,Boston College,38.0,23.0,33.767,33.888,0.121,67.654,True,87.9,Over,58.5,OVER,9.154209466447213,W
2025,8,401756923,Texas Tech,Arizona State,22.0,26.0,33.954,26.422,-7.532,60.377,True,91.0,Spread,7.5,AWAY,0.03241279923173579,L
2025,8,401756923,Texas Tech,Arizona State,22.0,26.0,33.954,26.422,-7.532,60.377,True,91.0,Over,52.5,OVER,7.876554296519046,L
2025,8,401756924,Utah,BYU,21.0,24.0,28.158,29.104,0.946,57.262,True,91.0,Spread,4.0,HOME,4.946106422637357,W
2025,8,401756924,Utah,BYU,21.0,24.0,28.158,29.104,0.946,57.262,True,91.0,Over,49.5,OVER,7.762398674012047,L
2025,8,401756925,Arizona,Houston,28.0,31.0,12.454,18.173,5.72,30.627,True,91.0,Spread,1.5,HOME,7.2198137670151965,W
2025,8,401756925,Arizona,Houston,28.0,31.0,12.454,18.173,5.72,30.627,True,91.0,Under,47.5,UNDER,16.873074417093363,L
2025,8,401756926,Cincinnati,Oklahoma State,49.0,17.0,36.666,21.944,-14.721,58.61,True,87.9,Spread,23.5,HOME,8.77854820253527,L
2025,8,401756926,Cincinnati,Oklahoma State,49.0,17.0,36.666,21.944,-14.721,58.61,True,87.9,Over,57.5,OVER,1.1101571071399619,W
2025,8,401756927,Baylor,TCU,36.0,42.0,36.938,44.191,7.254,81.129,True,87.9,Spread,-3.5,HOME,3.7535561326967155,W
2025,8,401756927,Baylor,TCU,36.0,42.0,36.938,44.191,7.254,81.129,True,87.9,Over,66.5,OVER,14.628860139992355,W
2025,8,401756928,West Virginia,UCF,13.0,45.0,20.642,30.625,9.983,51.268,True,84.8,Spread,-6.5,HOME,3.4833712483161534,W
2025,8,401756928,West Virginia,UCF,13.0,45.0,20.642,30.625,9.983,51.268,True,84.8,Over,46.5,OVER,4.767609586823674,W
2025,8,401757281,Florida International,Western Kentucky,25.0,6.0,16.061,34.292,18.23,50.353,True,87.9,Spread,-10.0,HOME,8.230344131201324,L
2025,8,401757281,Florida International,Western Kentucky,25.0,6.0,16.061,34.292,18.23,50.353,True,87.9,Under,55.5,UNDER,5.147055564679306,W
2025,8,401757282,New Mexico State,Liberty,27.0,30.0,13.421,23.133,9.712,36.554,True,81.75,Spread,-10.5,AWAY,0.7880999511020974,W
2025,8,401757282,New Mexico State,Liberty,27.0,30.0,13.421,23.133,9.712,36.554,True,81.75,Under,48.5,UNDER,11.946475810269959,L
2025,8,401757283,Delaware,Jacksonville State,25.0,38.0,29.976,34.992,5.015,64.968,True,87.9,Spread,3.0,HOME,8.015460521414653,W
2025,8,401757283,Delaware,Jacksonville State,25.0,38.0,29.976,34.992,5.015,64.968,True,87.9,Over,55.5,OVER,9.467724984721201,W
2025,8,401757284,UTEP,Sam Houston,35.0,17.0,16.32,14.43,-1.889,30.75,True,87.9,Spread,3.5,HOME,1.6105108394057392,L
2025,8,401757284,UTEP,Sam Houston,35.0,17.0,16.32,14.43,-1.889,30.75,True,87.9,Under,46.5,UNDER,15.750480314669637,L
2025,8,401760392,Wyoming,Air Force,21.0,24.0,31.616,37.191,5.575,68.808,True,84.8,Spread,-4.0,HOME,1.575003838357123,L
2025,8,401760392,Wyoming,Air Force,21.0,24.0,31.616,37.191,5.575,68.808,True,84.8,Over,56.5,OVER,12.307826566673327,L
2025,8,401760393,UNLV,Boise State,31.0,56.0,29.374,37.704,8.329,67.078,True,91.0,Spread,-12.5,AWAY,4.170657421345002,L
2025,8,401760393,UNLV,Boise State,31.0,56.0,29.374,37.704,8.329,67.078,True,91.0,Over,60.5,OVER,6.5781667023696,W
2025,8,401760394,Hawai'i,Colorado State,31.0,19.0,24.009,30.451,6.442,54.461,True,88.4,Spread,-2.5,HOME,3.941811786046827,L
2025,8,401760394,Hawai'i,Colorado State,31.0,19.0,24.009,30.451,6.442,54.461,True,88.4,Over,53.5,OVER,0.9606959981318113,L
2025,8,401760395,Nevada,New Mexico,22.0,24.0,19.015,35.875,16.86,54.89,True,87.9,Spread,-14.0,HOME,2.8597915490008603,L
2025,8,401760395,Nevada,New Mexico,22.0,24.0,19.015,35.875,16.86,54.89,True,87.9,Over,49.5,OVER,5.3898484117410135,L
2025,8,401760396,San José State,Utah State,25.0,30.0,29.277,36.553,7.276,65.83,True,87.9,Spread,-3.0,HOME,4.275732260787208,W
2025,8,401760396,San José State,Utah State,25.0,30.0,29.277,36.553,7.276,65.83,True,87.9,Over,63.5,OVER,2.330132848776998,L
2025,8,401761628,Arkansas State,South Alabama,15.0,14.0,30.858,39.77,8.913,70.628,True,87.9,Spread,-8.5,HOME,0.41251934969073645,L
2025,8,401761628,Arkansas State,South Alabama,15.0,14.0,30.858,39.77,8.913,70.628,True,87.9,Over,57.5,OVER,13.128428641616239,L
2025,8,401761629,Coastal Carolina,App State,45.0,37.0,15.28,19.757,4.477,35.037,True,91.0,Spread,-10.5,AWAY,6.022923196590888,W
2025,8,401761629,Coastal Carolina,App State,45.0,37.0,15.28,19.757,4.477,35.037,True,91.0,Under,48.5,UNDER,13.46299114944729,L
2025,8,401761630,Georgia State,Georgia Southern,24.0,41.0,30.562,44.409,13.847,74.971,True,87.9,Spread,-6.5,HOME,7.346749108211469,W
2025,8,401761630,Georgia State,Georgia Southern,24.0,41.0,30.562,44.409,13.847,74.971,True,87.9,Over,58.5,OVER,16.471215710709657,W
2025,8,401761631,Old Dominion,James Madison,27.0,63.0,21.856,21.85,-0.006,43.706,True,91.0,Spread,-3.0,AWAY,3.0055076827715723,L
2025,8,401761631,Old Dominion,James Madison,27.0,63.0,21.856,21.85,-0.006,43.706,True,91.0,Under,47.5,UNDER,3.7944395287665458,L
2025,8,401761632,Texas State,Marshall,37.0,40.0,34.783,37.89,3.106,72.673,True,87.9,Spread,3.0,HOME,6.106264398269602,W
2025,8,401761632,Texas State,Marshall,37.0,40.0,34.783,37.89,3.106,72.673,True,87.9,Over,65.5,OVER,7.172822942311569,W
2025,8,401761633,Troy,UL Monroe,37.0,14.0,23.751,20.688,-3.064,44.439,True,87.9,Spread,4.5,HOME,1.4364897011067015,L
2025,8,401761633,Troy,UL Monroe,37.0,14.0,23.751,20.688,-3.064,44.439,True,87.9,Under,45.5,UNDER,1.0609513038383582,L
2025,8,401761668,Southern Miss,Louisiana,22.0,10.0,24.472,29.071,4.599,53.543,True,91.0,Spread,4.5,HOME,9.099225646898809,L
2025,8,401761668,Southern Miss,Louisiana,22.0,10.0,24.472,29.071,4.599,53.543,True,91.0,Under,54.5,UNDER,0.9569248938305037,W
2025,8,401762486,Tulsa,East Carolina,27.0,41.0,8.214,34.795,26.581,43.008,True,87.9,Spread,-16.5,HOME,10.08066295956494,L
2025,8,401762486,Tulsa,East Carolina,27.0,41.0,8.214,34.795,26.581,43.008,True,87.9,Under,54.5,UNDER,11.491627507543434,L
2025,8,401762487,Memphis,UAB,24.0,31.0,43.981,27.632,-16.35,71.613,True,87.9,Spread,23.5,HOME,7.150145496803248,W
2025,8,401762487,Memphis,UAB,24.0,31.0,43.981,27.632,-16.35,71.613,True,87.9,Over,59.5,OVER,12.11298554816375,L
2025,8,401762488,Army,Tulane,17.0,24.0,28.211,34.617,6.406,62.827,True,91.5,Spread,-10.0,AWAY,3.593918143584915,W
2025,8,401762488,Army,Tulane,17.0,24.0,28.211,34.617,6.406,62.827,True,91.5,Over,44.5,OVER,18.327264526519073,L
2025,8,401762489,Temple,Charlotte,49.0,14.0,31.688,22.173,-9.515,53.86,True,84.8,Spread,10.0,HOME,0.4849991377294529,L
2025,8,401762489,Temple,Charlotte,49.0,14.0,31.688,22.173,-9.515,53.86,True,84.8,Over,47.5,OVER,6.360420211267105,W
2025,8,401762490,Florida Atlantic,South Florida,13.0,48.0,17.971,41.819,23.848,59.79,True,87.9,Spread,-20.5,HOME,3.348027440695599,W
2025,8,401762490,Florida Atlantic,South Florida,13.0,48.0,17.971,41.819,23.848,59.79,True,87.9,Under,72.5,UNDER,12.71031986984903,W
2025,8,401762491,UTSA,North Texas,17.0,55.0,35.374,43.526,8.152,78.899,True,91.0,Spread,-4.0,HOME,4.1519632120914025,W
2025,8,401762491,UTSA,North Texas,17.0,55.0,35.374,43.526,8.152,78.899,True,91.0,Over,64.5,OVER,14.399069487990147,W
2025,8,401762838,Akron,Ball State,28.0,42.0,20.172,24.591,4.42,44.763,True,87.9,Spread,2.5,HOME,6.9196190844844665,W
2025,8,401762838,Akron,Ball State,28.0,42.0,20.172,24.591,4.42,44.763,True,87.9,Over,44.5,OVER,0.2632499793859395,W
2025,8,401762839,Central Michigan,Bowling Green,27.0,6.0,14.526,28.447,13.921,42.973,True,87.9,Spread,-3.0,HOME,10.921240922045612,L
2025,8,401762839,Central Michigan,Bowling Green,27.0,6.0,14.526,28.447,13.921,42.973,True,87.9,Under,43.5,UNDER,0.5273567182909105,W
2025,8,401762840,Buffalo,Massachusetts,28.0,21.0,29.278,17.788,-11.49,47.066,True,84.8,Spread,16.5,HOME,5.010142855165306,W
2025,8,401762840,Buffalo,Massachusetts,28.0,21.0,29.278,17.788,-11.49,47.066,True,84.8,Under,47.5,UNDER,0.4340535336901894,L
2025,8,401762841,Eastern Michigan,Miami (OH),30.0,44.0,19.257,31.645,12.388,50.902,True,91.0,Spread,-12.5,AWAY,0.11201215293876743,L
2025,8,401762841,Eastern Michigan,Miami (OH),30.0,44.0,19.257,31.645,12.388,50.902,True,91.0,Over,47.5,OVER,3.401926478789477,W
2025,8,401762842,Kent State,Toledo,10.0,45.0,12.597,40.538,27.941,53.135,True,87.9,Spread,-25.5,HOME,2.440737537592895,W
2025,8,401762842,Kent State,Toledo,10.0,45.0,12.597,40.538,27.941,53.135,True,87.9,Over,48.5,OVER,4.634600550081515,W
2025,8,401762843,Northern Illinois,Ohio,21.0,48.0,7.08,21.056,13.976,28.136,True,87.9,Spread,-10.5,HOME,3.4761681822516053,W
2025,8,401762843,Northern Illinois,Ohio,21.0,48.0,7.08,21.056,13.976,28.136,True,87.9,Under,41.5,UNDER,13.364382669963767,L
2025,9,401752746,Auburn,Arkansas,33.0,24.0,31.542,35.214,3.672,66.756,True,91.5,Spread,-2.5,HOME,1.1723918578887016,L
2025,9,401752746,Auburn,Arkansas,33.0,24.0,31.542,35.214,3.672,66.756,True,91.5,Over,56.5,OVER,10.25648646760149,W
2025,9,401752747,Tennessee,Kentucky,56.0,34.0,35.27,29.776,-5.494,65.047,True,91.5,Spread,7.5,HOME,2.005857191111062,L
2025,9,401752747,Tennessee,Kentucky,56.0,34.0,35.27,29.776,-5.494,65.047,True,91.5,Over,55.5,OVER,9.546816752462192,W
2025,9,401752748,Texas AandM,LSU,49.0,25.0,24.414,24.694,0.281,49.108,True,92.0,Spread,1.5,HOME,1.780725226228924,L
2025,9,401752748,Texas AandM,LSU,49.0,25.0,24.414,24.694,0.281,49.108,True,92.0,Under,50.5,UNDER,1.3921610415905192,L
2025,9,401752749,Texas,Mississippi State,45.0,38.0,25.774,18.719,-7.055,44.493,True,92.0,Spread,8.5,HOME,1.4449632134411061,W
2025,9,401752749,Texas,Mississippi State,45.0,38.0,25.774,18.719,-7.055,44.493,True,92.0,Under,48.5,UNDER,4.006746993636156,L
2025,9,401752750,Ole Miss,Oklahoma,34.0,26.0,19.638,22.513,2.875,42.15,True,92.0,Spread,-5.5,AWAY,2.624735143591245,W
2025,9,401752750,Ole Miss,Oklahoma,34.0,26.0,19.638,22.513,2.875,42.15,True,92.0,Under,52.5,UNDER,10.34958877953926,L
2025,9,401752751,Alabama,South Carolina,29.0,22.0,23.129,18.094,-5.035,41.223,True,91.5,Spread,11.5,HOME,6.4654617742959175,W
2025,9,401752751,Alabama,South Carolina,29.0,22.0,23.129,18.094,-5.035,41.223,True,91.5,Under,47.5,UNDER,6.277033989674294,L
2025,9,401752752,Missouri,Vanderbilt,10.0,17.0,33.168,39.052,5.884,72.219,True,92.0,Spread,-3.0,HOME,2.884227376276087,W
2025,9,401752752,Missouri,Vanderbilt,10.0,17.0,33.168,39.052,5.884,72.219,True,92.0,Over,52.5,OVER,19.719486994983015,L
2025,9,401752880,Illinois,Washington,25.0,42.0,33.256,39.358,6.103,72.614,True,92.0,Spread,-3.5,HOME,2.6025231164550178,W
2025,9,401752880,Illinois,Washington,25.0,42.0,33.256,39.358,6.103,72.614,True,92.0,Over,54.5,OVER,18.11390907878537,W
2025,9,401752881,Michigan,Michigan State,31.0,20.0,33.422,24.809,-8.613,58.231,True,91.5,Spread,-13.5,AWAY,22.112763684305232,W
2025,9,401752881,Michigan,Michigan State,31.0,20.0,33.422,24.809,-8.613,58.231,True,91.5,Over,47.5,OVER,10.731057347952316,W
2025,9,401752882,Minnesota,Iowa,3.0,41.0,12.697,28.564,15.868,41.261,True,92.0,Spread,-7.5,HOME,8.36752830667239,W
2025,9,401752882,Minnesota,Iowa,3.0,41.0,12.697,28.564,15.868,41.261,True,92.0,Over,39.5,OVER,1.7614461693456889,W
2025,9,401752883,Northwestern,Nebraska,21.0,28.0,20.77,28.013,7.242,48.783,True,92.0,Spread,-7.0,HOME,0.2422896998887012,P
2025,9,401752883,Northwestern,Nebraska,21.0,28.0,20.77,28.013,7.242,48.783,True,92.0,Over,44.5,OVER,4.282779880906716,W
2025,9,401752884,Rutgers,Purdue,27.0,24.0,38.629,37.213,-1.416,75.842,True,91.0,Spread,-2.5,AWAY,3.9158289600082696,W
2025,9,401752884,Rutgers,Purdue,27.0,24.0,38.629,37.213,-1.416,75.842,True,91.0,Over,60.5,OVER,15.342495650334087,L
2025,9,401752885,UCLA,Indiana,6.0,56.0,11.555,45.076,33.521,56.631,True,92.0,Spread,-26.5,HOME,7.020888582318321,W
2025,9,401752885,UCLA,Indiana,6.0,56.0,11.555,45.076,33.521,56.631,True,92.0,Over,53.5,OVER,3.131228119271441,W
2025,9,401752886,Wisconsin,Oregon,7.0,21.0,12.25,40.842,28.592,53.092,True,92.0,Spread,-31.5,AWAY,2.9084307196104113,W
2025,9,401752886,Wisconsin,Oregon,7.0,21.0,12.25,40.842,28.592,53.092,True,92.0,Over,44.5,OVER,8.59202218568052,L
2025,9,401752942,SMU,Wake Forest,12.0,13.0,23.134,22.725,-0.409,45.859,True,91.5,Spread,5.5,HOME,5.0905838497114,W
2025,9,401752942,SMU,Wake Forest,12.0,13.0,23.134,22.725,-0.409,45.859,True,91.5,Under,52.5,UNDER,6.641181255511732,W
2025,9,401752952,Toledo,Washington State,7.0,28.0,23.922,24.22,0.298,48.143,True,92.0,Spread,1.5,HOME,1.7984487353297922,W
2025,9,401752952,Toledo,Washington State,7.0,28.0,23.922,24.22,0.298,48.143,True,92.0,Over,44.5,OVER,3.642539646196596,L
2025,9,401754372,California,Virginia Tech,34.0,42.0,22.997,30.776,7.779,53.773,True,91.5,Spread,-6.0,HOME,1.7790770182359665,W
2025,9,401754372,California,Virginia Tech,34.0,42.0,22.997,30.776,7.779,53.773,True,91.5,Over,50.5,OVER,3.2730115504089383,W
2025,9,401754570,Boston College,Louisville,24.0,38.0,12.932,39.42,26.488,52.352,True,91.0,Spread,-25.5,HOME,0.9881081838275279,L
2025,9,401754570,Boston College,Louisville,24.0,38.0,12.932,39.42,26.488,52.352,True,91.0,Under,54.5,UNDER,2.1476447338190283,L
2025,9,401754571,Syracuse,Georgia Tech,16.0,41.0,24.053,41.97,17.917,66.023,True,91.5,Spread,-17.5,HOME,0.41693051600249476,W
2025,9,401754571,Syracuse,Georgia Tech,16.0,41.0,24.053,41.97,17.917,66.023,True,91.5,Over,52.5,OVER,13.522549040314047,W
2025,9,401754572,Stanford,Miami,7.0,42.0,10.469,39.865,29.396,50.335,True,92.0,Spread,-28.5,HOME,0.8962255285361209,W
2025,9,401754572,Stanford,Miami,7.0,42.0,10.469,39.865,29.396,50.335,True,92.0,Over,45.5,OVER,4.834773438928977,W
2025,9,401754573,Virginia,North Carolina,17.0,16.0,35.066,18.015,-17.051,53.081,True,88.4,Spread,11.5,AWAY,5.551410561338145,L
2025,9,401754573,Virginia,North Carolina,17.0,16.0,35.066,18.015,-17.051,53.081,True,88.4,Over,50.5,OVER,2.58113103079927,L
2025,9,401754574,NC State,Pittsburgh,34.0,53.0,22.265,28.957,6.691,51.222,True,92.0,Spread,-4.5,HOME,2.1914698023073598,W
2025,9,401754574,NC State,Pittsburgh,34.0,53.0,22.265,28.957,6.691,51.222,True,92.0,Under,52.5,UNDER,1.2781352036603195,L
2025,9,401756929,Houston,Arizona State,24.0,16.0,18.975,26.145,7.17,45.119,True,92.0,Spread,-7.0,HOME,0.1700768986337664,L
2025,9,401756929,Houston,Arizona State,24.0,16.0,18.975,26.145,7.17,45.119,True,92.0,Under,46.5,UNDER,1.3809214861794175,W
2025,9,401756930,Baylor,Cincinnati,20.0,41.0,37.642,43.37,5.727,81.012,True,91.5,Spread,-3.5,HOME,2.227289541281692,W
2025,9,401756930,Baylor,Cincinnati,20.0,41.0,37.642,43.37,5.727,81.012,True,91.5,Over,68.5,OVER,12.512211606018951,L
2025,9,401756931,BYU,Iowa State,41.0,27.0,26.489,25.943,-0.546,52.431,True,91.5,Spread,-2.5,AWAY,3.0459127244669233,W
2025,9,401756931,BYU,Iowa State,41.0,27.0,26.489,25.943,-0.546,52.431,True,91.5,Over,48.5,OVER,3.931210790524915,W
2025,9,401756932,Kansas State,Kansas,42.0,17.0,29.481,34.804,5.323,64.284,True,91.0,Spread,-3.5,HOME,1.8227812899567901,L
2025,9,401756932,Kansas State,Kansas,42.0,17.0,29.481,34.804,5.323,64.284,True,91.0,Over,55.5,OVER,8.78426091746121,W
2025,9,401756933,Oklahoma State,Texas Tech,0.0,42.0,10.096,47.554,37.457,57.65,True,91.5,Spread,-37.5,AWAY,0.04270712446047753,L
2025,9,401756933,Oklahoma State,Texas Tech,0.0,42.0,10.096,47.554,37.457,57.65,True,91.5,Over,56.5,OVER,1.149842721896718,L
2025,9,401756934,Colorado,Utah,7.0,53.0,18.647,35.37,16.722,54.017,True,92.0,Spread,-14.0,HOME,2.722244448137168,W
2025,9,401756934,Colorado,Utah,7.0,53.0,18.647,35.37,16.722,54.017,True,92.0,Over,49.5,OVER,4.516809425054696,W
2025,9,401756935,TCU,West Virginia,23.0,17.0,37.098,26.731,-10.367,63.829,True,91.5,Spread,16.5,HOME,6.1330125335344405,W
2025,9,401756935,TCU,West Virginia,23.0,17.0,37.098,26.731,-10.367,63.829,True,91.5,Over,55.5,OVER,8.329032611191138,L
2025,9,401757172,UConn,Rice,34.0,37.0,30.201,22.168,-8.033,52.369,True,92.0,Spread,10.5,HOME,2.46742641175733,W
2025,9,401757172,UConn,Rice,34.0,37.0,30.201,22.168,-8.033,52.369,True,92.0,Over,48.5,OVER,3.8691027643421805,W
2025,9,401757285,Kennesaw State,Florida International,45.0,26.0,19.853,19.877,0.024,39.73,True,91.0,Spread,3.0,HOME,3.024482677295005,L
2025,9,401757285,Kennesaw State,Florida International,45.0,26.0,19.853,19.877,0.024,39.73,True,91.0,Under,48.5,UNDER,8.770103362906212,L
2025,9,401757286,Western Kentucky,Louisiana Tech,28.0,27.0,9.38,17.674,8.294,27.054,True,91.5,Spread,-5.5,HOME,2.794162486352782,L
2025,9,401757286,Western Kentucky,Louisiana Tech,28.0,27.0,9.38,17.674,8.294,27.054,True,91.5,Under,49.5,UNDER,22.446049658494886,L
2025,9,401757287,Middle Tennessee,Delaware,28.0,31.0,20.642,35.423,14.781,56.065,True,87.9,Spread,-8.5,HOME,6.28125217412623,L
2025,9,401757287,Middle Tennessee,Delaware,28.0,31.0,20.642,35.423,14.781,56.065,True,87.9,Over,55.5,OVER,0.5648545821172846,W
2025,9,401757288,Missouri State,New Mexico State,24.0,17.0,25.409,30.01,4.602,55.419,True,87.9,Spread,2.5,HOME,7.101825799294581,L
2025,9,401757288,Missouri State,New Mexico State,24.0,17.0,25.409,30.01,4.602,55.419,True,87.9,Over,51.5,OVER,3.9191228152559887,L
2025,9,401760397,Boise State,Nevada,24.0,3.0,30.699,17.155,-13.544,47.854,True,91.5,Spread,21.0,HOME,7.455882469397594,P
2025,9,401760397,Boise State,Nevada,24.0,3.0,30.699,17.155,-13.544,47.854,True,91.5,Under,50.5,UNDER,2.6458297120750274,W
2025,9,401760398,Colorado State,Wyoming,0.0,28.0,20.536,22.49,1.954,43.026,True,91.0,Spread,-5.5,AWAY,3.5463831889577193,L
2025,9,401760398,Colorado State,Wyoming,0.0,28.0,20.536,22.49,1.954,43.026,True,91.0,Under,46.5,UNDER,3.47395212487703,W
2025,9,401760399,San Diego State,Fresno State,23.0,0.0,24.306,23.718,-0.588,48.025,True,91.5,Spread,3.0,HOME,2.4120738191692226,L
2025,9,401760399,San Diego State,Fresno State,23.0,0.0,24.306,23.718,-0.588,48.025,True,91.5,Over,46.5,OVER,1.52481513311227,L
2025,9,401760400,Utah State,New Mexico,14.0,33.0,33.936,39.439,5.503,73.376,True,92.0,Spread,-3.0,HOME,2.5029741645825254,W
2025,9,401760400,Utah State,New Mexico,14.0,33.0,33.936,39.439,5.503,73.376,True,92.0,Over,61.5,OVER,11.87584096509923,L
2025,9,401761634,South Alabama,Georgia State,38.0,31.0,38.947,31.71,-7.237,70.657,True,91.0,Spread,6.0,AWAY,1.237000499875947,W
2025,9,401761634,South Alabama,Georgia State,38.0,31.0,38.947,31.71,-7.237,70.657,True,91.0,Over,53.5,OVER,17.156636232076565,W
2025,9,401761635,App State,Old Dominion,21.0,24.0,19.999,40.506,20.507,60.505,True,92.0,Spread,-13.5,HOME,7.006847063935883,L
2025,9,401761635,App State,Old Dominion,21.0,24.0,19.999,40.506,20.507,60.505,True,92.0,Under,62.5,UNDER,1.9953998332570109,W
2025,9,401761636,Georgia Southern,Arkansas State,24.0,34.0,35.969,38.26,2.291,74.23,True,92.0,Spread,1.5,HOME,3.7912330075792795,W
2025,9,401761636,Georgia Southern,Arkansas State,24.0,34.0,35.969,38.26,2.291,74.23,True,92.0,Over,59.5,OVER,14.729749222753597,L
2025,9,401761637,UL Monroe,Southern Miss,21.0,49.0,14.369,26.001,11.632,40.369,True,91.5,Spread,-14.0,AWAY,2.3680011173588653,L
2025,9,401761637,UL Monroe,Southern Miss,21.0,49.0,14.369,26.001,11.632,40.369,True,91.5,Under,48.5,UNDER,8.130753428779542,L
2025,9,401761638,Louisiana,Troy,23.0,35.0,19.706,30.251,10.545,49.957,True,92.0,Spread,-7.0,HOME,3.544630026007127,W
2025,9,401761638,Louisiana,Troy,23.0,35.0,19.706,30.251,10.545,49.957,True,92.0,Over,47.5,OVER,2.4565116081745657,W
2025,9,401762492,North Texas,Charlotte,54.0,20.0,47.075,20.822,-26.253,67.897,True,91.5,Spread,25.5,AWAY,0.7526369805826647,W
2025,9,401762492,North Texas,Charlotte,54.0,20.0,47.075,20.822,-26.253,67.897,True,91.5,Over,60.5,OVER,7.397238212186124,W
2025,9,401762493,Florida Atlantic,Navy,32.0,42.0,24.501,45.922,21.421,70.424,True,91.0,Spread,-14.5,HOME,6.920748702236551,L
2025,9,401762493,Florida Atlantic,Navy,32.0,42.0,24.501,45.922,21.421,70.424,True,91.0,Over,63.5,OVER,6.923738373356443,W
2025,9,401762494,South Florida,Memphis,31.0,34.0,31.314,32.891,1.577,64.205,True,92.0,Spread,3.5,HOME,5.0769915309707585,W
2025,9,401762494,South Florida,Memphis,31.0,34.0,31.314,32.891,1.577,64.205,True,92.0,Over,58.5,OVER,5.704782883324526,W
2025,9,401762495,Temple,Tulsa,38.0,37.0,30.957,23.734,-7.223,54.691,True,91.0,Spread,4.5,AWAY,2.7234314989282,L
2025,9,401762495,Temple,Tulsa,38.0,37.0,30.957,23.734,-7.223,54.691,True,91.0,Over,52.5,OVER,2.1907064580026514,W
2025,9,401762844,Akron,Buffalo,24.0,16.0,12.753,26.916,14.164,39.669,True,91.5,Spread,-10.0,HOME,4.16353131491779,L
2025,9,401762844,Akron,Buffalo,24.0,16.0,12.753,26.916,14.164,39.669,True,91.5,Under,48.5,UNDER,8.830989158098227,W
2025,9,401762845,Ball State,Northern Illinois,7.0,21.0,9.984,18.566,8.582,28.55,True,91.0,Spread,-6.5,HOME,2.0818039719717696,W
2025,9,401762845,Ball State,Northern Illinois,7.0,21.0,9.984,18.566,8.582,28.55,True,91.0,Under,41.5,UNDER,12.949681428514022,W
2025,9,401762846,Bowling Green,Kent State,21.0,24.0,23.974,15.694,-8.28,39.669,True,91.0,Spread,7.5,AWAY,0.7798075606213786,L
2025,9,401762846,Bowling Green,Kent State,21.0,24.0,23.974,15.694,-8.28,39.669,True,91.0,Under,47.5,UNDER,7.8314632678812615,W
2025,9,401762847,Massachusetts,Central Michigan,13.0,38.0,11.409,29.02,17.611,40.429,True,91.5,Spread,-16.5,HOME,1.1106390395511099,W
2025,9,401762847,Massachusetts,Central Michigan,13.0,38.0,11.409,29.02,17.611,40.429,True,91.5,Under,46.5,UNDER,6.070996058900711,L
2025,9,401762848,Ohio,Eastern Michigan,28.0,21.0,36.238,27.389,-8.849,63.628,True,92.0,Spread,11.5,HOME,2.650927962126204,W
2025,9,401762848,Ohio,Eastern Michigan,28.0,21.0,36.238,27.389,-8.849,63.628,True,92.0,Over,60.5,OVER,3.127541461789832,L
2025,9,401762874,Western Michigan,Miami (OH),17.0,26.0,19.903,17.708,-2.196,37.611,True,92.0,Spread,-2.5,AWAY,4.695866076407434,L
2025,9,401762874,Western Michigan,Miami (OH),17.0,26.0,19.903,17.708,-2.196,37.611,True,92.0,Under,40.5,UNDER,2.8888697102810212,L
2025,10,401752753,Mississippi State,Arkansas,38.0,35.0,38.986,45.441,6.455,84.427,True,92.0,Spread,-5.5,HOME,0.9547253074729838,L
2025,10,401752753,Mississippi State,Arkansas,38.0,35.0,38.986,45.441,6.455,84.427,True,92.0,Over,66.5,OVER,17.926753054476478,W
2025,10,401752754,Kentucky,Auburn,10.0,3.0,12.975,25.634,12.659,38.609,True,92.0,Spread,-11.5,HOME,1.1590281111132796,L
2025,10,401752754,Kentucky,Auburn,10.0,3.0,12.975,25.634,12.659,38.609,True,92.0,Under,44.5,UNDER,5.8913234804024555,W
2025,10,401752755,Georgia,Florida,24.0,20.0,29.574,20.932,-8.642,50.506,True,91.5,Spread,7.0,AWAY,1.642254847174513,L
2025,10,401752755,Georgia,Florida,24.0,20.0,29.574,20.932,-8.642,50.506,True,91.5,Over,50.5,OVER,0.005555783577719353,L
2025,10,401752756,South Carolina,Ole Miss,14.0,30.0,15.684,33.149,17.464,48.833,True,92.0,Spread,-12.5,HOME,4.964338334315002,W
2025,10,401752756,South Carolina,Ole Miss,14.0,30.0,15.684,33.149,17.464,48.833,True,92.0,Under,55.5,UNDER,6.666662562154372,W
2025,10,401752757,Oklahoma,Tennessee,33.0,27.0,22.992,30.17,7.178,53.161,True,92.0,Spread,-3.0,HOME,4.177691390496392,L
2025,10,401752757,Oklahoma,Tennessee,33.0,27.0,22.992,30.17,7.178,53.161,True,92.0,Under,55.5,UNDER,2.338645701059477,L
2025,10,401752758,Vanderbilt,Texas,31.0,34.0,24.497,32.023,7.526,56.52,True,92.0,Spread,-3.5,HOME,4.026433469606555,L
2025,10,401752758,Vanderbilt,Texas,31.0,34.0,24.497,32.023,7.526,56.52,True,92.0,Over,48.5,OVER,8.020401497396819,W
2025,10,401752887,Indiana,Maryland,55.0,10.0,34.144,16.305,-17.839,50.449,True,91.5,Spread,21.0,HOME,3.161323320620099,L
2025,10,401752887,Indiana,Maryland,55.0,10.0,34.144,16.305,-17.839,50.449,True,91.5,Under,50.5,UNDER,0.05120328607671354,L
2025,10,401752888,Michigan State,Minnesota,20.0,23.0,20.111,28.444,8.333,48.555,True,92.0,Spread,-4.5,HOME,3.8330896618552757,L
2025,10,401752888,Michigan State,Minnesota,20.0,23.0,20.111,28.444,8.333,48.555,True,92.0,Over,44.5,OVER,4.0550102366128655,L
2025,10,401752889,Penn State,Ohio State,14.0,38.0,14.706,32.798,18.092,47.504,True,92.0,Spread,-17.5,HOME,0.5924651387182038,W
2025,10,401752889,Penn State,Ohio State,14.0,38.0,14.706,32.798,18.092,47.504,True,92.0,Over,45.5,OVER,2.0044607703673094,W
2025,10,401752890,Purdue,Michigan,16.0,21.0,17.146,36.727,19.582,53.873,True,92.0,Spread,-21.0,AWAY,1.4183985335867888,W
2025,10,401752890,Purdue,Michigan,16.0,21.0,17.146,36.727,19.582,53.873,True,92.0,Over,48.5,OVER,5.373267817943322,L
2025,10,401752891,Rutgers,Illinois,13.0,35.0,35.879,49.642,13.762,85.521,True,92.0,Spread,-13.5,HOME,0.2622389030928929,W
2025,10,401752891,Rutgers,Illinois,13.0,35.0,35.879,49.642,13.762,85.521,True,92.0,Over,63.5,OVER,22.021085766429152,L
2025,10,401752892,USC,Nebraska,21.0,17.0,40.734,37.693,-3.04,78.427,True,92.0,Spread,4.5,HOME,1.4595271906399319,W
2025,10,401752892,USC,Nebraska,21.0,17.0,40.734,37.693,-3.04,78.427,True,92.0,Over,59.5,OVER,18.926957913412252,L
2025,10,401752943,Washington State,Oregon State,7.0,10.0,32.041,24.326,-7.715,56.368,True,92.0,Spread,3.5,AWAY,4.214977137296149,L
2025,10,401752943,Washington State,Oregon State,7.0,10.0,32.041,24.326,-7.715,56.368,True,92.0,Over,47.5,OVER,8.867834000088934,L
2025,10,401754575,North Carolina,Syracuse,27.0,10.0,18.199,27.608,9.409,45.807,True,91.5,Spread,-1.5,HOME,7.908710888458067,L
2025,10,401754575,North Carolina,Syracuse,27.0,10.0,18.199,27.608,9.409,45.807,True,91.5,Over,45.5,OVER,0.30671905460300053,L
2025,10,401754576,Virginia,California,31.0,21.0,30.443,22.806,-7.637,53.249,True,92.0,Spread,6.5,AWAY,1.137364255154388,W
2025,10,401754576,Virginia,California,31.0,21.0,30.443,22.806,-7.637,53.249,True,92.0,Over,52.5,OVER,0.7494144783106123,L
2025,10,401754577,Duke,Clemson,46.0,45.0,26.576,28.747,2.171,55.323,True,92.0,Spread,-4.0,AWAY,1.8294751418188397,W
2025,10,401754577,Duke,Clemson,46.0,45.0,26.576,28.747,2.171,55.323,True,92.0,Over,54.5,OVER,0.8229316243763094,W
2025,10,401754578,Wake Forest,Florida State,7.0,42.0,21.65,31.063,9.413,52.713,True,91.5,Spread,-12.5,AWAY,3.0869344320129315,L
2025,10,401754578,Wake Forest,Florida State,7.0,42.0,21.65,31.063,9.413,52.713,True,91.5,Over,50.5,OVER,2.213385364729156,L
2025,10,401754579,Georgia Tech,NC State,36.0,48.0,36.177,34.657,-1.52,70.835,True,92.0,Spread,4.5,HOME,2.980175895794204,W
2025,10,401754579,Georgia Tech,NC State,36.0,48.0,36.177,34.657,-1.52,70.835,True,92.0,Over,58.5,OVER,12.334590196380447,W
2025,10,401754580,Louisville,Virginia Tech,28.0,16.0,31.325,24.797,-6.529,56.122,True,92.0,Spread,10.5,HOME,3.97145789210564,L
2025,10,401754580,Louisville,Virginia Tech,28.0,16.0,31.325,24.797,-6.529,56.122,True,92.0,Over,52.5,OVER,3.6219186803824925,L
2025,10,401754581,Miami,SMU,20.0,26.0,25.896,21.114,-4.782,47.01,True,92.0,Spread,8.5,HOME,3.71840719297915,W
2025,10,401754581,Miami,SMU,20.0,26.0,25.896,21.114,-4.782,47.01,True,92.0,Under,50.5,UNDER,3.490285032735706,W
2025,10,401754582,Pittsburgh,Stanford,35.0,20.0,30.268,19.877,-10.391,50.145,True,92.0,Spread,13.5,HOME,3.109301103288445,L
2025,10,401754582,Pittsburgh,Stanford,35.0,20.0,30.268,19.877,-10.391,50.145,True,92.0,Under,51.5,UNDER,1.3551485463293176,L
2025,10,401754583,Notre Dame,Boston College,25.0,10.0,45.718,20.519,-25.199,66.237,True,92.0,Spread,31.5,HOME,6.300622479729839,W
2025,10,401754583,Notre Dame,Boston College,25.0,10.0,45.718,20.519,-25.199,66.237,True,92.0,Over,55.5,OVER,10.737261643773408,L
2025,10,401756936,UCF,Baylor,3.0,30.0,30.311,34.007,3.695,64.318,True,91.5,Spread,-3.0,HOME,0.6953394207119139,W
2025,10,401756936,UCF,Baylor,3.0,30.0,30.311,34.007,3.695,64.318,True,91.5,Over,58.5,OVER,5.818322722888411,L
2025,10,401756937,Arizona,Colorado,52.0,17.0,21.558,24.765,3.207,46.323,True,92.0,Spread,4.0,HOME,7.206687623142464,L
2025,10,401756937,Arizona,Colorado,52.0,17.0,21.558,24.765,3.207,46.323,True,92.0,Under,52.5,UNDER,6.177336325607222,L
2025,10,401756938,West Virginia,Houston,45.0,35.0,11.46,27.281,15.821,38.74,True,92.0,Spread,-13.5,HOME,2.320667029557532,L
2025,10,401756938,West Virginia,Houston,45.0,35.0,11.46,27.281,15.821,38.74,True,92.0,Under,48.5,UNDER,9.7595579293912,L
2025,10,401756939,Arizona State,Iowa State,24.0,19.0,24.194,31.695,7.501,55.89,True,92.0,Spread,-7.5,HOME,0.0009522885114634505,L
2025,10,401756939,Arizona State,Iowa State,24.0,19.0,24.194,31.695,7.501,55.89,True,92.0,Over,48.5,OVER,7.389885398106102,L
2025,10,401756940,Oklahoma State,Kansas,21.0,38.0,15.499,41.04,25.541,56.539,True,92.0,Spread,-24.5,HOME,1.0412703692312348,L
2025,10,401756940,Oklahoma State,Kansas,21.0,38.0,15.499,41.04,25.541,56.539,True,92.0,Over,54.5,OVER,2.0386579581964597,W
2025,10,401756941,Texas Tech,Kansas State,43.0,20.0,27.559,23.891,-3.669,51.45,True,92.0,Spread,7.5,HOME,3.8312969211933847,L
2025,10,401756941,Texas Tech,Kansas State,43.0,20.0,27.559,23.891,-3.669,51.45,True,92.0,Under,51.5,UNDER,0.05007003508329433,L
2025,10,401756942,Cincinnati,Utah,14.0,45.0,25.737,43.568,17.831,69.306,True,92.0,Spread,-11.5,HOME,6.331032942326299,W
2025,10,401756942,Cincinnati,Utah,14.0,45.0,25.737,43.568,17.831,69.306,True,92.0,Over,57.5,OVER,11.805649173076276,W
2025,10,401757173,UAB,UConn,19.0,38.0,33.776,47.235,13.459,81.01,True,91.5,Spread,-10.0,HOME,3.45879030126477,W
2025,10,401757173,UAB,UConn,19.0,38.0,33.776,47.235,13.459,81.01,True,91.5,Over,61.5,OVER,19.51038200596257,L
2025,10,401757289,UTEP,Kennesaw State,20.0,33.0,6.457,17.35,10.893,23.808,True,91.5,Spread,-12.5,AWAY,1.6071707145543783,L
2025,10,401757289,UTEP,Kennesaw State,20.0,33.0,6.457,17.35,10.893,23.808,True,91.5,Under,52.5,UNDER,28.69222461283853,L
2025,10,401757290,Sam Houston,Louisiana Tech,14.0,55.0,8.078,27.532,19.454,35.611,True,92.0,Spread,-16.5,HOME,2.954067056149036,W
2025,10,401757290,Sam Houston,Louisiana Tech,14.0,55.0,8.078,27.532,19.454,35.611,True,92.0,Under,47.5,UNDER,11.889301614621424,L
2025,10,401757291,Florida International,Missouri State,21.0,28.0,26.268,33.623,7.355,59.891,True,92.0,Spread,-3.0,HOME,4.3554006057257055,W
2025,10,401757291,Florida International,Missouri State,21.0,28.0,26.268,33.623,7.355,59.891,True,92.0,Over,49.5,OVER,10.390914574682029,L
2025,10,401757292,Jacksonville State,Middle Tennessee,24.0,21.0,32.186,25.355,-6.831,57.54,True,91.5,Spread,4.0,AWAY,2.83132067984036,L
2025,10,401757292,Jacksonville State,Middle Tennessee,24.0,21.0,32.186,25.355,-6.831,57.54,True,91.5,Over,53.5,OVER,4.040419517097064,L
2025,10,401757293,Delaware,Liberty,30.0,59.0,23.322,26.507,3.184,49.829,True,91.5,Spread,-3.5,AWAY,0.3157469439376328,L
2025,10,401757293,Delaware,Liberty,30.0,59.0,23.322,26.507,3.184,49.829,True,91.5,Under,52.5,UNDER,2.6710408596434263,L
2025,10,401757294,New Mexico State,Western Kentucky,16.0,35.0,14.613,27.425,12.812,42.038,True,91.5,Spread,-7.5,HOME,5.311776559060199,W
2025,10,401757294,New Mexico State,Western Kentucky,16.0,35.0,14.613,27.425,12.812,42.038,True,91.5,Under,53.5,UNDER,11.462485206508461,W
2025,10,401760401,Army,Air Force,20.0,17.0,45.066,41.385,-3.681,86.451,True,91.5,Spread,1.5,AWAY,2.180506146435164,W
2025,10,401760401,Army,Air Force,20.0,17.0,45.066,41.385,-3.681,86.451,True,91.5,Over,48.5,OVER,37.95128264772053,L
2025,10,401760402,Fresno State,Boise State,30.0,7.0,17.094,32.657,15.563,49.752,True,92.0,Spread,-17.5,AWAY,1.93699264684264,W
2025,10,401760402,Fresno State,Boise State,30.0,7.0,17.094,32.657,15.563,49.752,True,92.0,Over,47.5,OVER,2.251825062668928,L
2025,10,401760403,Hawai'i,San José State,38.0,45.0,26.589,28.754,2.166,55.343,True,91.5,Spread,-2.5,AWAY,0.3343852466381634,L
2025,10,401760403,Hawai'i,San José State,38.0,45.0,26.589,28.754,2.166,55.343,True,91.5,Under,55.5,UNDER,0.15731883282514758,L
2025,10,401760404,New Mexico,UNLV,40.0,35.0,33.983,41.25,7.267,75.233,True,92.0,Spread,-3.5,HOME,3.7669996167118853,L
2025,10,401760404,New Mexico,UNLV,40.0,35.0,33.983,41.25,7.267,75.233,True,92.0,Over,61.5,OVER,13.73267848316047,W
2025,10,401760405,Wyoming,San Diego State,7.0,24.0,10.259,23.85,13.592,34.109,True,92.0,Spread,-10.0,HOME,3.591829219071151,W
2025,10,401760405,Wyoming,San Diego State,7.0,24.0,10.259,23.85,13.592,34.109,True,92.0,Under,42.5,UNDER,8.39102967550356,W
2025,10,401761639,James Madison,Texas State,52.0,20.0,29.295,31.343,2.049,60.638,True,92.0,Spread,7.0,HOME,9.048778498862404,L
2025,10,401761639,James Madison,Texas State,52.0,20.0,29.295,31.343,2.049,60.638,True,92.0,Over,55.5,OVER,5.137937843947853,W
2025,10,401761640,Marshall,Coastal Carolina,27.0,44.0,27.677,20.438,-7.239,48.115,True,91.5,Spread,7.0,AWAY,0.2394777502378318,L
2025,10,401761640,Marshall,Coastal Carolina,27.0,44.0,27.677,20.438,-7.239,48.115,True,91.5,Under,55.5,UNDER,7.384817631684385,L
2025,10,401761641,Old Dominion,UL Monroe,31.0,6.0,33.326,19.594,-13.732,52.919,True,92.0,Spread,16.5,HOME,2.767942175021531,L
2025,10,401761641,Old Dominion,UL Monroe,31.0,6.0,33.326,19.594,-13.732,52.919,True,92.0,Under,55.5,UNDER,2.580614749661848,W
2025,10,401761642,Louisiana,South Alabama,31.0,22.0,27.472,36.052,8.58,63.524,True,92.0,Spread,-3.5,HOME,5.080096075803738,L
2025,10,401761642,Louisiana,South Alabama,31.0,22.0,27.472,36.052,8.58,63.524,True,92.0,Over,52.5,OVER,11.023812021571203,W
2025,10,401761643,Arkansas State,Troy,23.0,10.0,23.459,33.03,9.57,56.489,True,92.0,Spread,-7.5,HOME,2.070257678231229,L
2025,10,401761643,Arkansas State,Troy,23.0,10.0,23.459,33.03,9.57,56.489,True,92.0,Over,52.5,OVER,3.9889557013727313,L
2025,10,401762443,Tulane,UTSA,26.0,48.0,28.586,31.678,3.092,60.264,True,92.0,Spread,6.0,HOME,9.092151034686239,W
2025,10,401762443,Tulane,UTSA,26.0,48.0,28.586,31.678,3.092,60.264,True,92.0,Over,54.5,OVER,5.764336066625255,W
2025,10,401762497,Memphis,Rice,38.0,14.0,33.527,19.836,-13.691,53.363,True,92.0,Spread,14.0,HOME,0.3090752551821474,L
2025,10,401762497,Memphis,Rice,38.0,14.0,33.527,19.836,-13.691,53.363,True,92.0,Over,48.5,OVER,4.862622811419769,W
2025,10,401762498,East Carolina,Temple,45.0,14.0,27.591,24.138,-3.453,51.728,True,92.0,Spread,5.5,HOME,2.0470833420965775,L
2025,10,401762498,East Carolina,Temple,45.0,14.0,27.591,24.138,-3.453,51.728,True,92.0,Under,58.5,UNDER,6.771753400131303,L
2025,10,401762499,Navy,North Texas,17.0,31.0,40.454,51.489,11.036,91.943,True,92.0,Spread,-6.5,HOME,4.535873041071341,W
2025,10,401762499,Navy,North Texas,17.0,31.0,40.454,51.489,11.036,91.943,True,92.0,Over,68.5,OVER,23.44311531426989,L
2025,10,401762849,Buffalo,Bowling Green,28.0,3.0,14.664,20.026,5.361,34.69,True,92.0,Spread,-2.5,HOME,2.8611890110359752,L
2025,10,401762849,Buffalo,Bowling Green,28.0,3.0,14.664,20.026,5.361,34.69,True,92.0,Under,44.5,UNDER,9.810104521205709,W
2025,10,401762850,Central Michigan,Western Michigan,21.0,24.0,13.848,27.144,13.296,40.993,True,92.0,Spread,-6.0,HOME,7.296270935205641,L
2025,10,401762850,Central Michigan,Western Michigan,21.0,24.0,13.848,27.144,13.296,40.993,True,92.0,Under,43.5,UNDER,2.5074938806477434,L
2025,11,401752759,LSU,Alabama,9.0,20.0,20.023,32.618,12.595,52.641,True,92.0,Spread,-10.0,HOME,2.595428060998522,W
2025,11,401752759,LSU,Alabama,9.0,20.0,20.023,32.618,12.595,52.641,True,92.0,Over,49.5,OVER,3.1407361285352593,L
2025,11,401752760,Florida,Kentucky,7.0,38.0,19.027,17.907,-1.12,36.934,True,92.0,Spread,4.5,HOME,3.3797686576498123,W
2025,11,401752760,Florida,Kentucky,7.0,38.0,19.027,17.907,-1.12,36.934,True,92.0,Under,44.5,UNDER,7.566489485856351,L
2025,11,401752761,The Citadel,Ole Miss,0.0,49.0,10.127,52.438,42.311,62.565,False,73.0,Spread,-51.5,AWAY,9.189203108812322,W
2025,11,401752761,The Citadel,Ole Miss,0.0,49.0,10.127,52.438,42.311,62.565,False,73.0,Under,63.5,UNDER,0.9352697230431062,W
2025,11,401752762,Georgia,Mississippi State,41.0,21.0,37.018,30.969,-6.048,67.987,True,92.0,Spread,9.5,HOME,3.451651102520401,L
2025,11,401752762,Georgia,Mississippi State,41.0,21.0,37.018,30.969,-6.048,67.987,True,92.0,Over,56.5,OVER,11.487328457109015,W
2025,11,401752763,Texas AandM,Missouri,38.0,17.0,25.82,27.527,1.708,53.347,True,92.0,Spread,7.0,HOME,8.707620607235455,L
2025,11,401752763,Texas AandM,Missouri,38.0,17.0,25.82,27.527,1.708,53.347,True,92.0,Over,48.5,OVER,4.846745788420499,W
2025,11,401752764,Auburn,Vanderbilt,38.0,45.0,20.469,32.078,11.609,52.548,True,92.0,Spread,-6.0,HOME,5.609007779343784,W
2025,11,401752764,Auburn,Vanderbilt,38.0,45.0,20.469,32.078,11.609,52.548,True,92.0,Over,46.5,OVER,6.047934411526853,W
2025,11,401752893,Indiana,Penn State,27.0,24.0,36.854,25.213,-11.641,62.067,True,92.0,Spread,14.5,HOME,2.859422030357635,W
2025,11,401752893,Indiana,Penn State,27.0,24.0,36.854,25.213,-11.641,62.067,True,92.0,Over,49.5,OVER,12.5671607847557,W
2025,11,401752894,Maryland,Rutgers,20.0,35.0,27.704,30.759,3.055,58.463,True,92.0,Spread,-1.5,HOME,1.5545096873604862,W
2025,11,401752894,Maryland,Rutgers,20.0,35.0,27.704,30.759,3.055,58.463,True,92.0,Over,56.5,OVER,1.9628163386567792,L
2025,11,401752895,Nebraska,UCLA,28.0,21.0,32.994,27.57,-5.424,60.564,True,92.0,Spread,-1.5,AWAY,6.923532248904202,W
2025,11,401752895,Nebraska,UCLA,28.0,21.0,32.994,27.57,-5.424,60.564,True,92.0,Over,45.5,OVER,15.063768919953183,W
2025,11,401752896,Northwestern,USC,17.0,38.0,23.398,40.057,16.659,63.454,True,92.0,Spread,-14.5,HOME,2.15872200068781,W
2025,11,401752896,Northwestern,USC,17.0,38.0,23.398,40.057,16.659,63.454,True,92.0,Over,54.5,OVER,8.954424682158042,W
2025,11,401752897,Ohio State,Purdue,34.0,10.0,38.651,14.983,-23.668,53.635,True,92.0,Spread,29.5,HOME,5.831891165053051,W
2025,11,401752897,Ohio State,Purdue,34.0,10.0,38.651,14.983,-23.668,53.635,True,92.0,Over,49.5,OVER,4.134629125872621,L
2025,11,401752898,Oregon,Iowa,18.0,16.0,26.439,27.807,1.368,54.245,True,92.0,Spread,4.5,HOME,5.86846369966905,W
2025,11,401752898,Oregon,Iowa,18.0,16.0,26.439,27.807,1.368,54.245,True,92.0,Over,41.5,OVER,12.745467974750412,L
2025,11,401752899,Washington,Wisconsin,10.0,13.0,31.56,19.77,-11.791,51.33,True,92.0,Spread,10.5,AWAY,1.290516406292241,L
2025,11,401752899,Washington,Wisconsin,10.0,13.0,31.56,19.77,-11.791,51.33,True,92.0,Over,44.5,OVER,6.8302424499382255,L
2025,11,401752944,Sam Houston,Oregon State,21.0,17.0,16.935,32.416,15.481,49.351,True,92.0,Spread,-21.0,AWAY,5.518986563440759,W
2025,11,401752944,Sam Houston,Oregon State,21.0,17.0,16.935,32.416,15.481,49.351,True,92.0,Under,52.5,UNDER,3.148905415472285,W
2025,11,401754584,SMU,Boston College,45.0,13.0,30.082,19.654,-10.428,49.735,True,92.0,Spread,10.5,HOME,0.07194358061911998,L
2025,11,401754584,SMU,Boston College,45.0,13.0,30.082,19.654,-10.428,49.735,True,92.0,Under,54.5,UNDER,4.764535283780816,L
2025,11,401754585,California,Louisville,29.0,26.0,13.098,31.984,18.886,45.081,True,92.0,Spread,-18.5,HOME,0.38581499012327214,L
2025,11,401754585,California,Louisville,29.0,26.0,13.098,31.984,18.886,45.081,True,92.0,Under,48.5,UNDER,3.418574959809966,L
2025,11,401754586,Florida State,Clemson,10.0,24.0,32.83,30.472,-2.358,63.301,True,92.0,Spread,-1.5,AWAY,3.8580786345607443,L
2025,11,401754586,Florida State,Clemson,10.0,24.0,32.83,30.472,-2.358,63.301,True,92.0,Over,56.5,OVER,6.801490680717947,L
2025,11,401754587,Syracuse,Miami,10.0,38.0,13.536,41.397,27.862,54.933,True,92.0,Spread,-28.5,AWAY,0.6384969761607806,W
2025,11,401754587,Syracuse,Miami,10.0,38.0,13.536,41.397,27.862,54.933,True,92.0,Over,46.5,OVER,8.43284488206038,W
2025,11,401754588,Stanford,North Carolina,15.0,20.0,14.887,19.163,4.276,34.05,True,92.0,Spread,-8.5,AWAY,4.223951397298258,W
2025,11,401754588,Stanford,North Carolina,15.0,20.0,14.887,19.163,4.276,34.05,True,92.0,Under,41.5,UNDER,7.450062702391946,W
2025,11,401754589,Wake Forest,Virginia,16.0,9.0,16.575,28.387,11.812,44.961,True,92.0,Spread,-7.0,HOME,4.812068828423612,L
2025,11,401754589,Wake Forest,Virginia,16.0,9.0,16.575,28.387,11.812,44.961,True,92.0,Under,48.5,UNDER,3.5388436592724943,W
2025,11,401754590,Duke,UConn,34.0,37.0,39.766,36.198,-3.568,75.965,True,92.0,Spread,7.5,HOME,3.9319855590328814,W
2025,11,401754590,Duke,UConn,34.0,37.0,39.766,36.198,-3.568,75.965,True,92.0,Over,63.5,OVER,12.464895901458732,W
2025,11,401756943,Kansas,Arizona,20.0,24.0,27.542,35.093,7.551,62.635,True,92.0,Spread,-5.5,HOME,2.0506703398202255,L
2025,11,401756943,Kansas,Arizona,20.0,24.0,27.542,35.093,7.551,62.635,True,92.0,Over,56.5,OVER,6.135422941249388,L
2025,11,401756944,Iowa State,TCU,20.0,17.0,28.004,34.222,6.218,62.226,True,92.0,Spread,-7.5,AWAY,1.2815663917187834,W
2025,11,401756944,Iowa State,TCU,20.0,17.0,28.004,34.222,6.218,62.226,True,92.0,Over,58.5,OVER,3.725613462914481,L
2025,11,401756945,BYU,Texas Tech,7.0,29.0,22.149,30.74,8.59,52.889,True,92.0,Spread,-13.5,AWAY,4.909678626987024,L
2025,11,401756945,BYU,Texas Tech,7.0,29.0,22.149,30.74,8.59,52.889,True,92.0,Over,50.5,OVER,2.389191867199983,L
2025,11,401756946,Houston,UCF,30.0,27.0,18.419,21.875,3.456,40.293,True,92.0,Spread,-1.5,HOME,1.9561188455277971,L
2025,11,401756946,Houston,UCF,30.0,27.0,18.419,21.875,3.456,40.293,True,92.0,Under,47.5,UNDER,7.206502461530128,L
2025,11,401756947,Colorado,West Virginia,22.0,29.0,24.24,25.688,1.447,49.928,True,92.0,Spread,-6.5,AWAY,5.052746266543551,L
2025,11,401756947,Colorado,West Virginia,22.0,29.0,24.24,25.688,1.447,49.928,True,92.0,Under,51.5,UNDER,1.572225483270124,W
2025,11,401757166,Navy,Notre Dame,10.0,49.0,28.614,50.686,22.072,79.299,True,92.0,Spread,-30.5,AWAY,8.428335063222828,L
2025,11,401757166,Navy,Notre Dame,10.0,49.0,28.614,50.686,22.072,79.299,True,92.0,Over,54.5,OVER,24.799437909139712,W
2025,11,401757295,Louisiana Tech,Delaware,24.0,25.0,25.705,21.541,-4.164,47.246,True,92.0,Spread,5.5,HOME,1.3363452750411753,W
2025,11,401757295,Louisiana Tech,Delaware,24.0,25.0,25.705,21.541,-4.164,47.246,True,92.0,Under,56.5,UNDER,9.253582505791663,W
2025,11,401757296,Florida International,Middle Tennessee,56.0,30.0,23.793,26.581,2.788,50.375,True,92.0,Spread,-1.5,HOME,1.287592825838793,L
2025,11,401757296,Florida International,Middle Tennessee,56.0,30.0,23.793,26.581,2.788,50.375,True,92.0,Under,50.5,UNDER,0.12548189872030946,L
2025,11,401757297,Jacksonville State,UTEP,30.0,27.0,17.832,14.869,-2.963,32.7,True,92.0,Spread,1.5,AWAY,1.4629580935257014,W
2025,11,401757297,Jacksonville State,UTEP,30.0,27.0,17.832,14.869,-2.963,32.7,True,92.0,Under,46.5,UNDER,13.799858463031484,L
2025,11,401757298,Kennesaw State,New Mexico State,24.0,21.0,19.616,16.719,-2.897,36.335,True,92.0,Spread,11.5,HOME,8.603123069338928,W
2025,11,401757298,Kennesaw State,New Mexico State,24.0,21.0,19.616,16.719,-2.897,36.335,True,92.0,Under,52.5,UNDER,16.164668662214453,W
2025,11,401757299,Missouri State,Liberty,21.0,17.0,24.065,33.915,9.851,57.98,True,92.0,Spread,-7.5,HOME,2.350638775190191,L
2025,11,401757299,Missouri State,Liberty,21.0,17.0,24.065,33.915,9.851,57.98,True,92.0,Over,51.5,OVER,6.479810714519758,L
2025,11,401760406,Air Force,San José State,26.0,16.0,40.794,46.978,6.184,87.772,True,92.0,Spread,-6.0,HOME,0.18394769960154633,L
2025,11,401760406,Air Force,San José State,26.0,16.0,40.794,46.978,6.184,87.772,True,92.0,Over,67.5,OVER,20.27209532401551,L
2025,11,401760407,UNLV,Colorado State,42.0,10.0,34.361,33.546,-0.815,67.907,True,92.0,Spread,5.5,HOME,4.684711789633269,L
2025,11,401760407,UNLV,Colorado State,42.0,10.0,34.361,33.546,-0.815,67.907,True,92.0,Over,60.5,OVER,7.4070696674478995,L
2025,11,401760408,San Diego State,Hawai'i,6.0,38.0,25.702,23.22,-2.482,48.923,True,92.0,Spread,6.5,HOME,4.017962205487024,W
2025,11,401760408,San Diego State,Hawai'i,6.0,38.0,25.702,23.22,-2.482,48.923,True,92.0,Over,48.5,OVER,0.4227909330923154,L
2025,11,401760409,Nevada,Utah State,14.0,51.0,18.248,32.189,13.941,50.438,True,92.0,Spread,-10.0,HOME,3.94076429102212,W
2025,11,401760409,Nevada,Utah State,14.0,51.0,18.248,32.189,13.941,50.438,True,92.0,Under,52.5,UNDER,2.062389588761434,L
2025,11,401761644,Georgia Southern,App State,25.0,23.0,34.514,36.58,2.066,71.094,True,92.0,Spread,-4.5,AWAY,2.4339568620180927,W
2025,11,401761644,Georgia Southern,App State,25.0,23.0,34.514,36.58,2.066,71.094,True,92.0,Over,62.5,OVER,8.593910750686064,L
2025,11,401761645,Georgia State,Coastal Carolina,27.0,40.0,23.574,36.615,13.041,60.189,True,92.0,Spread,-7.0,HOME,6.040926951801588,W
2025,11,401761645,Georgia State,Coastal Carolina,27.0,40.0,23.574,36.615,13.041,60.189,True,92.0,Over,56.5,OVER,3.6888433006157086,W
2025,11,401761646,James Madison,Marshall,35.0,23.0,30.645,25.125,-5.52,55.769,True,92.0,Spread,13.5,HOME,7.980336067397957,W
2025,11,401761646,James Madison,Marshall,35.0,23.0,30.645,25.125,-5.52,55.769,True,92.0,Over,53.5,OVER,2.2693958815581254,W
2025,11,401761647,Southern Miss,Arkansas State,27.0,21.0,26.083,27.818,1.735,53.9,True,92.0,Spread,6.5,HOME,8.235016020784109,W
2025,11,401761647,Southern Miss,Arkansas State,27.0,21.0,26.083,27.818,1.735,53.9,True,92.0,Under,54.5,UNDER,0.5996783332749303,W
2025,11,401761648,Texas State,Louisiana,39.0,42.0,36.411,32.049,-4.362,68.46,True,92.0,Spread,3.5,AWAY,0.8615262190308783,L
2025,11,401761648,Texas State,Louisiana,39.0,42.0,36.411,32.049,-4.362,68.46,True,92.0,Over,62.5,OVER,5.959729524921798,W
2025,11,401762500,UTSA,South Florida,23.0,55.0,28.353,38.629,10.276,66.982,True,92.0,Spread,-14.0,AWAY,3.7237598728758847,L
2025,11,401762500,UTSA,South Florida,23.0,55.0,28.353,38.629,10.276,66.982,True,92.0,Over,66.5,OVER,0.48166914226544577,W
2025,11,401762501,Tulane,Memphis,38.0,32.0,29.335,38.64,9.305,67.976,True,92.0,Spread,-3.0,HOME,6.305263065047914,L
2025,11,401762501,Tulane,Memphis,38.0,32.0,29.335,38.64,9.305,67.976,True,92.0,Over,53.5,OVER,14.475536155459793,W
2025,11,401762502,UAB,Rice,17.0,24.0,33.215,36.673,3.459,69.888,True,92.0,Spread,1.5,HOME,4.958607015509159,W
2025,11,401762502,UAB,Rice,17.0,24.0,33.215,36.673,3.459,69.888,True,92.0,Over,51.5,OVER,18.38832354431534,L
2025,11,401762503,Temple,Army,13.0,14.0,28.486,40.621,12.135,69.108,True,92.0,Spread,-7.0,HOME,5.134942540695068,L
2025,11,401762503,Temple,Army,13.0,14.0,28.486,40.621,12.135,69.108,True,92.0,Over,45.5,OVER,23.607851594649915,L
2025,11,401762504,Charlotte,East Carolina,22.0,48.0,10.416,43.5,33.083,53.916,True,92.0,Spread,-27.5,HOME,5.583348164488029,L
2025,11,401762504,Charlotte,East Carolina,22.0,48.0,10.416,43.5,33.083,53.916,True,92.0,Under,56.5,UNDER,2.5843282877320206,L
2025,11,401762505,Tulsa,Florida Atlantic,21.0,40.0,26.993,33.128,6.134,60.121,True,92.0,Spread,-4.5,HOME,1.6342667577506766,W
2025,11,401762505,Tulsa,Florida Atlantic,21.0,40.0,26.993,33.128,6.134,60.121,True,92.0,Under,60.5,UNDER,0.3789153820252835,L
2025,11,401762851,Massachusetts,Akron,10.0,44.0,10.728,24.322,13.594,35.049,True,92.0,Spread,-12.5,HOME,1.0939103261555445,W
2025,11,401762851,Massachusetts,Akron,10.0,44.0,10.728,24.322,13.594,35.049,True,92.0,Under,51.5,UNDER,16.45082036700382,L
2025,11,401762852,Miami (OH),Ohio,20.0,24.0,19.638,28.806,9.167,48.444,True,92.0,Spread,-2.5,HOME,6.667123078904794,W
2025,11,401762852,Miami (OH),Ohio,20.0,24.0,19.638,28.806,9.167,48.444,True,92.0,Under,50.5,UNDER,2.056083226656554,W
2025,11,401762853,Kent State,Ball State,13.0,17.0,18.332,24.859,6.527,43.191,True,92.0,Spread,-3.0,HOME,3.5266063969863666,W
2025,11,401762853,Kent State,Ball State,13.0,17.0,18.332,24.859,6.527,43.191,True,92.0,Under,48.5,UNDER,5.308798562534562,W
2025,11,401762854,Northern Illinois,Toledo,3.0,42.0,6.773,25.008,18.235,31.781,True,92.0,Spread,-14.5,HOME,3.7348078777926474,W
2025,11,401762854,Northern Illinois,Toledo,3.0,42.0,6.773,25.008,18.235,31.781,True,92.0,Under,42.5,UNDER,10.718809681667551,L
2025,11,401762855,Bowling Green,Eastern Michigan,21.0,27.0,24.014,26.251,2.237,50.266,True,92.0,Spread,-3.0,AWAY,0.7631852932821701,L
2025,11,401762855,Bowling Green,Eastern Michigan,21.0,27.0,24.014,26.251,2.237,50.266,True,92.0,Over,49.5,OVER,0.7655175330506552,L
2025,12,401752765,Oklahoma,Alabama,23.0,21.0,12.005,19.843,7.838,31.847,True,92.0,Spread,-6.5,HOME,1.3379619784837349,L
2025,12,401752765,Oklahoma,Alabama,23.0,21.0,12.005,19.843,7.838,31.847,True,92.0,Under,45.5,UNDER,13.652564129949418,W
2025,12,401752766,Texas,Georgia,10.0,35.0,22.505,28.568,6.064,51.073,True,92.0,Spread,-3.5,HOME,2.5638417104342963,W
2025,12,401752766,Texas,Georgia,10.0,35.0,22.505,28.568,6.064,51.073,True,92.0,Over,50.5,OVER,0.5729835388857794,L
2025,12,401752767,Tennessee Tech,Kentucky,10.0,42.0,3.0,35.243,32.243,38.243,False,73.0,Spread,-22.5,HOME,9.743115272121706,W
2025,12,401752767,Tennessee Tech,Kentucky,10.0,42.0,3.0,35.243,32.243,38.243,False,73.0,Under,52.5,UNDER,14.256884727878294,W
2025,12,401752768,Arkansas,LSU,22.0,23.0,33.966,40.301,6.335,74.266,True,92.0,Spread,-4.0,HOME,2.3347882760749172,L
2025,12,401752768,Arkansas,LSU,22.0,23.0,33.966,40.301,6.335,74.266,True,92.0,Over,58.5,OVER,15.766317196335507,L
2025,12,401752769,Florida,Ole Miss,24.0,34.0,17.481,34.537,17.056,52.019,True,92.0,Spread,-10.5,HOME,6.555688609138947,L
2025,12,401752769,Florida,Ole Miss,24.0,34.0,17.481,34.537,17.056,52.019,True,92.0,Under,53.5,UNDER,1.4814559101233797,L
2025,12,401752770,Mississippi State,Missouri,27.0,49.0,25.048,36.306,11.258,61.354,True,92.0,Spread,-7.5,HOME,3.758396107395054,W
2025,12,401752770,Mississippi State,Missouri,27.0,49.0,25.048,36.306,11.258,61.354,True,92.0,Over,50.5,OVER,10.854359709948227,W
2025,12,401752771,New Mexico State,Tennessee,9.0,42.0,16.131,48.21,32.079,64.341,True,92.0,Spread,-41.5,AWAY,9.421204423226087,W
2025,12,401752771,New Mexico State,Tennessee,9.0,42.0,16.131,48.21,32.079,64.341,True,92.0,Over,59.5,OVER,4.840572390551941,L
2025,12,401752772,South Carolina,Texas AandM,30.0,31.0,12.068,29.661,17.593,41.729,True,92.0,Spread,-16.5,HOME,1.0932711679643319,L
2025,12,401752772,South Carolina,Texas AandM,30.0,31.0,12.068,29.661,17.593,41.729,True,92.0,Under,49.5,UNDER,7.770872018428861,L
2025,12,401752900,UCLA,Ohio State,10.0,48.0,11.07,42.908,31.838,53.978,True,92.0,Spread,-33.5,AWAY,1.6621771268027636,L
2025,12,401752900,UCLA,Ohio State,10.0,48.0,11.07,42.908,31.838,53.978,True,92.0,Over,46.5,OVER,7.478463362099319,W
2025,12,401752901,Wisconsin,Indiana,7.0,31.0,9.712,45.088,35.376,54.8,True,92.0,Spread,-28.5,HOME,6.875799158584925,L
2025,12,401752901,Wisconsin,Indiana,7.0,31.0,9.712,45.088,35.376,54.8,True,92.0,Over,43.5,OVER,11.299905623357162,L
2025,12,401752902,Purdue,Washington,13.0,49.0,19.627,40.284,20.657,59.912,True,92.0,Spread,-14.5,HOME,6.156914129255632,W
2025,12,401752902,Purdue,Washington,13.0,49.0,19.627,40.284,20.657,59.912,True,92.0,Over,51.5,OVER,8.41152187846199,W
2025,12,401752903,Penn State,Michigan State,28.0,10.0,33.341,24.301,-9.041,57.642,True,92.0,Spread,7.0,AWAY,2.0405535766711296,W
2025,12,401752903,Penn State,Michigan State,28.0,10.0,33.341,24.301,-9.041,57.642,True,92.0,Over,48.5,OVER,9.141834347690747,L
2025,12,401752904,Minnesota,Oregon,13.0,42.0,13.102,35.871,22.769,48.972,True,92.0,Spread,-26.5,AWAY,3.7308507790570715,L
2025,12,401752904,Minnesota,Oregon,13.0,42.0,13.102,35.871,22.769,48.972,True,92.0,Over,46.5,OVER,2.472295210095446,W
2025,12,401752905,Michigan,Northwestern,24.0,22.0,26.231,19.502,-6.729,45.733,True,92.0,Spread,10.0,HOME,3.270530823427393,W
2025,12,401752905,Michigan,Northwestern,24.0,22.0,26.231,19.502,-6.729,45.733,True,92.0,Over,41.5,OVER,4.233063095186068,W
2025,12,401752906,Maryland,Illinois,6.0,24.0,21.452,36.377,14.925,57.829,True,92.0,Spread,-16.5,AWAY,1.574758481094129,L
2025,12,401752906,Maryland,Illinois,6.0,24.0,21.452,36.377,14.925,57.829,True,92.0,Over,51.5,OVER,6.329282940628737,L
2025,12,401752907,Iowa,USC,21.0,26.0,30.322,36.217,5.895,66.539,True,92.0,Spread,-6.5,AWAY,0.6054517978727212,W
2025,12,401752907,Iowa,USC,21.0,26.0,30.322,36.217,5.895,66.539,True,92.0,Over,48.5,OVER,18.038621849498696,L
2025,12,401752945,Oregon State,Tulsa,14.0,31.0,24.012,23.996,-0.016,48.008,True,92.0,Spread,-1.5,AWAY,1.5160869998472748,L
2025,12,401752945,Oregon State,Tulsa,14.0,31.0,24.012,23.996,-0.016,48.008,True,92.0,Under,50.5,UNDER,2.4923847582279848,W
2025,12,401752953,Louisiana Tech,Washington State,3.0,28.0,13.254,20.256,7.002,33.51,True,92.0,Spread,-10.0,AWAY,2.997961682084819,L
2025,12,401752953,Louisiana Tech,Washington State,3.0,28.0,13.254,20.256,7.002,33.51,True,92.0,Under,43.5,UNDER,9.98953660061158,W
2025,12,401754591,Clemson,Louisville,20.0,19.0,18.912,27.948,9.036,46.86,True,92.0,Spread,-1.5,HOME,7.536020529395827,L
2025,12,401754591,Clemson,Louisville,20.0,19.0,18.912,27.948,9.036,46.86,True,92.0,Under,50.5,UNDER,3.639667672182597,W
2025,12,401754592,Georgia Tech,Boston College,36.0,34.0,40.955,28.91,-12.046,69.865,True,92.0,Spread,16.5,HOME,4.454233168513188,W
2025,12,401754592,Georgia Tech,Boston College,36.0,34.0,40.955,28.91,-12.046,69.865,True,92.0,Over,61.5,OVER,8.365181017730919,W
2025,12,401754593,Virginia,Duke,34.0,17.0,30.871,33.592,2.721,64.463,True,92.0,Spread,-5.5,AWAY,2.778808360082852,W
2025,12,401754593,Virginia,Duke,34.0,17.0,30.871,33.592,2.721,64.463,True,92.0,Over,59.5,OVER,4.962518891121761,L
2025,12,401754594,Virginia Tech,Florida State,14.0,34.0,24.158,40.136,15.979,64.294,True,92.0,Spread,-14.5,HOME,1.4788158122563715,W
2025,12,401754594,Virginia Tech,Florida State,14.0,34.0,24.158,40.136,15.979,64.294,True,92.0,Over,55.5,OVER,8.794040208767,L
2025,12,401754595,NC State,Miami,7.0,41.0,23.011,40.43,17.419,63.441,True,92.0,Spread,-16.5,HOME,0.9190639161932168,W
2025,12,401754595,NC State,Miami,7.0,41.0,23.011,40.43,17.419,63.441,True,92.0,Over,54.5,OVER,8.940655383934136,L
2025,12,401754596,North Carolina,Wake Forest,12.0,28.0,6.077,17.766,11.689,23.844,True,92.0,Spread,-3.5,HOME,8.189300060170286,W
2025,12,401754596,North Carolina,Wake Forest,12.0,28.0,6.077,17.766,11.689,23.844,True,92.0,Under,37.5,UNDER,13.656397567331634,L
2025,12,401754597,Notre Dame,Pittsburgh,37.0,15.0,31.176,24.608,-6.568,55.784,True,92.0,Spread,12.5,HOME,5.932096588288523,L
2025,12,401754597,Notre Dame,Pittsburgh,37.0,15.0,31.176,24.608,-6.568,55.784,True,92.0,Over,55.5,OVER,0.2843286281685735,L
2025,12,401756948,West Virginia,Arizona State,23.0,25.0,18.568,32.242,13.674,50.81,True,92.0,Spread,-10.0,HOME,3.673608647685171,L
2025,12,401756948,West Virginia,Arizona State,23.0,25.0,18.568,32.242,13.674,50.81,True,92.0,Over,46.5,OVER,4.310411560358929,W
2025,12,401756949,Utah,Baylor,55.0,28.0,39.305,29.322,-9.983,68.627,True,92.0,Spread,9.5,AWAY,0.4829639210338428,W
2025,12,401756949,Utah,Baylor,55.0,28.0,39.305,29.322,-9.983,68.627,True,92.0,Over,60.5,OVER,8.127465780721863,W
2025,12,401756950,TCU,BYU,13.0,44.0,23.643,34.073,10.43,57.715,True,92.0,Spread,-3.0,HOME,7.430208258079578,W
2025,12,401756950,TCU,BYU,13.0,44.0,23.643,34.073,10.43,57.715,True,92.0,Over,51.5,OVER,6.215394351824472,W
2025,12,401756951,Arizona,Cincinnati,30.0,24.0,31.132,34.111,2.979,65.243,True,92.0,Spread,-5.5,AWAY,2.5213650071065103,W
2025,12,401756951,Arizona,Cincinnati,30.0,24.0,31.132,34.111,2.979,65.243,True,92.0,Over,56.5,OVER,8.742981120545068,L
2025,12,401756952,Kansas State,Oklahoma State,14.0,6.0,36.502,18.333,-18.168,54.835,True,92.0,Spread,19.5,HOME,1.3317342031112496,W
2025,12,401756952,Kansas State,Oklahoma State,14.0,6.0,36.502,18.333,-18.168,54.835,True,92.0,Over,50.5,OVER,4.335069392934926,L
2025,12,401756953,UCF,Texas Tech,9.0,48.0,10.299,32.637,22.338,42.936,True,92.0,Spread,-24.5,AWAY,2.1623397638173145,L
2025,12,401756953,UCF,Texas Tech,9.0,48.0,10.299,32.637,22.338,42.936,True,92.0,Under,48.5,UNDER,5.563647213507608,L
2025,12,401757174,Air Force,UConn,16.0,26.0,38.806,47.354,8.549,86.16,True,92.0,Spread,-7.5,HOME,1.0485834259009295,W
2025,12,401757174,Air Force,UConn,16.0,26.0,38.806,47.354,8.549,86.16,True,92.0,Over,64.5,OVER,21.659792384570324,L
2025,12,401757300,Delaware,Sam Houston,23.0,26.0,32.744,23.769,-8.975,56.513,True,92.0,Spread,11.5,HOME,2.5249423657163774,W
2025,12,401757300,Delaware,Sam Houston,23.0,26.0,32.744,23.769,-8.975,56.513,True,92.0,Over,56.5,OVER,0.0128835516403214,L
2025,12,401757301,Liberty,Florida International,27.0,34.0,25.368,25.762,0.394,51.13,True,92.0,Spread,2.5,HOME,2.8939671475150703,W
2025,12,401757301,Liberty,Florida International,27.0,34.0,25.368,25.762,0.394,51.13,True,92.0,Under,51.5,UNDER,0.37047820072511684,L
2025,12,401757302,Kennesaw State,Jacksonville State,26.0,35.0,22.034,27.975,5.941,50.009,True,92.0,Spread,3.5,HOME,9.441015121001023,W
2025,12,401757302,Kennesaw State,Jacksonville State,26.0,35.0,22.034,27.975,5.941,50.009,True,92.0,Under,56.5,UNDER,6.4913457691963,L
2025,12,401757303,Middle Tennessee,Western Kentucky,26.0,42.0,15.903,33.879,17.976,49.782,True,92.0,Spread,-13.5,HOME,4.475504483342441,W
2025,12,401757303,Middle Tennessee,Western Kentucky,26.0,42.0,15.903,33.879,17.976,49.782,True,92.0,Under,51.5,UNDER,1.7180461663937265,L
2025,12,401757304,UTEP,Missouri State,24.0,38.0,14.925,21.602,6.677,36.527,True,92.0,Spread,-6.5,HOME,0.1770432046549928,W
2025,12,401757304,UTEP,Missouri State,24.0,38.0,14.925,21.602,6.677,36.527,True,92.0,Under,47.5,UNDER,10.973194308018108,L
2025,12,401760410,Boise State,San Diego State,7.0,17.0,17.819,21.801,3.982,39.62,True,92.0,Spread,-1.5,HOME,2.481722029363567,W
2025,12,401760410,Boise State,San Diego State,7.0,17.0,17.819,21.801,3.982,39.62,True,92.0,Under,41.5,UNDER,1.8795534257085933,W
2025,12,401760411,Colorado State,New Mexico,17.0,20.0,24.532,38.036,13.504,62.568,True,92.0,Spread,-15.5,AWAY,1.9964439942019396,W
2025,12,401760411,Colorado State,New Mexico,17.0,20.0,24.532,38.036,13.504,62.568,True,92.0,Over,53.5,OVER,9.068001518672276,L
2025,12,401760412,Wyoming,Fresno State,3.0,24.0,10.518,18.563,8.045,29.081,True,92.0,Spread,-3.0,HOME,5.044877033092693,W
2025,12,401760412,Wyoming,Fresno State,3.0,24.0,10.518,18.563,8.045,29.081,True,92.0,Under,40.5,UNDER,11.418858629836311,W
2025,12,401760413,San José State,Nevada,10.0,55.0,25.852,20.147,-5.704,45.999,True,92.0,Spread,10.0,HOME,4.295548459435018,W
2025,12,401760413,San José State,Nevada,10.0,55.0,25.852,20.147,-5.704,45.999,True,92.0,Under,49.5,UNDER,3.5010837453980557,L
2025,12,401760414,Utah State,UNLV,26.0,29.0,34.901,43.939,9.038,78.839,True,92.0,Spread,-4.5,HOME,4.538112972630557,L
2025,12,401760414,Utah State,UNLV,26.0,29.0,34.901,43.939,9.038,78.839,True,92.0,Over,68.5,OVER,10.339296743258444,L
2025,12,401761649,Troy,Old Dominion,0.0,33.0,17.969,31.71,13.741,49.679,True,92.0,Spread,-9.5,HOME,4.241470655983129,W
2025,12,401761649,Troy,Old Dominion,0.0,33.0,17.969,31.71,13.741,49.679,True,92.0,Under,53.5,UNDER,3.820779335993734,W
2025,12,401761650,Coastal Carolina,Georgia Southern,40.0,45.0,28.774,35.359,6.584,64.133,True,92.0,Spread,-3.0,HOME,3.584217023192199,W
2025,12,401761650,Coastal Carolina,Georgia Southern,40.0,45.0,28.774,35.359,6.584,64.133,True,92.0,Over,59.5,OVER,4.63288611803722,W
2025,12,401761651,Marshall,Georgia State,30.0,18.0,41.279,30.715,-10.565,71.994,True,92.0,Spread,9.5,AWAY,1.0645684306985181,W
2025,12,401761651,Marshall,Georgia State,30.0,18.0,41.279,30.715,-10.565,71.994,True,92.0,Over,59.5,OVER,12.49383940571461,L
2025,12,401761652,App State,James Madison,10.0,58.0,14.277,37.97,23.693,52.247,True,92.0,Spread,-21.0,HOME,2.6927072747649063,W
2025,12,401761652,App State,James Madison,10.0,58.0,14.277,37.97,23.693,52.247,True,92.0,Under,53.5,UNDER,1.2533636588341253,L
2025,12,401761653,South Alabama,UL Monroe,26.0,14.0,29.645,26.336,-3.308,55.981,True,92.0,Spread,4.0,HOME,0.6916163764979899,L
2025,12,401761653,South Alabama,UL Monroe,26.0,14.0,29.645,26.336,-3.308,55.981,True,92.0,Over,49.5,OVER,6.480801021832988,L
2025,12,401761654,Texas State,Southern Miss,41.0,14.0,33.081,34.869,1.788,67.951,True,92.0,Spread,-3.0,AWAY,1.2120132159103747,W
2025,12,401761654,Texas State,Southern Miss,41.0,14.0,33.081,34.869,1.788,67.951,True,92.0,Over,65.5,OVER,2.4505586594169557,L
2025,12,401762506,North Texas,UAB,53.0,24.0,50.726,33.869,-16.858,84.595,True,92.0,Spread,17.5,HOME,0.6421978288707209,L
2025,12,401762506,North Texas,UAB,53.0,24.0,50.726,33.869,-16.858,84.595,True,92.0,Over,68.5,OVER,16.09512669355614,W
2025,12,401762507,UTSA,Charlotte,28.0,7.0,38.868,23.06,-15.808,61.928,True,92.0,Spread,16.5,HOME,0.6922182865453408,L
2025,12,401762507,UTSA,Charlotte,28.0,7.0,38.868,23.06,-15.808,61.928,True,92.0,Over,57.5,OVER,4.4280723156273325,L
2025,12,401762508,Memphis,East Carolina,27.0,31.0,24.183,32.153,7.971,56.336,True,92.0,Spread,-3.0,HOME,4.97073272329294,W
2025,12,401762508,Memphis,East Carolina,27.0,31.0,24.183,32.153,7.971,56.336,True,92.0,Under,56.5,UNDER,0.1641592497207398,L
2025,12,401762509,Florida Atlantic,Tulane,24.0,35.0,25.445,42.258,16.813,67.703,True,92.0,Spread,-16.5,HOME,0.3130125802553323,L
2025,12,401762509,Florida Atlantic,Tulane,24.0,35.0,25.445,42.258,16.813,67.703,True,92.0,Over,60.5,OVER,7.203081038899143,L
2025,12,401762510,South Florida,Navy,38.0,41.0,42.616,39.368,-3.248,81.983,True,92.0,Spread,9.5,HOME,6.252310220162997,W
2025,12,401762510,South Florida,Navy,38.0,41.0,42.616,39.368,-3.248,81.983,True,92.0,Over,62.5,OVER,19.483335801378516,W
2025,12,401762856,Kent State,Akron,42.0,35.0,13.706,23.784,10.078,37.49,True,92.0,Spread,-7.5,HOME,2.5776933817813923,L
2025,12,401762856,Kent State,Akron,42.0,35.0,13.706,23.784,10.078,37.49,True,92.0,Under,49.5,UNDER,12.010040123528903,L
2025,12,401762857,Ohio,Western Michigan,13.0,17.0,20.934,25.245,4.311,46.179,True,92.0,Spread,-1.5,HOME,2.81086793267702,W
2025,12,401762857,Ohio,Western Michigan,13.0,17.0,20.934,25.245,4.311,46.179,True,92.0,Under,47.5,UNDER,1.3210555548329381,W
2025,12,401762858,Buffalo,Central Michigan,19.0,38.0,16.108,20.573,4.464,36.681,True,92.0,Spread,-2.5,HOME,1.9643389873205876,W
2025,12,401762858,Buffalo,Central Michigan,19.0,38.0,16.108,20.573,4.464,36.681,True,92.0,Under,44.5,UNDER,7.818774037744255,L
2025,12,401762859,Northern Illinois,Massachusetts,45.0,3.0,19.196,10.43,-8.767,29.626,True,92.0,Spread,9.5,HOME,0.7333469765422116,L
2025,12,401762859,Northern Illinois,Massachusetts,45.0,3.0,19.196,10.43,-8.767,29.626,True,92.0,Under,43.5,UNDER,13.87386154987328,L
2025,12,401762860,Toledo,Miami (OH),24.0,3.0,20.475,16.297,-4.178,36.772,True,92.0,Spread,5.5,HOME,1.3216967669614306,L
2025,12,401762860,Toledo,Miami (OH),24.0,3.0,20.475,16.297,-4.178,36.772,True,92.0,Under,44.5,UNDER,7.727688722642753,W
2025,12,401762861,Eastern Michigan,Ball State,24.0,9.0,26.142,27.755,1.613,53.897,True,92.0,Spread,2.5,HOME,4.112643376569977,L
2025,12,401762861,Eastern Michigan,Ball State,24.0,9.0,26.142,27.755,1.613,53.897,True,92.0,Over,48.5,OVER,5.396930946725668,L
2025,13,401752773,Eastern Illinois,Alabama,0.0,56.0,3.139,50.356,47.217,53.495,False,73.0,Spread,-50.5,AWAY,3.28316133390112,L
2025,13,401752773,Eastern Illinois,Alabama,0.0,56.0,3.139,50.356,47.217,53.495,False,73.0,Under,57.5,UNDER,4.005058840303377,W
2025,13,401752774,Mercer,Auburn,17.0,62.0,3.0,39.01,36.01,42.01,False,73.0,Spread,-26.5,HOME,9.509865702772167,W
2025,13,401752774,Mercer,Auburn,17.0,62.0,3.0,39.01,36.01,42.01,False,73.0,Under,51.5,UNDER,9.490134297227833,L
2025,13,401752775,Tennessee,Florida,31.0,11.0,33.314,30.135,-3.18,63.449,True,92.0,Spread,3.5,HOME,0.3203047846222944,L
2025,13,401752775,Tennessee,Florida,31.0,11.0,33.314,30.135,-3.18,63.449,True,92.0,Over,57.5,OVER,5.94923488118134,L
2025,13,401752776,Charlotte,Georgia,3.0,35.0,6.812,48.539,41.727,55.351,True,92.0,Spread,-42.5,AWAY,0.7731699257129918,W
2025,13,401752776,Charlotte,Georgia,3.0,35.0,6.812,48.539,41.727,55.351,True,92.0,Over,53.5,OVER,1.8509064030268405,L
2025,13,401752777,Western Kentucky,LSU,10.0,13.0,16.007,31.298,15.291,47.305,True,92.0,Spread,-24.5,AWAY,9.208736823401388,W
2025,13,401752777,Western Kentucky,LSU,10.0,13.0,16.007,31.298,15.291,47.305,True,92.0,Under,52.5,UNDER,5.195420469384139,W
2025,13,401752778,Missouri,Oklahoma,6.0,17.0,11.72,19.834,8.114,31.554,True,92.0,Spread,-4.5,HOME,3.613821649045546,W
2025,13,401752778,Missouri,Oklahoma,6.0,17.0,11.72,19.834,8.114,31.554,True,92.0,Under,42.5,UNDER,10.946144679913488,W
2025,13,401752779,Coastal Carolina,South Carolina,7.0,51.0,8.858,27.954,19.095,36.812,True,92.0,Spread,-23.5,AWAY,4.404742409317144,L
2025,13,401752779,Coastal Carolina,South Carolina,7.0,51.0,8.858,27.954,19.095,36.812,True,92.0,Under,49.5,UNDER,12.688036168771887,L
2025,13,401752780,Arkansas,Texas,37.0,52.0,27.225,39.947,12.723,67.172,True,92.0,Spread,-8.5,HOME,4.222686288839341,W
2025,13,401752780,Arkansas,Texas,37.0,52.0,27.225,39.947,12.723,67.172,True,92.0,Over,58.5,OVER,8.672213179237971,W
2025,13,401752781,Samford,Texas AandM,0.0,48.0,3.0,47.256,44.256,50.256,False,76.1,Spread,-54.5,AWAY,10.243690068695017,W
2025,13,401752781,Samford,Texas AandM,0.0,48.0,3.0,47.256,44.256,50.256,False,76.1,Under,59.5,UNDER,9.243690068695017,W
2025,13,401752782,Kentucky,Vanderbilt,17.0,45.0,29.34,42.031,12.691,71.371,True,92.0,Spread,-7.0,HOME,5.690500037708944,W
2025,13,401752782,Kentucky,Vanderbilt,17.0,45.0,29.34,42.031,12.691,71.371,True,92.0,Over,53.5,OVER,17.870995257933913,W
2025,13,401752908,Nebraska,Penn State,10.0,37.0,24.266,34.334,10.068,58.6,True,92.0,Spread,-7.0,HOME,3.067986282371365,W
2025,13,401752908,Nebraska,Penn State,10.0,37.0,24.266,34.334,10.068,58.6,True,92.0,Over,45.5,OVER,13.099655857201881,W
2025,13,401752909,Minnesota,Northwestern,35.0,38.0,18.848,22.11,3.261,40.958,True,92.0,Spread,-4.0,AWAY,0.738851449941933,W
2025,13,401752909,Minnesota,Northwestern,35.0,38.0,18.848,22.11,3.261,40.958,True,92.0,Over,40.5,OVER,0.45786713501072995,W
2025,13,401752910,Washington,UCLA,48.0,14.0,35.573,22.989,-12.584,58.562,True,92.0,Spread,10.5,AWAY,2.084414567724835,W
2025,13,401752910,Washington,UCLA,48.0,14.0,35.573,22.989,-12.584,58.562,True,92.0,Over,51.5,OVER,7.062223741270671,W
2025,13,401752911,USC,Oregon,27.0,42.0,35.057,44.629,9.572,79.686,True,92.0,Spread,-10.5,AWAY,0.9277415566211289,L
2025,13,401752911,USC,Oregon,27.0,42.0,35.057,44.629,9.572,79.686,True,92.0,Over,59.5,OVER,20.185517101515757,W
2025,13,401752912,Rutgers,Ohio State,9.0,42.0,15.282,43.667,28.385,58.949,True,92.0,Spread,-28.5,AWAY,0.11517329244845342,L
2025,13,401752912,Rutgers,Ohio State,9.0,42.0,15.282,43.667,28.385,58.949,True,92.0,Over,54.5,OVER,4.449329893923469,L
2025,13,401752913,Michigan State,Iowa,17.0,20.0,13.298,36.533,23.235,49.83,True,92.0,Spread,-17.5,HOME,5.7346875702561135,L
2025,13,401752913,Michigan State,Iowa,17.0,20.0,13.298,36.533,23.235,49.83,True,92.0,Over,42.5,OVER,7.3303506251934465,L
2025,13,401752914,Michigan,Maryland,45.0,20.0,21.62,17.203,-4.417,38.823,True,92.0,Spread,14.0,HOME,9.583107038649871,L
2025,13,401752914,Michigan,Maryland,45.0,20.0,21.62,17.203,-4.417,38.823,True,92.0,Under,46.5,UNDER,7.67676134673512,L
2025,13,401752915,Illinois,Wisconsin,10.0,27.0,29.119,20.524,-8.595,49.642,True,92.0,Spread,8.5,AWAY,0.09462600142082067,L
2025,13,401752915,Illinois,Wisconsin,10.0,27.0,29.119,20.524,-8.595,49.642,True,92.0,Over,42.5,OVER,7.142442953666588,L
2025,13,401752954,Washington State,James Madison,20.0,24.0,17.447,31.358,13.911,48.805,True,92.0,Spread,-15.5,AWAY,1.5888694044857985,W
2025,13,401752954,Washington State,James Madison,20.0,24.0,17.447,31.358,13.911,48.805,True,92.0,Over,44.5,OVER,4.304967643492532,L
2025,13,401754598,Florida State,NC State,11.0,21.0,36.58,34.341,-2.239,70.921,True,92.0,Spread,-7.0,AWAY,9.238974164916868,L
2025,13,401754598,Florida State,NC State,11.0,21.0,36.58,34.341,-2.239,70.921,True,92.0,Over,58.5,OVER,12.42122919067043,L
2025,13,401754599,California,Stanford,10.0,31.0,20.45,20.677,0.227,41.127,True,92.0,Spread,4.5,HOME,4.72728534536769,W
2025,13,401754599,California,Stanford,10.0,31.0,20.45,20.677,0.227,41.127,True,92.0,Under,47.5,UNDER,6.373355679854718,W
2025,13,401754600,Duke,North Carolina,32.0,25.0,28.664,22.31,-6.354,50.975,True,92.0,Spread,7.0,HOME,0.6459913601039347,P
2025,13,401754600,Duke,North Carolina,32.0,25.0,28.664,22.31,-6.354,50.975,True,92.0,Over,50.5,OVER,0.4748433417981772,W
2025,13,401754601,Pittsburgh,Georgia Tech,42.0,28.0,29.458,34.865,5.407,64.322,True,92.0,Spread,-2.5,HOME,2.90706905331308,L
2025,13,401754601,Pittsburgh,Georgia Tech,42.0,28.0,29.458,34.865,5.407,64.322,True,92.0,Over,61.5,OVER,2.8223595668310395,W
2025,13,401754602,Louisville,SMU,6.0,38.0,18.313,25.708,7.395,44.021,True,92.0,Spread,-4.0,HOME,3.3951928318800952,W
2025,13,401754602,Louisville,SMU,6.0,38.0,18.313,25.708,7.395,44.021,True,92.0,Under,49.5,UNDER,5.479320519968056,W
2025,13,401754603,Miami,Virginia Tech,34.0,17.0,35.438,20.353,-15.085,55.792,True,92.0,Spread,17.5,HOME,2.4150827757998066,W
2025,13,401754603,Miami,Virginia Tech,34.0,17.0,35.438,20.353,-15.085,55.792,True,92.0,Over,49.5,OVER,6.291890389298018,W
2025,13,401754604,Syracuse,Notre Dame,7.0,70.0,12.56,44.733,32.173,57.294,True,92.0,Spread,-36.5,AWAY,4.327222582895338,L
2025,13,401754604,Syracuse,Notre Dame,7.0,70.0,12.56,44.733,32.173,57.294,True,92.0,Over,51.5,OVER,5.793615286358609,W
2025,13,401754605,Furman,Clemson,10.0,45.0,10.501,51.819,41.318,62.32,False,73.0,Spread,-41.5,AWAY,0.18189568684505275,W
2025,13,401754605,Furman,Clemson,10.0,45.0,10.501,51.819,41.318,62.32,False,73.0,Over,55.5,OVER,6.819536199809747,L
2025,13,401754606,Delaware,Wake Forest,14.0,52.0,15.198,31.407,16.209,46.605,True,92.0,Spread,-17.5,AWAY,1.2909457346921798,L
2025,13,401754606,Delaware,Wake Forest,14.0,52.0,15.198,31.407,16.209,46.605,True,92.0,Under,49.5,UNDER,2.8947704124051086,L
2025,13,401756954,Baylor,Arizona,17.0,41.0,28.138,36.873,8.735,65.012,True,92.0,Spread,-6.5,HOME,2.23500750965286,W
2025,13,401756954,Baylor,Arizona,17.0,41.0,28.138,36.873,8.735,65.012,True,92.0,Over,61.5,OVER,3.5118768004548855,L
2025,13,401756955,BYU,Cincinnati,26.0,14.0,35.389,30.738,-4.65,66.127,True,92.0,Spread,2.5,AWAY,2.1504789534823523,W
2025,13,401756955,BYU,Cincinnati,26.0,14.0,35.389,30.738,-4.65,66.127,True,92.0,Over,56.5,OVER,9.627049163769371,L
2025,13,401756956,Arizona State,Colorado,42.0,17.0,24.54,23.297,-1.242,47.837,True,92.0,Spread,7.0,HOME,5.757585201266615,L
2025,13,401756956,Arizona State,Colorado,42.0,17.0,24.54,23.297,-1.242,47.837,True,92.0,Over,47.5,OVER,0.3371444060496458,W
2025,13,401756957,TCU,Houston,17.0,14.0,24.102,27.939,3.837,52.041,True,92.0,Spread,1.5,HOME,5.337442033479157,L
2025,13,401756957,TCU,Houston,17.0,14.0,24.102,27.939,3.837,52.041,True,92.0,Under,56.5,UNDER,4.459159082751796,W
2025,13,401756958,Kansas,Iowa State,14.0,38.0,28.104,35.445,7.341,63.55,True,92.0,Spread,-3.0,HOME,4.340823715871267,W
2025,13,401756958,Kansas,Iowa State,14.0,38.0,28.104,35.445,7.341,63.55,True,92.0,Over,55.5,OVER,8.049631239677993,L
2025,13,401756959,Oklahoma State,UCF,14.0,17.0,12.931,33.39,20.459,46.322,True,92.0,Spread,-13.5,HOME,6.959380734416904,L
2025,13,401756959,Oklahoma State,UCF,14.0,17.0,12.931,33.39,20.459,46.322,True,92.0,Under,47.5,UNDER,1.1784712559704005,W
2025,13,401756960,Kansas State,Utah,47.0,51.0,16.413,37.461,21.048,53.873,True,92.0,Spread,-17.5,HOME,3.5481090867077896,L
2025,13,401756960,Kansas State,Utah,47.0,51.0,16.413,37.461,21.048,53.873,True,92.0,Over,52.5,OVER,1.373183522368386,W
2025,13,401757175,UConn,Florida Atlantic,48.0,45.0,38.21,34.854,-3.356,73.063,True,92.0,Spread,6.0,HOME,2.643953302448935,W
2025,13,401757175,UConn,Florida Atlantic,48.0,45.0,38.21,34.854,-3.356,73.063,True,92.0,Over,63.5,OVER,9.56349886890942,W
2025,13,401757305,Jacksonville State,Florida International,21.0,27.0,30.617,29.945,-0.672,60.562,True,92.0,Spread,-2.5,AWAY,3.171862757471118,L
2025,13,401757305,Jacksonville State,Florida International,21.0,27.0,30.617,29.945,-0.672,60.562,True,92.0,Over,55.5,OVER,5.061797214238567,L
2025,13,401757306,Missouri State,Kennesaw State,34.0,41.0,23.699,31.219,7.52,54.918,True,92.0,Spread,-6.5,HOME,1.0203134637263318,W
2025,13,401757306,Missouri State,Kennesaw State,34.0,41.0,23.699,31.219,7.52,54.918,True,92.0,Over,54.5,OVER,0.4183648069113275,W
2025,13,401757307,Liberty,Louisiana Tech,28.0,34.0,11.88,21.923,10.043,33.803,True,92.0,Spread,1.5,HOME,11.542844296593906,W
2025,13,401757307,Liberty,Louisiana Tech,28.0,34.0,11.88,21.923,10.043,33.803,True,92.0,Under,45.5,UNDER,11.696549431305726,L
2025,13,401757308,Sam Houston,Middle Tennessee,17.0,31.0,22.157,27.114,4.957,49.272,True,92.0,Spread,-6.5,AWAY,1.5428431979277804,L
2025,13,401757308,Sam Houston,Middle Tennessee,17.0,31.0,22.157,27.114,4.957,49.272,True,92.0,Under,53.5,UNDER,4.228174027060206,W
2025,13,401757309,New Mexico State,UTEP,34.0,31.0,9.564,14.682,5.118,24.246,True,92.0,Spread,-4.0,HOME,1.1177358217864821,L
2025,13,401757309,New Mexico State,UTEP,34.0,31.0,9.564,14.682,5.118,24.246,True,92.0,Under,44.5,UNDER,20.254082675160145,L
2025,13,401760415,New Mexico,Air Force,20.0,3.0,41.181,42.476,1.295,83.657,True,92.0,Spread,3.5,HOME,4.795449030044679,L
2025,13,401760415,New Mexico,Air Force,20.0,3.0,41.181,42.476,1.295,83.657,True,92.0,Over,52.5,OVER,31.156970933414243,L
2025,13,401760416,Colorado State,Boise State,21.0,49.0,15.409,31.604,16.195,47.013,True,92.0,Spread,-17.5,AWAY,1.3046064731713969,L
2025,13,401760416,Colorado State,Boise State,21.0,49.0,15.409,31.604,16.195,47.013,True,92.0,Over,45.5,OVER,1.512818937737599,W
2025,13,401760417,Utah State,Fresno State,28.0,17.0,23.32,30.294,6.974,53.614,True,92.0,Spread,-1.5,HOME,5.474421572963699,L
2025,13,401760417,Utah State,Fresno State,28.0,17.0,23.32,30.294,6.974,53.614,True,92.0,Over,50.5,OVER,3.1140486328295083,L
2025,13,401760418,Hawai'i,UNLV,10.0,38.0,31.931,38.23,6.299,70.161,True,92.0,Spread,-2.5,HOME,3.7994205664429757,W
2025,13,401760418,Hawai'i,UNLV,10.0,38.0,31.931,38.23,6.299,70.161,True,92.0,Over,64.5,OVER,5.661304393927978,L
2025,13,401760419,Nevada,Wyoming,13.0,7.0,7.854,17.309,9.454,25.163,True,92.0,Spread,-6.0,HOME,3.4543313166688048,L
2025,13,401760419,Nevada,Wyoming,13.0,7.0,7.854,17.309,9.454,25.163,True,92.0,Under,39.5,UNDER,14.33686635304587,W
2025,13,401760420,San José State,San Diego State,3.0,25.0,15.335,32.523,17.189,47.858,True,92.0,Spread,-10.0,HOME,7.188513210271132,W
2025,13,401760420,San José State,San Diego State,3.0,25.0,15.335,32.523,17.189,47.858,True,92.0,Under,50.5,UNDER,2.641960048558694,W
2025,13,401761655,Louisiana,Arkansas State,34.0,30.0,27.261,32.458,5.197,59.719,True,92.0,Spread,-2.5,HOME,2.6973264434569266,L
2025,13,401761655,Louisiana,Arkansas State,34.0,30.0,27.261,32.458,5.197,59.719,True,92.0,Over,54.5,OVER,5.218738134022686,W
2025,13,401761656,Marshall,App State,24.0,26.0,32.379,27.361,-5.018,59.741,True,92.0,Spread,4.0,AWAY,1.018116966996871,L
2025,13,401761656,Marshall,App State,24.0,26.0,32.379,27.361,-5.018,59.741,True,92.0,Over,56.5,OVER,3.240862765187032,L
2025,13,401761657,Old Dominion,Georgia Southern,45.0,10.0,37.728,30.569,-7.159,68.298,True,92.0,Spread,10.0,HOME,2.841024546523524,L
2025,13,401761657,Old Dominion,Georgia Southern,45.0,10.0,37.728,30.569,-7.159,68.298,True,92.0,Over,61.5,OVER,6.797909501883936,L
2025,13,401761658,Southern Miss,South Alabama,35.0,42.0,28.737,32.147,3.41,60.885,True,92.0,Spread,2.5,HOME,5.909976408138554,W
2025,13,401761658,Southern Miss,South Alabama,35.0,42.0,28.737,32.147,3.41,60.885,True,92.0,Over,53.5,OVER,7.3849741414997325,W
2025,13,401761659,UL Monroe,Texas State,14.0,31.0,18.702,41.631,22.929,60.333,True,92.0,Spread,-20.5,HOME,2.428888575332376,L
2025,13,401761659,UL Monroe,Texas State,14.0,31.0,18.702,41.631,22.929,60.333,True,92.0,Over,59.5,OVER,0.8330744286162854,L
2025,13,401761660,Georgia State,Troy,19.0,31.0,22.334,37.709,15.375,60.043,True,92.0,Spread,-9.5,HOME,5.874957130227838,W
2025,13,401761660,Georgia State,Troy,19.0,31.0,22.334,37.709,15.375,60.043,True,92.0,Over,50.5,OVER,9.542598189275708,L
2025,13,401762511,South Florida,UAB,48.0,18.0,46.801,30.277,-16.524,77.078,True,92.0,Spread,21.5,HOME,4.976095563285764,L
2025,13,401762511,South Florida,UAB,48.0,18.0,46.801,30.277,-16.524,77.078,True,92.0,Over,68.5,OVER,8.578486116315602,L
2025,13,401762512,Tulsa,Army,26.0,25.0,20.388,39.326,18.938,59.714,True,92.0,Spread,-10.0,HOME,8.937549211762999,L
2025,13,401762512,Tulsa,Army,26.0,25.0,20.388,39.326,18.938,59.714,True,92.0,Over,43.5,OVER,16.214397948767342,W
2025,13,401762513,East Carolina,UTSA,24.0,58.0,27.841,27.298,-0.544,55.139,True,92.0,Spread,1.5,HOME,0.9563610537303546,W
2025,13,401762513,East Carolina,UTSA,24.0,58.0,27.841,27.298,-0.544,55.139,True,92.0,Under,62.5,UNDER,7.360702419545255,L
2025,13,401762514,North Texas,Rice,56.0,24.0,42.399,23.951,-18.448,66.35,True,92.0,Spread,18.5,HOME,0.051741259908638426,L
2025,13,401762514,North Texas,Rice,56.0,24.0,42.399,23.951,-18.448,66.35,True,92.0,Over,57.5,OVER,8.850156565397327,W
2025,13,401762515,Tulane,Temple,37.0,13.0,35.352,34.479,-0.873,69.831,True,92.0,Spread,7.5,HOME,6.627242215026783,L
2025,13,401762515,Tulane,Temple,37.0,13.0,35.352,34.479,-0.873,69.831,True,92.0,Over,54.5,OVER,15.330922684915606,L
2025,13,401762862,Akron,Bowling Green,19.0,16.0,13.802,20.122,6.32,33.924,True,92.0,Spread,-2.5,HOME,3.819549950968991,L
2025,13,401762862,Akron,Bowling Green,19.0,16.0,13.802,20.122,6.32,33.924,True,92.0,Under,47.5,UNDER,13.576376978244738,W
2025,13,401762863,Massachusetts,Ohio,14.0,42.0,9.915,42.055,32.14,51.97,True,92.0,Spread,-33.5,AWAY,1.3596083790980344,W
2025,13,401762863,Massachusetts,Ohio,14.0,42.0,9.915,42.055,32.14,51.97,True,92.0,Under,53.5,UNDER,1.5295131639767305,L
2025,13,401762864,Western Michigan,Northern Illinois,35.0,19.0,16.153,12.223,-3.931,28.376,True,92.0,Spread,7.0,HOME,3.069428440176095,L
2025,13,401762864,Western Michigan,Northern Illinois,35.0,19.0,16.153,12.223,-3.931,28.376,True,92.0,Under,39.5,UNDER,11.123677259364712,L
2025,13,401762865,Miami (OH),Buffalo,37.0,20.0,14.682,15.656,0.974,30.338,True,92.0,Spread,2.5,HOME,3.4740399872240104,L
2025,13,401762865,Miami (OH),Buffalo,37.0,20.0,14.682,15.656,0.974,30.338,True,92.0,Under,38.5,UNDER,8.161874449477708,L
2025,13,401762866,Central Michigan,Kent State,28.0,16.0,24.22,19.2,-5.021,43.42,True,92.0,Spread,7.5,HOME,2.4792999278225807,L
2025,13,401762866,Central Michigan,Kent State,28.0,16.0,24.22,19.2,-5.021,43.42,True,92.0,Under,50.5,UNDER,7.0800517590933865,W
2025,13,401762867,Ball State,Toledo,9.0,38.0,8.686,36.338,27.652,45.024,True,92.0,Spread,-29.5,AWAY,1.8475236266675736,W
2025,13,401762867,Ball State,Toledo,9.0,38.0,8.686,36.338,27.652,45.024,True,92.0,Under,45.5,UNDER,0.4761827949303594,L
2025,14,401752783,Missouri,Arkansas,31.0,17.0,37.641,36.69,-0.95,74.331,True,92.0,Spread,4.5,HOME,3.549577536197276,L
2025,14,401752783,Missouri,Arkansas,31.0,17.0,37.641,36.69,-0.95,74.331,True,92.0,Over,54.5,OVER,19.83107898735534,L
2025,14,401752784,Alabama,Auburn,27.0,20.0,22.55,20.579,-1.97,43.129,True,92.0,Spread,7.0,HOME,5.029628838661701,P
2025,14,401752784,Alabama,Auburn,27.0,20.0,22.55,20.579,-1.97,43.129,True,92.0,Under,48.5,UNDER,5.371276755432817,W
2025,14,401752785,Florida State,Florida,21.0,40.0,27.353,25.688,-1.665,53.041,True,92.0,Spread,-1.5,AWAY,3.165019401951504,L
2025,14,401752785,Florida State,Florida,21.0,40.0,27.353,25.688,-1.665,53.041,True,92.0,Over,49.5,OVER,3.5406222118093496,W
2025,14,401752786,Georgia,Georgia Tech,16.0,9.0,42.667,32.874,-9.793,75.541,True,92.0,Spread,-16.5,AWAY,26.293165278986123,W
2025,14,401752786,Georgia,Georgia Tech,16.0,9.0,42.667,32.874,-9.793,75.541,True,92.0,Over,60.5,OVER,15.041174837948489,L
2025,14,401752787,Kentucky,Louisville,0.0,41.0,20.151,27.394,7.243,47.545,True,92.0,Spread,1.5,HOME,8.74297627079023,W
2025,14,401752787,Kentucky,Louisville,0.0,41.0,20.151,27.394,7.243,47.545,True,92.0,Over,45.5,OVER,2.044655653841204,L
2025,14,401752788,Ole Miss,Mississippi State,38.0,19.0,39.068,29.577,-9.491,68.645,True,92.0,Spread,7.5,AWAY,1.991454651687505,W
2025,14,401752788,Ole Miss,Mississippi State,38.0,19.0,39.068,29.577,-9.491,68.645,True,92.0,Over,62.5,OVER,6.144765798447281,L
2025,14,401752789,LSU,Oklahoma,13.0,17.0,6.883,19.782,12.898,26.665,True,92.0,Spread,-11.5,HOME,1.3982974640761672,L
2025,14,401752789,LSU,Oklahoma,13.0,17.0,6.883,19.782,12.898,26.665,True,92.0,Under,36.5,UNDER,9.834967682802187,W
2025,14,401752790,Clemson,South Carolina,28.0,14.0,16.143,22.194,6.05,38.337,True,92.0,Spread,-2.5,HOME,3.550097874449712,L
2025,14,401752790,Clemson,South Carolina,28.0,14.0,16.143,22.194,6.05,38.337,True,92.0,Under,45.5,UNDER,7.163013593210792,W
2025,14,401752791,Vanderbilt,Tennessee,45.0,24.0,42.654,47.772,5.117,90.426,True,92.0,Spread,-2.5,HOME,2.61701099967577,L
2025,14,401752791,Vanderbilt,Tennessee,45.0,24.0,42.654,47.772,5.117,90.426,True,92.0,Over,66.5,OVER,23.925997484613205,W
2025,14,401752792,Texas AandM,Texas,17.0,27.0,22.952,25.669,2.718,48.621,True,92.0,Spread,-2.5,HOME,0.2178426156396469,W
2025,14,401752792,Texas AandM,Texas,17.0,27.0,22.952,25.669,2.718,48.621,True,92.0,Under,54.5,UNDER,5.87905880360816,W
2025,14,401752916,Iowa,Nebraska,40.0,16.0,27.792,24.355,-3.437,52.148,True,92.0,Spread,5.5,HOME,2.0632081836825407,L
2025,14,401752916,Iowa,Nebraska,40.0,16.0,27.792,24.355,-3.437,52.148,True,92.0,Over,38.5,OVER,13.64759154757067,W
2025,14,401752917,Oregon,Washington,26.0,14.0,34.288,34.764,0.476,69.052,True,92.0,Spread,6.5,HOME,6.976059174006778,L
2025,14,401752917,Oregon,Washington,26.0,14.0,34.288,34.764,0.476,69.052,True,92.0,Over,51.5,OVER,17.551697411116322,L
2025,14,401752918,Wisconsin,Minnesota,7.0,17.0,13.554,18.499,4.944,32.053,True,92.0,Spread,2.5,HOME,7.444422291232371,W
2025,14,401752918,Wisconsin,Minnesota,7.0,17.0,13.554,18.499,4.944,32.053,True,92.0,Under,38.5,UNDER,6.447125624355486,W
2025,14,401752919,UCLA,USC,10.0,29.0,21.559,46.026,24.468,67.585,True,92.0,Spread,-21.5,HOME,2.9675313182588674,L
2025,14,401752919,UCLA,USC,10.0,29.0,21.559,46.026,24.468,67.585,True,92.0,Over,58.5,OVER,9.084824277130224,L
2025,14,401752920,Penn State,Rutgers,40.0,36.0,36.604,29.104,-7.5,65.708,True,92.0,Spread,14.0,HOME,6.499772566906657,W
2025,14,401752920,Penn State,Rutgers,40.0,36.0,36.604,29.104,-7.5,65.708,True,92.0,Over,55.5,OVER,10.208470197100198,W
2025,14,401752921,Ohio State,Michigan,27.0,9.0,31.524,22.203,-9.321,53.727,True,92.0,Spread,9.5,HOME,0.17894574651407424,L
2025,14,401752921,Ohio State,Michigan,27.0,9.0,31.524,22.203,-9.321,53.727,True,92.0,Over,42.5,OVER,11.227074032155812,L
2025,14,401752922,Northwestern,Illinois,13.0,20.0,26.458,37.146,10.688,63.604,True,92.0,Spread,-7.0,HOME,3.688401820739159,P
2025,14,401752922,Northwestern,Illinois,13.0,20.0,26.458,37.146,10.688,63.604,True,92.0,Over,44.5,OVER,19.103723071265236,L
2025,14,401752923,Maryland,Michigan State,28.0,38.0,21.859,20.578,-1.281,42.437,True,92.0,Spread,-4.0,AWAY,5.281337052065304,L
2025,14,401752923,Maryland,Michigan State,28.0,38.0,21.859,20.578,-1.281,42.437,True,92.0,Under,49.5,UNDER,7.063025901644842,L
2025,14,401752924,Indiana,Purdue,56.0,3.0,42.98,15.625,-27.355,58.604,True,92.0,Spread,28.5,HOME,1.1452850206355407,L
2025,14,401752924,Indiana,Purdue,56.0,3.0,42.98,15.625,-27.355,58.604,True,92.0,Over,53.5,OVER,5.104418798521053,W
2025,14,401752946,Oregon State,Washington State,8.0,32.0,12.369,31.022,18.653,43.391,True,92.0,Spread,-14.0,HOME,4.653154341273279,W
2025,14,401752946,Oregon State,Washington State,8.0,32.0,12.369,31.022,18.653,43.391,True,92.0,Over,42.5,OVER,0.8908406554553991,L
2025,14,401754608,Boston College,Syracuse,34.0,12.0,28.568,33.802,5.234,62.369,True,92.0,Spread,3.0,HOME,8.234035915334527,L
2025,14,401754608,Boston College,Syracuse,34.0,12.0,28.568,33.802,5.234,62.369,True,92.0,Over,53.5,OVER,8.869362518005588,L
2025,14,401754609,SMU,California,35.0,38.0,27.376,17.283,-10.093,44.659,True,92.0,Spread,13.5,HOME,3.4070260047616117,W
2025,14,401754609,SMU,California,35.0,38.0,27.376,17.283,-10.093,44.659,True,92.0,Under,53.5,UNDER,8.841150494217771,L
2025,14,401754610,Wake Forest,Duke,32.0,49.0,25.215,29.789,4.573,55.004,True,92.0,Spread,-2.5,HOME,2.0733893320161627,W
2025,14,401754610,Wake Forest,Duke,32.0,49.0,25.215,29.789,4.573,55.004,True,92.0,Over,53.5,OVER,1.5040834910464298,W
2025,14,401754611,Miami,Pittsburgh,38.0,7.0,25.667,22.677,-2.99,48.344,True,92.0,Spread,6.5,HOME,3.509529509917222,L
2025,14,401754611,Miami,Pittsburgh,38.0,7.0,25.667,22.677,-2.99,48.344,True,92.0,Under,48.5,UNDER,0.1556250659841254,W
2025,14,401754612,North Carolina,NC State,19.0,42.0,17.492,32.432,14.94,49.924,True,92.0,Spread,-7.0,HOME,7.939514873386429,W
2025,14,401754612,North Carolina,NC State,19.0,42.0,17.492,32.432,14.94,49.924,True,92.0,Over,48.5,OVER,1.4236699432102853,W
2025,14,401754613,Virginia Tech,Virginia,7.0,27.0,21.644,37.111,15.467,58.755,True,92.0,Spread,-8.5,HOME,6.967156803560961,W
2025,14,401754613,Virginia Tech,Virginia,7.0,27.0,21.644,37.111,15.467,58.755,True,92.0,Over,52.5,OVER,6.255197019936368,L
2025,14,401754614,Notre Dame,Stanford,49.0,20.0,39.686,15.889,-23.797,55.575,True,92.0,Spread,32.5,HOME,8.702830965121969,W
2025,14,401754614,Notre Dame,Stanford,49.0,20.0,39.686,15.889,-23.797,55.575,True,92.0,Over,49.5,OVER,6.07461941293392,W
2025,14,401756961,Arizona,Arizona State,23.0,7.0,24.015,25.316,1.3,49.331,True,92.0,Spread,-1.5,AWAY,0.1995580916667663,W
2025,14,401756961,Arizona,Arizona State,23.0,7.0,24.015,25.316,1.3,49.331,True,92.0,Over,48.5,OVER,0.8305796083168246,L
2025,14,401756962,Houston,Baylor,31.0,24.0,27.361,31.326,3.965,58.687,True,92.0,Spread,-2.5,HOME,1.4645621779745994,L
2025,14,401756962,Houston,Baylor,31.0,24.0,27.361,31.326,3.965,58.687,True,92.0,Over,56.5,OVER,2.187452396686865,L
2025,14,401756963,UCF,BYU,21.0,41.0,13.208,32.891,19.683,46.098,True,92.0,Spread,-17.5,HOME,2.1830186910526628,W
2025,14,401756963,UCF,BYU,21.0,41.0,13.208,32.891,19.683,46.098,True,92.0,Under,46.5,UNDER,0.40150857001250984,L
2025,14,401756964,Utah,Kansas,31.0,21.0,42.741,30.113,-12.628,72.854,True,92.0,Spread,10.0,AWAY,2.628089492503719,P
2025,14,401756964,Utah,Kansas,31.0,21.0,42.741,30.113,-12.628,72.854,True,92.0,Over,60.5,OVER,12.354015289960444,L
2025,14,401756965,Colorado,Kansas State,14.0,24.0,17.393,32.521,15.129,49.914,True,92.0,Spread,-16.5,AWAY,1.3714420424246043,W
2025,14,401756965,Colorado,Kansas State,14.0,24.0,17.393,32.521,15.129,49.914,True,92.0,Over,49.5,OVER,0.41427707054998564,L
2025,14,401756966,Iowa State,Oklahoma State,20.0,13.0,34.269,17.15,-17.119,51.42,True,92.0,Spread,14.0,AWAY,3.1191191332551718,L
2025,14,401756966,Iowa State,Oklahoma State,20.0,13.0,34.269,17.15,-17.119,51.42,True,92.0,Over,46.5,OVER,4.919783615562324,L
2025,14,401756967,Cincinnati,TCU,23.0,45.0,32.146,38.08,5.934,70.227,True,92.0,Spread,-3.0,HOME,2.933763880947893,W
2025,14,401756967,Cincinnati,TCU,23.0,45.0,32.146,38.08,5.934,70.227,True,92.0,Over,58.5,OVER,11.726748732412432,W
2025,14,401756968,Texas Tech,West Virginia,49.0,0.0,34.781,15.676,-19.105,50.457,True,92.0,Spread,24.5,HOME,5.39534279755031,L
2025,14,401756968,Texas Tech,West Virginia,49.0,0.0,34.781,15.676,-19.105,50.457,True,92.0,Under,53.5,UNDER,3.0434258358522754,W
2025,14,401757310,UTEP,Delaware,31.0,61.0,18.043,24.556,6.513,42.6,True,92.0,Spread,-4.5,HOME,2.012947797211446,W
2025,14,401757310,UTEP,Delaware,31.0,61.0,18.043,24.556,6.513,42.6,True,92.0,Under,55.5,UNDER,12.900264122343735,L
2025,14,401757311,Florida International,Sam Houston,56.0,16.0,28.091,19.871,-8.219,47.962,True,92.0,Spread,10.5,HOME,2.2805067661829455,L
2025,14,401757311,Florida International,Sam Houston,56.0,16.0,28.091,19.871,-8.219,47.962,True,92.0,Under,50.5,UNDER,2.5379562520760715,L
2025,14,401757312,Western Kentucky,Jacksonville State,34.0,37.0,25.627,27.454,1.828,53.081,True,92.0,Spread,1.5,HOME,3.3276069681905724,W
2025,14,401757312,Western Kentucky,Jacksonville State,34.0,37.0,25.627,27.454,1.828,53.081,True,92.0,Under,56.5,UNDER,3.418752099109547,L
2025,14,401757313,Kennesaw State,Liberty,48.0,42.0,23.49,26.63,3.14,50.119,True,92.0,Spread,2.5,HOME,5.639705444894645,L
2025,14,401757313,Kennesaw State,Liberty,48.0,42.0,23.49,26.63,3.14,50.119,True,92.0,Under,55.5,UNDER,5.380558068340996,L
2025,14,401757314,Louisiana Tech,Missouri State,42.0,30.0,23.864,22.649,-1.215,46.514,True,92.0,Spread,-2.5,AWAY,3.7145104535659,W
2025,14,401757314,Louisiana Tech,Missouri State,42.0,30.0,23.864,22.649,-1.215,46.514,True,92.0,Over,45.5,OVER,1.0135058137663364,W
2025,14,401757315,Middle Tennessee,New Mexico State,31.0,24.0,19.586,26.823,7.238,46.409,True,92.0,Spread,-3.0,HOME,4.237579835606709,L
2025,14,401757315,Middle Tennessee,New Mexico State,31.0,24.0,19.586,26.823,7.238,46.409,True,92.0,Under,52.5,UNDER,6.090828613587206,L
2025,14,401760421,Air Force,Colorado State,42.0,21.0,36.999,38.246,1.247,75.244,True,92.0,Spread,2.5,HOME,3.74682012716454,L
2025,14,401760421,Air Force,Colorado State,42.0,21.0,36.999,38.246,1.247,75.244,True,92.0,Over,47.5,OVER,27.74438027378774,W
2025,14,401760422,Boise State,Utah State,25.0,24.0,30.704,30.984,0.28,61.688,True,92.0,Spread,1.5,HOME,1.7801413781993247,W
2025,14,401760422,Boise State,Utah State,25.0,24.0,30.704,30.984,0.28,61.688,True,92.0,Over,54.5,OVER,7.18792744650343,L
2025,14,401760423,Fresno State,San José State,41.0,14.0,24.684,21.466,-3.219,46.15,True,92.0,Spread,3.0,AWAY,0.21851548563027734,W
2025,14,401760423,Fresno State,San José State,41.0,14.0,24.684,21.466,-3.219,46.15,True,92.0,Over,45.5,OVER,0.6496302380636365,W
2025,14,401760424,Wyoming,Hawai'i,7.0,27.0,12.523,24.178,11.655,36.701,True,92.0,Spread,-8.5,HOME,3.155080732534614,W
2025,14,401760424,Wyoming,Hawai'i,7.0,27.0,12.523,24.178,11.655,36.701,True,92.0,Under,44.5,UNDER,7.799031489589687,W
2025,14,401760425,UNLV,Nevada,42.0,17.0,31.093,23.859,-7.234,54.952,True,92.0,Spread,7.5,HOME,0.26582749603843325,L
2025,14,401760425,UNLV,Nevada,42.0,17.0,31.093,23.859,-7.234,54.952,True,92.0,Over,52.5,OVER,2.4524224518018443,W
2025,14,401760426,San Diego State,New Mexico,17.0,23.0,21.877,22.631,0.754,44.507,True,92.0,Spread,1.5,HOME,2.253982697738138,W
2025,14,401760426,San Diego State,New Mexico,17.0,23.0,21.877,22.631,0.754,44.507,True,92.0,Over,41.5,OVER,3.007139324051167,L
2025,14,401761661,Arkansas State,App State,30.0,29.0,27.438,29.108,1.67,56.546,True,92.0,Spread,1.5,HOME,3.1700130737537364,W
2025,14,401761661,Arkansas State,App State,30.0,29.0,27.438,29.108,1.67,56.546,True,92.0,Over,54.5,OVER,2.045721355010336,W
2025,14,401761662,James Madison,Coastal Carolina,59.0,10.0,34.624,18.758,-15.866,53.382,True,92.0,Spread,24.5,HOME,8.633946736403956,L
2025,14,401761662,James Madison,Coastal Carolina,59.0,10.0,34.624,18.758,-15.866,53.382,True,92.0,Under,54.5,UNDER,1.1175590413434833,L
2025,14,401761663,Georgia Southern,Marshall,24.0,19.0,32.753,43.371,10.618,76.124,True,92.0,Spread,-10.5,HOME,0.11846002932495026,L
2025,14,401761663,Georgia Southern,Marshall,24.0,19.0,32.753,43.371,10.618,76.124,True,92.0,Over,62.5,OVER,13.623595084826306,L
2025,14,401761664,Georgia State,Old Dominion,10.0,27.0,15.095,43.769,28.674,58.864,True,92.0,Spread,-28.5,HOME,0.17394014303063798,L
2025,14,401761664,Georgia State,Old Dominion,10.0,27.0,15.095,43.769,28.674,58.864,True,92.0,Over,58.5,OVER,0.36405240407633244,L
2025,14,401761665,UL Monroe,Louisiana,27.0,30.0,18.738,32.319,13.582,51.057,True,92.0,Spread,-11.5,HOME,2.0815206515368914,L
2025,14,401761665,UL Monroe,Louisiana,27.0,30.0,18.738,32.319,13.582,51.057,True,92.0,Over,47.5,OVER,3.5571721148716478,W
2025,14,401761666,Troy,Southern Miss,28.0,18.0,20.532,25.447,4.915,45.979,True,92.0,Spread,-7.0,AWAY,2.084949846366186,W
2025,14,401761666,Troy,Southern Miss,28.0,18.0,20.532,25.447,4.915,45.979,True,92.0,Under,50.5,UNDER,4.520526660553486,W
2025,14,401761667,South Alabama,Texas State,26.0,49.0,31.727,44.787,13.059,76.514,True,92.0,Spread,-9.5,HOME,3.5591763011029087,W
2025,14,401761667,South Alabama,Texas State,26.0,49.0,31.727,44.787,13.059,76.514,True,92.0,Over,62.5,OVER,14.014063757428772,W
2025,14,401762441,Army,UTSA,27.0,24.0,30.143,39.286,9.143,69.429,True,92.0,Spread,-8.5,HOME,0.6433385412827342,L
2025,14,401762441,Army,UTSA,27.0,24.0,30.143,39.286,9.143,69.429,True,92.0,Over,50.5,OVER,18.929303756328494,W
2025,14,401762442,Temple,North Texas,25.0,52.0,27.6,50.38,22.78,77.981,True,92.0,Spread,-20.5,HOME,2.2804246907550407,W
2025,14,401762442,Temple,North Texas,25.0,52.0,27.6,50.38,22.78,77.981,True,92.0,Over,65.5,OVER,12.480511115281331,W
2025,14,401762516,Navy,Memphis,28.0,17.0,39.236,46.362,7.126,85.597,True,92.0,Spread,-4.0,HOME,3.1261254565952186,L
2025,14,401762516,Navy,Memphis,28.0,17.0,39.236,46.362,7.126,85.597,True,92.0,Over,57.5,OVER,28.09738547866951,L
2025,14,401762517,UAB,Tulsa,31.0,24.0,35.173,41.553,6.38,76.726,True,92.0,Spread,-9.5,AWAY,3.11983055711309,W
2025,14,401762517,UAB,Tulsa,31.0,24.0,35.173,41.553,6.38,76.726,True,92.0,Over,56.5,OVER,20.225545183144277,L
2025,14,401762518,Charlotte,Tulane,0.0,27.0,14.106,41.307,27.201,55.413,True,92.0,Spread,-30.5,AWAY,3.2992908347835055,W
2025,14,401762518,Charlotte,Tulane,0.0,27.0,14.106,41.307,27.201,55.413,True,92.0,Over,51.5,OVER,3.9132973413126138,L
2025,14,401762519,East Carolina,Florida Atlantic,42.0,3.0,35.243,26.568,-8.674,61.811,True,92.0,Spread,7.0,AWAY,1.6742385605884138,W
2025,14,401762519,East Carolina,Florida Atlantic,42.0,3.0,35.243,26.568,-8.674,61.811,True,92.0,Under,66.5,UNDER,4.689103360376684,W
2025,14,401762520,Rice,South Florida,3.0,52.0,15.042,43.848,28.807,58.89,True,92.0,Spread,-28.5,HOME,0.30691828485640116,W
2025,14,401762520,Rice,South Florida,3.0,52.0,15.042,43.848,28.807,58.89,True,92.0,Over,57.5,OVER,1.3900436538523095,L
2025,14,401762868,Bowling Green,Massachusetts,45.0,14.0,24.5,13.039,-11.461,37.539,True,92.0,Spread,14.0,HOME,2.5393179781760296,L
2025,14,401762868,Bowling Green,Massachusetts,45.0,14.0,24.5,13.039,-11.461,37.539,True,92.0,Under,44.5,UNDER,6.961078774717464,L
2025,14,401762869,Western Michigan,Eastern Michigan,31.0,21.0,29.596,23.594,-6.002,53.19,True,92.0,Spread,10.0,HOME,3.997894446468983,P
2025,14,401762869,Western Michigan,Eastern Michigan,31.0,21.0,29.596,23.594,-6.002,53.19,True,92.0,Over,49.5,OVER,3.689576363061775,W
2025,14,401762870,Ohio,Buffalo,31.0,26.0,22.56,18.337,-4.222,40.897,True,92.0,Spread,7.0,HOME,2.7778909737976036,W
2025,14,401762870,Ohio,Buffalo,31.0,26.0,22.56,18.337,-4.222,40.897,True,92.0,Under,44.5,UNDER,3.6030367020507157,L
2025,14,401762871,Kent State,Northern Illinois,35.0,31.0,10.032,20.806,10.774,30.838,True,92.0,Spread,-4.5,HOME,6.274171362860331,L
2025,14,401762871,Kent State,Northern Illinois,35.0,31.0,10.032,20.806,10.774,30.838,True,92.0,Under,44.5,UNDER,13.661860243708517,L
2025,14,401762872,Toledo,Central Michigan,21.0,3.0,22.277,14.132,-8.145,36.408,True,92.0,Spread,11.5,HOME,3.355342602014977,L
2025,14,401762872,Toledo,Central Michigan,21.0,3.0,22.277,14.132,-8.145,36.408,True,92.0,Under,46.5,UNDER,10.091635230804421,W
2025,14,401762875,Ball State,Miami (OH),24.0,45.0,8.361,26.445,18.085,34.806,True,92.0,Spread,-16.5,HOME,1.584775507371674,W
2025,14,401762875,Ball State,Miami (OH),24.0,45.0,8.361,26.445,18.085,34.806,True,92.0,Under,40.5,UNDER,5.694013141982872,L
2025,15,401777324,North Texas,Tulane,21.0,34.0,44.282,39.629,-4.653,83.91,True,92.0,Spread,1.5,AWAY,3.152873585961146,L
2025,15,401777324,North Texas,Tulane,21.0,34.0,44.282,39.629,-4.653,83.91,True,92.0,Over,66.5,OVER,17.410178977963568,L
2025,15,401777325,Kennesaw State,Jacksonville State,19.0,15.0,27.323,31.989,4.666,59.312,True,92.0,Spread,3.0,HOME,7.665749655368344,L
2025,15,401777325,Kennesaw State,Jacksonville State,19.0,15.0,27.323,31.989,4.666,59.312,True,92.0,Under,62.5,UNDER,3.1884609223858575,W
2025,15,401777326,UNLV,Boise State,21.0,38.0,30.779,36.342,5.563,67.122,True,92.0,Spread,-6.0,AWAY,0.43720898809095843,L
2025,15,401777326,UNLV,Boise State,21.0,38.0,30.779,36.342,5.563,67.122,True,92.0,Over,59.5,OVER,7.621742755646892,L
2025,15,401777327,BYU,Texas Tech,7.0,34.0,20.713,27.943,7.23,48.656,True,92.0,Spread,-12.5,AWAY,5.269777504971373,L
2025,15,401777327,BYU,Texas Tech,7.0,34.0,20.713,27.943,7.23,48.656,True,92.0,Under,50.5,UNDER,1.844066875359232,W
2025,15,401777328,Duke,Virginia,27.0,20.0,29.312,33.632,4.32,62.944,True,92.0,Spread,-3.5,HOME,0.8201249054895641,L
2025,15,401777328,Duke,Virginia,27.0,20.0,29.312,33.632,4.32,62.944,True,92.0,Over,58.5,OVER,4.444394412299715,L
2025,15,401777329,Miami (OH),Western Michigan,13.0,23.0,17.637,20.238,2.601,37.875,True,92.0,Spread,-2.5,HOME,0.1012283044216673,W
2025,15,401777329,Miami (OH),Western Michigan,13.0,23.0,17.637,20.238,2.601,37.875,True,92.0,Under,44.5,UNDER,6.624696698214834,W
2025,15,401777351,Georgia,Alabama,28.0,7.0,27.132,26.084,-1.048,53.217,True,92.0,Spread,1.5,HOME,0.4518650848412662,L
2025,15,401777351,Georgia,Alabama,28.0,7.0,27.132,26.084,-1.048,53.217,True,92.0,Over,48.5,OVER,4.716525457512503,L
2025,15,401777352,Troy,James Madison,14.0,31.0,11.774,35.031,23.257,46.805,True,92.0,Spread,-24.5,AWAY,1.2425067578688882,W
2025,15,401777352,Troy,James Madison,14.0,31.0,11.774,35.031,23.257,46.805,True,92.0,Under,47.5,UNDER,0.6951766102061967,W
2025,15,401777353,Indiana,Ohio State,13.0,10.0,31.111,28.579,-2.532,59.69,True,92.0,Spread,-3.5,AWAY,6.032451637627645,W
2025,15,401777353,Indiana,Ohio State,13.0,10.0,31.111,28.579,-2.532,59.69,True,92.0,Over,45.5,OVER,14.190043011851728,L
2025,16,401762521,Army,Navy,16.0,17.0,37.34,39.775,2.435,77.115,True,92.0,Spread,-6.5,AWAY,4.0648309585938165,W
2025,16,401762521,Army,Navy,16.0,17.0,37.34,39.775,2.435,77.115,True,92.0,Over,37.5,OVER,39.61496131805367,L
