season,week,game_id,away_team,home_team,actual_away,actual_home,projected_away,projected_home,projected_margin,projected_total,fbs_fbs,data_confidence,market,line,pick_side,edge,result
2025,1,401752665,Alabama,Florida State,17.0,31.0,34.105,13.412,-20.692,47.517,True,44.0,Spread,13.5,AWAY,7.192452445273375,L
2025,1,401752665,Alabama,Florida State,17.0,31.0,34.105,13.412,-20.692,47.517,True,44.0,Under,50.5,UNDER,2.982846276232422,W
2025,1,401752666,Alabama AandM,Arkansas,7.0,52.0,6.105,56.159,50.054,62.264,False,44.0,Spread,-45.5,HOME,4.55427309687505,L
2025,1,401752666,Alabama AandM,Arkansas,7.0,52.0,6.105,56.159,50.054,62.264,False,44.0,Under,62.5,UNDER,0.23573986260576163,W
2025,1,401752667,Auburn,Baylor,38.0,24.0,22.772,31.928,9.156,54.7,True,44.0,Spread,1.5,HOME,10.655585005055741,L
2025,1,401752667,Auburn,Baylor,38.0,24.0,22.772,31.928,9.156,54.7,True,44.0,Under,57.5,UNDER,2.7996498990743888,L
2025,1,401752668,Long Island University,Florida,0.0,55.0,4.346,50.715,46.369,55.06,False,44.0,Spread,-46.5,AWAY,0.13142426607489455,L
2025,1,401752668,Long Island University,Florida,0.0,55.0,4.346,50.715,46.369,55.06,False,44.0,Under,56.5,UNDER,1.439520639666199,W
2025,1,401752669,Marshall,Georgia,7.0,45.0,19.183,35.872,16.69,55.055,True,44.0,Spread,-39.5,AWAY,22.810228637668548,W
2025,1,401752669,Marshall,Georgia,7.0,45.0,19.183,35.872,16.69,55.055,True,44.0,Under,55.5,UNDER,0.4450207696708546,W
2025,1,401752670,Toledo,Kentucky,16.0,24.0,17.681,27.044,9.363,44.726,True,44.0,Spread,-10.0,AWAY,0.6370687224670064,W
2025,1,401752670,Toledo,Kentucky,16.0,24.0,17.681,27.044,9.363,44.726,True,44.0,Under,48.5,UNDER,3.7743002090040463,W
2025,1,401752671,LSU,Clemson,17.0,10.0,25.6,31.586,5.986,57.186,True,44.0,Spread,-3.5,HOME,2.485841367206003,L
2025,1,401752671,LSU,Clemson,17.0,10.0,25.6,31.586,5.986,57.186,True,44.0,Under,57.5,UNDER,0.3140016524862048,W
2025,1,401752672,Georgia State,Ole Miss,7.0,63.0,10.543,47.242,36.699,57.785,True,44.0,Spread,-38.5,AWAY,1.8010859802836165,L
2025,1,401752672,Georgia State,Ole Miss,7.0,63.0,10.543,47.242,36.699,57.785,True,44.0,Under,62.5,UNDER,4.714966201943376,L
2025,1,401752673,Mississippi State,Southern Miss,34.0,17.0,34.723,19.167,-15.556,53.889,True,44.0,Spread,11.5,AWAY,4.056205771303649,W
2025,1,401752673,Mississippi State,Southern Miss,34.0,17.0,34.723,19.167,-15.556,53.889,True,44.0,Under,59.5,UNDER,5.610762811565891,W
2025,1,401752674,Central Arkansas,Missouri,6.0,61.0,15.409,38.869,23.46,54.278,False,44.0,Spread,-39.5,AWAY,16.039845291558493,L
2025,1,401752674,Central Arkansas,Missouri,6.0,61.0,15.409,38.869,23.46,54.278,False,44.0,Over,53.5,OVER,0.7783716533747906,W
2025,1,401752675,Illinois State,Oklahoma,3.0,35.0,5.347,42.037,36.691,47.384,False,44.0,Spread,-38.5,AWAY,1.8091645494192647,W
2025,1,401752675,Illinois State,Oklahoma,3.0,35.0,5.347,42.037,36.691,47.384,False,44.0,Under,60.5,UNDER,13.11606908170711,W
2025,1,401752676,Syracuse,Tennessee,26.0,45.0,22.115,32.857,10.742,54.972,True,44.0,Spread,-13.5,AWAY,2.7581104308684985,L
2025,1,401752676,Syracuse,Tennessee,26.0,45.0,22.115,32.857,10.742,54.972,True,44.0,Over,53.5,OVER,1.4724312456005961,W
2025,1,401752677,Texas,Ohio State,7.0,14.0,19.698,29.962,10.264,49.659,True,44.0,Spread,-3.0,HOME,7.263752572829468,W
2025,1,401752677,Texas,Ohio State,7.0,14.0,19.698,29.962,10.264,49.659,True,44.0,Over,47.5,OVER,2.1594599418819627,L
2025,1,401752678,UTSA,Texas AandM,24.0,42.0,19.99,39.814,19.824,59.803,True,44.0,Spread,-21.5,AWAY,1.6758915842401052,W
2025,1,401752678,UTSA,Texas AandM,24.0,42.0,19.99,39.814,19.824,59.803,True,44.0,Over,56.5,OVER,3.303269648402704,W
2025,1,401752679,Charleston Southern,Vanderbilt,3.0,45.0,3.0,46.193,43.193,49.193,False,44.0,Spread,-38.5,HOME,4.6927014044080835,W
2025,1,401752679,Charleston Southern,Vanderbilt,3.0,45.0,3.0,46.193,43.193,49.193,False,44.0,Under,50.5,UNDER,1.3072985955919165,W
2025,1,401752680,Virginia Tech,South Carolina,11.0,24.0,21.473,28.499,7.026,49.972,True,44.0,Spread,-8.5,AWAY,1.4735716010525124,L
2025,1,401752680,Virginia Tech,South Carolina,11.0,24.0,21.473,28.499,7.026,49.972,True,44.0,Over,48.5,OVER,1.471769507632004,L
2025,1,401752793,Buffalo,Minnesota,10.0,23.0,14.232,33.773,19.541,48.004,True,44.0,Spread,-16.5,HOME,3.0407955286891593,L
2025,1,401752793,Buffalo,Minnesota,10.0,23.0,14.232,33.773,19.541,48.004,True,44.0,Over,45.5,OVER,2.5044516416463267,L
2025,1,401752794,Ohio,Rutgers,31.0,34.0,23.456,28.52,5.064,51.976,True,44.0,Spread,-11.5,AWAY,6.436285507923856,W
2025,1,401752794,Ohio,Rutgers,31.0,34.0,23.456,28.52,5.064,51.976,True,44.0,Over,46.5,OVER,5.475848008644718,W
2025,1,401752795,Western Illinois,Illinois,3.0,52.0,9.443,54.178,44.736,63.621,False,44.0,Spread,-48.5,AWAY,3.7642611536632984,L
2025,1,401752795,Western Illinois,Illinois,3.0,52.0,9.443,54.178,44.736,63.621,False,44.0,Over,63.5,OVER,0.12075483934722797,L
2025,1,401752796,Nebraska,Cincinnati,20.0,17.0,23.677,22.038,-1.639,45.715,True,44.0,Spread,6.5,HOME,4.860864083689691,W
2025,1,401752796,Nebraska,Cincinnati,20.0,17.0,23.677,22.038,-1.639,45.715,True,44.0,Under,52.5,UNDER,6.7852911923393435,W
2025,1,401752797,Florida Atlantic,Maryland,7.0,39.0,20.962,35.726,14.765,56.688,True,44.0,Spread,-16.5,AWAY,1.7354932844179416,L
2025,1,401752797,Florida Atlantic,Maryland,7.0,39.0,20.962,35.726,14.765,56.688,True,44.0,Under,57.5,UNDER,0.8123412515848969,W
2025,1,401752798,Missouri State,USC,13.0,73.0,16.204,48.818,32.615,65.022,True,44.0,Spread,-34.5,AWAY,1.8853960304272022,L
2025,1,401752798,Missouri State,USC,13.0,73.0,16.204,48.818,32.615,65.022,True,44.0,Over,59.5,OVER,5.522011601879797,W
2025,1,401752799,UAlbany,Iowa,7.0,34.0,4.306,48.216,43.91,52.523,False,44.0,Spread,-39.5,HOME,4.410196109770851,L
2025,1,401752799,UAlbany,Iowa,7.0,34.0,4.306,48.216,43.91,52.523,False,44.0,Over,48.5,OVER,4.022733195308604,L
2025,1,401752800,Utah,UCLA,43.0,10.0,20.367,21.04,0.673,41.407,True,44.0,Spread,6.5,HOME,7.1727847463196035,L
2025,1,401752800,Utah,UCLA,43.0,10.0,20.367,21.04,0.673,41.407,True,44.0,Under,50.5,UNDER,9.09283829109635,L
2025,1,401752801,Ball State,Purdue,0.0,31.0,27.082,30.308,3.226,57.391,True,44.0,Spread,-16.5,AWAY,13.273654643238558,L
2025,1,401752801,Ball State,Purdue,0.0,31.0,27.082,30.308,3.226,57.391,True,44.0,Over,50.5,OVER,6.890642439598771,L
2025,1,401752802,Western Michigan,Michigan State,6.0,23.0,22.668,29.959,7.292,52.627,True,44.0,Spread,-18.5,AWAY,11.208053268823587,W
2025,1,401752802,Western Michigan,Michigan State,6.0,23.0,22.668,29.959,7.292,52.627,True,44.0,Over,49.5,OVER,3.1269581635296433,L
2025,1,401752803,Northwestern,Tulane,3.0,23.0,15.625,33.719,18.094,49.343,True,44.0,Spread,-6.5,HOME,11.59397513284246,W
2025,1,401752803,Northwestern,Tulane,3.0,23.0,15.625,33.719,18.094,49.343,True,44.0,Over,47.5,OVER,1.8430512184241366,L
2025,1,401752804,Montana State,Oregon,13.0,59.0,17.007,43.337,26.33,60.343,False,44.0,Spread,-28.5,AWAY,2.1701892510769483,L
2025,1,401752804,Montana State,Oregon,13.0,59.0,17.007,43.337,26.33,60.343,False,44.0,Over,55.5,OVER,4.843488925733993,W
2025,1,401752805,Colorado State,Washington,21.0,38.0,18.07,33.622,15.552,51.692,True,44.0,Spread,-20.5,AWAY,4.948086392176172,W
2025,1,401752805,Colorado State,Washington,21.0,38.0,18.07,33.622,15.552,51.692,True,44.0,Under,52.5,UNDER,0.8082877162996951,L
2025,1,401752806,Old Dominion,Indiana,14.0,27.0,14.072,41.58,27.508,55.652,True,44.0,Spread,-23.5,HOME,4.00777626865311,L
2025,1,401752806,Old Dominion,Indiana,14.0,27.0,14.072,41.58,27.508,55.652,True,44.0,Over,54.5,OVER,1.151625700100439,L
2025,1,401752807,Nevada,Penn State,11.0,46.0,12.466,44.377,31.912,56.843,True,44.0,Spread,-45.5,AWAY,13.588389592010103,W
2025,1,401752807,Nevada,Penn State,11.0,46.0,12.466,44.377,31.912,56.843,True,44.0,Under,58.5,UNDER,1.6573567745026736,W
2025,1,401752808,New Mexico,Michigan,17.0,34.0,17.658,39.426,21.768,57.083,True,44.0,Spread,-36.5,AWAY,14.73187944623768,W
2025,1,401752808,New Mexico,Michigan,17.0,34.0,17.658,39.426,21.768,57.083,True,44.0,Over,52.5,OVER,4.58333669977894,L
2025,1,401752936,California,Oregon State,34.0,15.0,27.161,22.224,-4.937,49.384,True,44.0,Spread,-3.0,AWAY,7.936750073859052,W
2025,1,401752936,California,Oregon State,34.0,15.0,27.161,22.224,-4.937,49.384,True,44.0,Under,51.5,UNDER,2.115676871120634,W
2025,1,401752947,Idaho,Washington State,10.0,13.0,24.111,29.565,5.455,53.676,False,44.0,Spread,-16.5,AWAY,11.045476671256338,W
2025,1,401752947,Idaho,Washington State,10.0,13.0,24.111,29.565,5.455,53.676,False,44.0,Over,50.5,OVER,3.1759655127928283,L
2025,1,401754373,East Carolina,NC State,17.0,24.0,26.092,32.564,6.472,58.656,True,44.0,Spread,-12.5,AWAY,6.028225089513736,W
2025,1,401754373,East Carolina,NC State,17.0,24.0,26.092,32.564,6.472,58.656,True,44.0,Over,58.5,OVER,0.15592366940159508,L
2025,1,401754374,Kennesaw State,Wake Forest,9.0,10.0,16.465,34.686,18.221,51.151,True,44.0,Spread,-17.5,HOME,0.7208785472538217,L
2025,1,401754374,Kennesaw State,Wake Forest,9.0,10.0,16.465,34.686,18.221,51.151,True,44.0,Under,51.5,UNDER,0.34862026452655925,W
2025,1,401754375,Georgia Tech,Colorado,27.0,20.0,20.923,33.681,12.758,54.604,True,44.0,Spread,4.0,HOME,16.7580088321112,L
2025,1,401754375,Georgia Tech,Colorado,27.0,20.0,20.923,33.681,12.758,54.604,True,44.0,Under,55.5,UNDER,0.8956283119030033,W
2025,1,401754516,Stanford,Hawai'i,20.0,23.0,24.209,27.571,3.362,51.78,True,44.0,Spread,-1.5,HOME,1.861670220734183,W
2025,1,401754516,Stanford,Hawai'i,20.0,23.0,24.209,27.571,3.362,51.78,True,44.0,Under,53.5,UNDER,1.7204864182454855,W
2025,1,401754517,Elon,Duke,17.0,45.0,10.402,34.449,24.048,44.851,False,44.0,Under,50.5,UNDER,5.649047008499657,L
2025,1,401754518,Fordham,Boston College,10.0,66.0,10.38,40.011,29.631,50.391,False,44.0,Spread,-34.5,AWAY,4.8693130930978725,L
2025,1,401754518,Fordham,Boston College,10.0,66.0,10.38,40.011,29.631,50.391,False,44.0,Under,52.5,UNDER,2.1088458945026645,L
2025,1,401754519,Eastern Kentucky,Louisville,17.0,51.0,3.0,57.389,54.389,60.389,False,44.0,Spread,-37.5,HOME,16.889188332602046,L
2025,1,401754519,Eastern Kentucky,Louisville,17.0,51.0,3.0,57.389,54.389,60.389,False,44.0,Over,57.5,OVER,2.889188332602046,W
2025,1,401754520,Duquesne,Pittsburgh,9.0,61.0,3.979,49.135,45.156,53.114,False,44.0,Spread,-39.5,HOME,5.65590571016169,W
2025,1,401754520,Duquesne,Pittsburgh,9.0,61.0,3.979,49.135,45.156,53.114,False,44.0,Under,58.5,UNDER,5.385823940918819,L
2025,1,401754521,East Texas AandM,SMU,13.0,42.0,3.0,58.488,55.488,61.488,False,44.0,Spread,-50.5,HOME,4.987693543243054,L
2025,1,401754521,East Texas AandM,SMU,13.0,42.0,3.0,58.488,55.488,61.488,False,44.0,Under,64.5,UNDER,3.0123064567569457,W
2025,1,401754522,Notre Dame,Miami,24.0,27.0,29.67,29.946,0.276,59.616,True,44.0,Spread,2.5,HOME,2.7757139027637976,W
2025,1,401754522,Notre Dame,Miami,24.0,27.0,29.67,29.946,0.276,59.616,True,44.0,Over,53.5,OVER,6.115900597308055,L
2025,1,401754523,TCU,North Carolina,48.0,14.0,29.842,26.348,-3.494,56.19,True,44.0,Spread,3.0,AWAY,0.49434408149826936,W
2025,1,401754523,TCU,North Carolina,48.0,14.0,29.842,26.348,-3.494,56.19,True,44.0,Under,59.5,UNDER,3.3104686477824004,L
2025,1,401754616,Coastal Carolina,Virginia,7.0,48.0,23.103,31.603,8.501,54.706,True,44.0,Spread,-12.5,AWAY,3.999138802130762,L
2025,1,401754616,Coastal Carolina,Virginia,7.0,48.0,23.103,31.603,8.501,54.706,True,44.0,Under,57.5,UNDER,2.7939217022123373,W
2025,1,401756846,Iowa State,Kansas State,24.0,21.0,27.896,26.655,-1.241,54.551,True,44.0,Spread,-3.5,AWAY,4.7409447028339144,W
2025,1,401756846,Iowa State,Kansas State,24.0,21.0,27.896,26.655,-1.241,54.551,True,44.0,Over,49.5,OVER,5.051065676014616,L
2025,1,401756847,Fresno State,Kansas,7.0,31.0,19.385,35.772,16.388,55.157,True,44.0,Spread,-14.0,HOME,2.3876841611394397,W
2025,1,401756847,Fresno State,Kansas,7.0,31.0,19.385,35.772,16.388,55.157,True,44.0,Over,51.5,OVER,3.6568167865865178,L
2025,1,401756848,Jacksonville State,UCF,10.0,17.0,25.152,34.874,9.722,60.025,True,44.0,Spread,-16.5,AWAY,6.778276021417952,W
2025,1,401756848,Jacksonville State,UCF,10.0,17.0,25.152,34.874,9.722,60.025,True,44.0,Over,53.5,OVER,6.525371179195524,L
2025,1,401756849,Hawai'i,Arizona,6.0,40.0,21.701,29.864,8.163,51.564,True,44.0,Spread,-13.5,AWAY,5.337281966573812,L
2025,1,401756849,Hawai'i,Arizona,6.0,40.0,21.701,29.864,8.163,51.564,True,44.0,Under,55.5,UNDER,3.935652421265715,W
2025,1,401756850,Northern Arizona,Arizona State,19.0,38.0,11.157,41.045,29.887,52.202,False,44.0,Spread,-29.5,HOME,0.38712508012844893,L
2025,1,401756850,Northern Arizona,Arizona State,19.0,38.0,11.157,41.045,29.887,52.202,False,44.0,Under,52.5,UNDER,0.2980911142287539,L
2025,1,401756851,Portland State,BYU,0.0,69.0,9.438,57.295,47.856,66.733,False,44.0,Spread,-44.5,HOME,3.3564182219711327,W
2025,1,401756851,Portland State,BYU,0.0,69.0,9.438,57.295,47.856,66.733,False,44.0,Over,62.5,OVER,4.232674833348568,W
2025,1,401756852,Stephen F. Austin,Houston,0.0,27.0,13.588,31.439,17.851,45.026,False,44.0,Spread,-23.5,AWAY,5.648968925220807,L
2025,1,401756852,Stephen F. Austin,Houston,0.0,27.0,13.588,31.439,17.851,45.026,False,44.0,Under,54.5,UNDER,9.473728013569257,W
2025,1,401756853,South Dakota,Iowa State,7.0,55.0,16.257,39.496,23.239,55.752,False,44.0,Spread,-13.5,HOME,9.739099798281373,W
2025,1,401756853,South Dakota,Iowa State,7.0,55.0,16.257,39.496,23.239,55.752,False,44.0,Over,47.5,OVER,8.252463008480944,W
2025,1,401756854,Wagner,Kansas,7.0,46.0,4.3,52.972,48.672,57.273,False,44.0,Spread,-45.5,HOME,3.172064990010405,L
2025,1,401756854,Wagner,Kansas,7.0,46.0,4.3,52.972,48.672,57.273,False,44.0,Under,57.5,UNDER,0.22730655289844748,W
2025,1,401756855,North Dakota,Kansas State,35.0,38.0,16.548,37.357,20.81,53.905,False,44.0,Spread,-27.5,AWAY,6.690268241521224,W
2025,1,401756855,North Dakota,Kansas State,35.0,38.0,16.548,37.357,20.81,53.905,False,44.0,Under,55.5,UNDER,1.5950074420634195,L
2025,1,401756876,UT Martin,Oklahoma State,7.0,27.0,20.439,34.118,13.679,54.556,False,44.0,Under,56.5,UNDER,1.9435632969506997,W
2025,1,401756877,Arkansas-Pine Bluff,Texas Tech,7.0,67.0,7.292,58.162,50.87,65.453,False,44.0,Over,62.5,OVER,2.9532059421692907,W
2025,1,401756878,Robert Morris,West Virginia,3.0,45.0,10.479,40.669,30.19,51.148,False,44.0,Spread,-43.5,AWAY,13.309641531855831,W
2025,1,401756878,Robert Morris,West Virginia,3.0,45.0,10.479,40.669,30.19,51.148,False,44.0,Under,58.5,UNDER,7.352253566861734,W
2025,1,401757167,Central Connecticut,UConn,13.0,59.0,7.658,46.938,39.28,54.596,False,44.0,Spread,-29.5,HOME,9.779718146830334,W
2025,1,401757167,Central Connecticut,UConn,13.0,59.0,7.658,46.938,39.28,54.596,False,44.0,Over,51.5,OVER,3.0964636359074547,W
2025,1,401757218,Sam Houston,Western Kentucky,24.0,41.0,22.893,25.952,3.058,48.845,True,44.0,Spread,-9.5,AWAY,6.441536837450386,L
2025,1,401757218,Sam Houston,Western Kentucky,24.0,41.0,22.893,25.952,3.058,48.845,True,44.0,Under,60.5,UNDER,11.65504431794767,L
2025,1,401757219,Delaware State,Delaware,17.0,35.0,16.364,39.137,22.773,55.501,False,44.0,Spread,-30.5,AWAY,7.727079364863471,W
2025,1,401757219,Delaware State,Delaware,17.0,35.0,16.364,39.137,22.773,55.501,False,44.0,Over,55.5,OVER,0.0006634180887914454,L
2025,1,401757220,Maine,Liberty,7.0,28.0,12.958,43.215,30.257,56.173,False,44.0,Spread,-25.5,HOME,4.75659089978717,L
2025,1,401757220,Maine,Liberty,7.0,28.0,12.958,43.215,30.257,56.173,False,44.0,Over,50.5,OVER,5.6730156109708645,L
2025,1,401757221,SE Louisiana,Louisiana Tech,0.0,24.0,5.78,38.928,33.148,44.708,False,44.0,Spread,-14.5,HOME,18.647652077147654,W
2025,1,401757221,SE Louisiana,Louisiana Tech,0.0,24.0,5.78,38.928,33.148,44.708,False,44.0,Under,50.5,UNDER,5.792113463374918,W
2025,1,401757222,Austin Peay,Middle Tennessee,34.0,14.0,19.237,35.745,16.509,54.982,False,44.0,Spread,-16.5,HOME,0.008640643534675974,L
2025,1,401757222,Austin Peay,Middle Tennessee,34.0,14.0,19.237,35.745,16.509,54.982,False,44.0,Over,53.5,OVER,1.4821533123494106,L
2025,1,401757223,Bryant,New Mexico State,3.0,19.0,31.269,23.068,-8.201,54.337,False,44.0,Spread,-19.5,AWAY,27.70125377012947,W
2025,1,401757223,Bryant,New Mexico State,3.0,19.0,31.269,23.068,-8.201,54.337,False,44.0,Over,52.5,OVER,1.8370110235611605,L
2025,1,401757224,UNLV,Sam Houston,38.0,21.0,31.064,18.838,-12.226,49.902,True,44.0,Spread,13.5,HOME,1.2735707011206774,L
2025,1,401757224,UNLV,Sam Houston,38.0,21.0,31.064,18.838,-12.226,49.902,True,44.0,Under,58.5,UNDER,8.597742026262253,L
2025,1,401757225,UTEP,Utah State,16.0,28.0,22.713,36.789,14.076,59.502,True,44.0,Spread,-3.5,HOME,10.575833537033866,W
2025,1,401757225,UTEP,Utah State,16.0,28.0,22.713,36.789,14.076,59.502,True,44.0,Over,59.5,OVER,0.001681378279002388,L
2025,1,401757226,North Alabama,Western Kentucky,6.0,55.0,11.055,42.131,31.076,53.186,False,44.0,Spread,-27.5,HOME,3.576474316341308,W
2025,1,401757226,North Alabama,Western Kentucky,6.0,55.0,11.055,42.131,31.076,53.186,False,44.0,Under,60.5,UNDER,7.313753810825176,L
2025,1,401760357,Stony Brook,San Diego State,0.0,42.0,12.711,37.504,24.793,50.215,False,44.0,Under,53.5,UNDER,3.2847944469485384,W
2025,1,401760358,Central Michigan,San José State,16.0,14.0,20.305,32.667,12.362,52.973,True,44.0,Spread,-11.5,HOME,0.8621212876844382,L
2025,1,401760358,Central Michigan,San José State,16.0,14.0,20.305,32.667,12.362,52.973,True,44.0,Over,50.5,OVER,2.4726063129748184,L
2025,1,401760359,Bucknell,Air Force,13.0,49.0,17.121,32.293,15.172,49.413,False,44.0,Spread,-30.5,AWAY,15.32813808567127,L
2025,1,401760359,Bucknell,Air Force,13.0,49.0,17.121,32.293,15.172,49.413,False,44.0,Under,53.5,UNDER,4.086599025299982,L
2025,1,401760361,Georgia Southern,Fresno State,14.0,42.0,23.973,28.418,4.445,52.39,True,44.0,Spread,-2.5,HOME,1.944904328143032,W
2025,1,401760361,Georgia Southern,Fresno State,14.0,42.0,23.973,28.418,4.445,52.39,True,44.0,Under,54.5,UNDER,2.1098977031738997,L
2025,1,401760371,Idaho State,UNLV,31.0,38.0,11.815,50.865,39.05,62.68,False,44.0,Spread,-30.5,HOME,8.550074340230921,L
2025,1,401760371,Idaho State,UNLV,31.0,38.0,11.815,50.865,39.05,62.68,False,44.0,Under,67.5,UNDER,4.819984546142251,L
2025,1,401761588,Saint Francis,UL Monroe,0.0,29.0,16.287,37.093,20.806,53.38,False,44.0,Spread,-30.5,AWAY,9.693684496365037,W
2025,1,401761588,Saint Francis,UL Monroe,0.0,29.0,16.287,37.093,20.806,53.38,False,44.0,Over,47.5,OVER,5.880257881085164,L
2025,1,401761589,App State,Charlotte,34.0,11.0,29.525,27.131,-2.394,56.655,True,44.0,Spread,8.5,HOME,6.105843327311561,L
2025,1,401761589,App State,Charlotte,34.0,11.0,29.525,27.131,-2.394,56.655,True,44.0,Over,53.5,OVER,3.155406973670331,L
2025,1,401761590,Weber State,James Madison,10.0,45.0,8.618,40.766,32.148,49.385,False,44.0,Spread,-27.5,HOME,4.6482090869589,W
2025,1,401761590,Weber State,James Madison,10.0,45.0,8.618,40.766,32.148,49.385,False,44.0,Under,54.5,UNDER,5.115302165552961,L
2025,1,401761591,Southeast Missouri State,Arkansas State,24.0,42.0,18.103,34.475,16.372,52.579,False,44.0,Spread,-15.5,HOME,0.8718485479133378,W
2025,1,401761591,Southeast Missouri State,Arkansas State,24.0,42.0,18.103,34.475,16.372,52.579,False,44.0,Under,59.5,UNDER,6.921262639938519,L
2025,1,401761592,Rice,Louisiana,14.0,12.0,20.0,33.046,13.046,53.046,True,44.0,Spread,-14.5,AWAY,1.4543444740354552,W
2025,1,401761592,Rice,Louisiana,14.0,12.0,20.0,33.046,13.046,53.046,True,44.0,Over,49.5,OVER,3.545922348314896,L
2025,1,401761593,Morgan State,South Alabama,21.0,38.0,17.542,33.342,15.8,50.883,False,44.0,Spread,-28.5,AWAY,12.700077383722006,W
2025,1,401761593,Morgan State,South Alabama,21.0,38.0,17.542,33.342,15.8,50.883,False,44.0,Over,50.5,OVER,0.3831899271770567,W
2025,1,401761594,Eastern Michigan,Texas State,27.0,52.0,18.351,37.785,19.434,56.136,True,44.0,Spread,-14.0,HOME,5.434477770571949,W
2025,1,401761594,Eastern Michigan,Texas State,27.0,52.0,18.351,37.785,19.434,56.136,True,44.0,Under,58.5,UNDER,2.3643807040576093,L
2025,1,401761595,Nicholls,Troy,20.0,38.0,19.386,28.479,9.092,47.865,False,44.0,Spread,-16.5,AWAY,7.407565056268986,L
2025,1,401761595,Nicholls,Troy,20.0,38.0,19.386,28.479,9.092,47.865,False,44.0,Over,46.5,OVER,1.3646131440519156,W
2025,1,401762430,Alabama State,UAB,42.0,52.0,23.119,24.412,1.294,47.531,False,44.0,Spread,-21.5,AWAY,20.206289322895728,W
2025,1,401762430,Alabama State,UAB,42.0,52.0,23.119,24.412,1.294,47.531,False,44.0,Under,53.5,UNDER,5.968887709935743,L
2025,1,401762432,Tarleton State,Army,30.0,27.0,8.286,48.278,39.992,56.564,False,44.0,Spread,-14.5,HOME,25.492433880375252,L
2025,1,401762432,Tarleton State,Army,30.0,27.0,8.286,48.278,39.992,56.564,False,44.0,Over,47.5,OVER,9.063769109807751,W
2025,1,401762433,Chattanooga,Memphis,10.0,45.0,12.651,42.335,29.683,54.986,False,44.0,Spread,-30.5,AWAY,0.8165880151359666,L
2025,1,401762433,Chattanooga,Memphis,10.0,45.0,12.651,42.335,29.683,54.986,False,44.0,Under,55.5,UNDER,0.5136426092973707,W
2025,1,401762434,VMI,Navy,7.0,52.0,3.438,48.982,45.544,52.42,False,44.0,Spread,-42.5,HOME,3.0437713759513514,W
2025,1,401762434,VMI,Navy,7.0,52.0,3.438,48.982,45.544,52.42,False,44.0,Under,54.5,UNDER,2.080325383579499,L
2025,1,401762435,Lamar,North Texas,0.0,51.0,27.564,30.414,2.851,57.978,False,44.0,Spread,-27.5,AWAY,24.649228203086764,L
2025,1,401762435,Lamar,North Texas,0.0,51.0,27.564,30.414,2.851,57.978,False,44.0,Under,62.5,UNDER,4.5221568086804,W
2025,1,401762456,Temple,Massachusetts,42.0,10.0,24.476,29.274,4.798,53.75,True,44.0,Spread,3.0,HOME,7.798004523284561,L
2025,1,401762456,Temple,Massachusetts,42.0,10.0,24.476,29.274,4.798,53.75,True,44.0,Over,51.5,OVER,2.2498138888907135,W
2025,1,401762457,Abilene Christian,Tulsa,7.0,35.0,49.264,24.249,-25.015,73.513,False,44.0,Spread,-5.5,AWAY,30.5153493824037,L
2025,1,401762457,Abilene Christian,Tulsa,7.0,35.0,49.264,24.249,-25.015,73.513,False,44.0,Over,59.5,OVER,14.012659040975706,L
2025,1,401762522,Boise State,South Florida,7.0,34.0,35.238,27.373,-7.864,62.611,True,44.0,Spread,8.5,HOME,0.6355321649043333,W
2025,1,401762522,Boise State,South Florida,7.0,34.0,35.238,27.373,-7.864,62.611,True,44.0,Under,63.5,UNDER,0.8893381138690941,W
2025,1,401762789,Wyoming,Akron,10.0,0.0,22.931,25.779,2.848,48.709,True,44.0,Spread,8.5,HOME,11.347663564413857,L
2025,1,401762789,Wyoming,Akron,10.0,0.0,22.931,25.779,2.848,48.709,True,44.0,Under,49.5,UNDER,0.7906505035849349,W
2025,1,401762790,Lafayette,Bowling Green,7.0,26.0,13.535,35.921,22.386,49.457,False,44.0,Spread,-21.5,HOME,0.8861536782033745,L
2025,1,401762790,Lafayette,Bowling Green,7.0,26.0,13.535,35.921,22.386,49.457,False,44.0,Under,53.5,UNDER,4.043288750334973,W
2025,1,401762791,Miami (OH),Wisconsin,0.0,17.0,19.718,27.598,7.88,47.316,True,44.0,Spread,-17.5,AWAY,9.61979718830068,W
2025,1,401762791,Miami (OH),Wisconsin,0.0,17.0,19.718,27.598,7.88,47.316,True,44.0,Over,40.5,OVER,6.8155983627693,L
2025,1,401762792,Merrimack,Kent State,17.0,21.0,19.452,26.174,6.723,45.626,False,44.0,Spread,-5.5,HOME,1.2228925025312662,L
2025,1,401762792,Merrimack,Kent State,17.0,21.0,19.452,26.174,6.723,45.626,False,44.0,Under,50.5,UNDER,4.8740554062169466,W
2025,1,401762793,Holy Cross,Northern Illinois,17.0,19.0,11.794,34.861,23.067,46.655,False,44.0,Spread,-13.5,HOME,9.56677730663242,L
2025,1,401762793,Holy Cross,Northern Illinois,17.0,19.0,11.794,34.861,23.067,46.655,False,44.0,Under,48.5,UNDER,1.8454450050690525,W
2025,1,401766898,Bethune-Cookman,Florida International,9.0,42.0,9.617,41.843,32.226,51.46,False,44.0,Spread,-26.5,HOME,5.726362265625426,W
2025,1,401766898,Bethune-Cookman,Florida International,9.0,42.0,9.617,41.843,32.226,51.46,False,44.0,Under,54.5,UNDER,3.0403589179535473,W
2025,1,401769070,Miami,Ohio State,24.0,14.0,23.723,32.39,8.667,56.114,True,44.0,Spread,-7.5,HOME,1.1669215995081146,L
2025,1,401769070,Miami,Ohio State,24.0,14.0,23.723,32.39,8.667,56.114,True,44.0,Over,39.5,OVER,16.61357284590634,L
2025,1,401769071,Oregon,Texas Tech,23.0,0.0,36.857,25.228,-11.629,62.084,True,44.0,Spread,-1.5,AWAY,13.129060584045433,W
2025,1,401769071,Oregon,Texas Tech,23.0,0.0,36.857,25.228,-11.629,62.084,True,44.0,Over,50.5,OVER,11.584248225998145,L
2025,1,401769072,Alabama,Indiana,3.0,38.0,24.25,26.964,2.713,51.214,True,44.0,Spread,-7.5,AWAY,4.786716682034637,L
2025,1,401769072,Alabama,Indiana,3.0,38.0,24.25,26.964,2.713,51.214,True,44.0,Over,46.5,OVER,4.713910393501941,L
2025,1,401769073,Ole Miss,Georgia,39.0,34.0,29.415,23.936,-5.479,53.351,True,44.0,Spread,-6.0,AWAY,11.47899686179435,W
2025,1,401769073,Ole Miss,Georgia,39.0,34.0,29.415,23.936,-5.479,53.351,True,44.0,Under,53.5,UNDER,0.1488700063633388,L
2025,1,401769074,Oregon,Indiana,22.0,56.0,24.827,27.018,2.191,51.846,True,44.0,Spread,-3.0,AWAY,0.8092732468615225,L
2025,1,401769074,Oregon,Indiana,22.0,56.0,24.827,27.018,2.191,51.846,True,44.0,Over,50.5,OVER,1.3455226989274323,W
2025,1,401769075,Miami,Ole Miss,31.0,27.0,27.633,32.594,4.961,60.227,True,44.0,Spread,3.0,HOME,7.960630261375115,L
2025,1,401769075,Miami,Ole Miss,31.0,27.0,27.633,32.594,4.961,60.227,True,44.0,Over,52.5,OVER,7.727013302895529,W
2025,1,401769076,Miami,Indiana,21.0,27.0,27.058,31.324,4.266,58.382,True,44.0,Spread,-7.5,AWAY,3.2335681875177187,W
2025,1,401769076,Miami,Indiana,21.0,27.0,27.058,31.324,4.266,58.382,True,44.0,Over,46.5,OVER,11.88172791353827,W
2025,1,401778302,Boise State,Washington,10.0,38.0,29.181,23.509,-5.672,52.691,True,44.0,Spread,-10.0,AWAY,15.671993236027802,L
2025,1,401778302,Boise State,Washington,10.0,38.0,29.181,23.509,-5.672,52.691,True,44.0,Under,55.5,UNDER,2.809046024375668,W
2025,1,401778303,Troy,Jacksonville State,13.0,17.0,23.875,31.551,7.675,55.426,True,44.0,Spread,-3.5,HOME,4.175498613586953,W
2025,1,401778303,Troy,Jacksonville State,13.0,17.0,23.875,31.551,7.675,55.426,True,44.0,Over,47.5,OVER,7.92565353182944,L
2025,1,401778304,Old Dominion,South Florida,24.0,10.0,30.165,28.407,-1.758,58.572,True,44.0,Spread,-4.0,AWAY,5.758457492630022,W
2025,1,401778304,Old Dominion,South Florida,24.0,10.0,30.165,28.407,-1.758,58.572,True,44.0,Over,52.5,OVER,6.072352811298984,L
2025,1,401778305,Louisiana,Delaware,13.0,20.0,30.845,23.836,-7.009,54.682,True,44.0,Spread,1.5,AWAY,5.508823895121466,L
2025,1,401778305,Louisiana,Delaware,13.0,20.0,30.845,23.836,-7.009,54.682,True,44.0,Under,60.5,UNDER,5.818452854489365,W
2025,1,401778306,Kennesaw State,Western Michigan,6.0,41.0,19.395,32.61,13.216,52.005,True,44.0,Spread,-3.5,HOME,9.715712658211494,W
2025,1,401778306,Kennesaw State,Western Michigan,6.0,41.0,19.395,32.61,13.216,52.005,True,44.0,Over,47.5,OVER,4.504913231900851,L
2025,1,401778307,Memphis,NC State,7.0,31.0,31.435,25.742,-5.693,57.177,True,44.0,Spread,-3.5,AWAY,9.192931064516827,L
2025,1,401778307,Memphis,NC State,7.0,31.0,31.435,25.742,-5.693,57.177,True,44.0,Over,56.5,OVER,0.6765542779049838,L
2025,1,401778308,Washington State,Utah State,34.0,21.0,37.649,27.64,-10.009,65.289,True,44.0,Spread,-1.5,AWAY,11.509122298699637,W
2025,1,401778308,Washington State,Utah State,34.0,21.0,37.649,27.64,-10.009,65.289,True,44.0,Over,50.5,OVER,14.788769934419363,W
2025,1,401778309,Toledo,Louisville,22.0,27.0,18.607,33.101,14.494,51.707,True,44.0,Spread,-12.5,HOME,1.993811550415657,L
2025,1,401778309,Toledo,Louisville,22.0,27.0,18.607,33.101,14.494,51.707,True,44.0,Over,44.5,OVER,7.207453663348481,W
2025,1,401778310,Western Kentucky,Southern Miss,27.0,16.0,34.105,17.263,-16.841,51.368,True,44.0,Spread,-3.0,AWAY,19.84140443718348,W
2025,1,401778310,Western Kentucky,Southern Miss,27.0,16.0,34.105,17.263,-16.841,51.368,True,44.0,Under,59.5,UNDER,8.13216893391639,W
2025,1,401778311,UNLV,Ohio,10.0,17.0,27.286,23.696,-3.59,50.981,True,44.0,Spread,6.5,HOME,2.909940394224911,W
2025,1,401778311,UNLV,Ohio,10.0,17.0,27.286,23.696,-3.59,50.981,True,44.0,Under,64.5,UNDER,13.518505123125436,W
2025,1,401778312,California,Hawai'i,31.0,35.0,26.236,21.236,-5.0,47.472,True,44.0,Spread,-1.5,AWAY,6.49950191256108,L
2025,1,401778312,California,Hawai'i,31.0,35.0,26.236,21.236,-5.0,47.472,True,44.0,Under,50.5,UNDER,3.0283821651321077,L
2025,1,401778313,Central Michigan,Northwestern,7.0,34.0,18.169,26.665,8.497,44.834,True,44.0,Spread,-13.5,AWAY,5.003285775608104,L
2025,1,401778313,Central Michigan,Northwestern,7.0,34.0,18.169,26.665,8.497,44.834,True,44.0,Over,43.5,OVER,1.334206290391137,L
2025,1,401778315,Florida International,UTSA,20.0,57.0,26.302,29.935,3.633,56.236,True,44.0,Spread,-7.0,AWAY,3.3670786959176837,L
2025,1,401778315,Florida International,UTSA,20.0,57.0,26.302,29.935,3.633,56.236,True,44.0,Under,62.5,UNDER,6.263632080224831,L
2025,1,401778316,Pittsburgh,East Carolina,17.0,23.0,31.53,25.365,-6.166,56.895,True,44.0,Spread,12.5,HOME,6.334205589612729,W
2025,1,401778316,Pittsburgh,East Carolina,17.0,23.0,31.53,25.365,-6.166,56.895,True,44.0,Over,51.5,OVER,5.394983373944278,L
2025,1,401778317,Penn State,Clemson,22.0,10.0,30.889,24.811,-6.078,55.7,True,44.0,Spread,-2.5,AWAY,8.577892220242006,W
2025,1,401778317,Penn State,Clemson,22.0,10.0,30.889,24.811,-6.078,55.7,True,44.0,Over,47.5,OVER,8.199797341612886,L
2025,1,401778318,UConn,Army,16.0,41.0,21.982,28.367,6.385,50.349,True,44.0,Spread,-8.5,AWAY,2.1146377796501596,L
2025,1,401778318,UConn,Army,16.0,41.0,21.982,28.367,6.385,50.349,True,44.0,Over,41.5,OVER,8.849027116718105,W
2025,1,401778319,Georgia Tech,BYU,21.0,25.0,21.838,29.95,8.112,51.788,True,44.0,Spread,-3.5,HOME,4.6118134635391606,W
2025,1,401778319,Georgia Tech,BYU,21.0,25.0,21.838,29.95,8.112,51.788,True,44.0,Under,54.5,UNDER,2.7121157732574943,W
2025,1,401778320,Miami (OH),Fresno State,3.0,18.0,24.208,20.021,-4.187,44.23,True,44.0,Spread,-5.5,AWAY,9.687372082930438,L
2025,1,401778320,Miami (OH),Fresno State,3.0,18.0,24.208,20.021,-4.187,44.23,True,44.0,Over,40.5,OVER,3.729531405106684,L
2025,1,401778321,North Texas,San Diego State,49.0,47.0,32.896,24.132,-8.764,57.028,True,44.0,Spread,7.5,AWAY,1.2636340675275193,L
2025,1,401778321,North Texas,San Diego State,49.0,47.0,32.896,24.132,-8.764,57.028,True,44.0,Over,54.5,OVER,2.5280989733750303,W
2025,1,401778322,Virginia,Missouri,13.0,7.0,18.687,29.937,11.25,48.624,True,44.0,Spread,-4.0,HOME,7.250432279064924,L
2025,1,401778322,Virginia,Missouri,13.0,7.0,18.687,29.937,11.25,48.624,True,44.0,Over,43.5,OVER,5.124168837251126,L
2025,1,401778323,LSU,Houston,35.0,38.0,29.307,14.525,-14.782,43.832,True,44.0,Spread,-1.5,AWAY,16.282381675854722,L
2025,1,401778323,LSU,Houston,35.0,38.0,29.307,14.525,-14.782,43.832,True,44.0,Over,43.5,OVER,0.33249401026387204,W
2025,1,401778324,Georgia Southern,App State,29.0,10.0,32.211,26.201,-6.01,58.413,True,44.0,Spread,10.0,HOME,3.9899511592999204,L
2025,1,401778324,Georgia Southern,App State,29.0,10.0,32.211,26.201,-6.01,58.413,True,44.0,Over,57.5,OVER,0.9129077955598603,L
2025,1,401778325,Coastal Carolina,Louisiana Tech,14.0,23.0,24.238,23.026,-1.211,47.264,True,44.0,Spread,-10.0,AWAY,11.211145712274018,W
2025,1,401778325,Coastal Carolina,Louisiana Tech,14.0,23.0,24.238,23.026,-1.211,47.264,True,44.0,Under,51.5,UNDER,4.23602359105945,W
2025,1,401778326,Tennessee,Illinois,28.0,30.0,29.225,21.017,-8.207,50.242,True,44.0,Spread,3.0,AWAY,5.207487073298395,L
2025,1,401778326,Tennessee,Illinois,28.0,30.0,29.225,21.017,-8.207,50.242,True,44.0,Under,62.5,UNDER,12.258431260948164,W
2025,1,401778327,USC,TCU,27.0,30.0,29.697,26.926,-2.771,56.623,True,44.0,Spread,4.5,HOME,1.729495615426373,W
2025,1,401778327,USC,TCU,27.0,30.0,29.697,26.926,-2.771,56.623,True,44.0,Over,56.5,OVER,0.12262987553030058,W
2025,1,401778328,Iowa,Vanderbilt,34.0,27.0,25.947,21.066,-4.881,47.014,True,44.0,Spread,-3.0,AWAY,7.880876270668594,W
2025,1,401778328,Iowa,Vanderbilt,34.0,27.0,25.947,21.066,-4.881,47.014,True,44.0,Under,47.5,UNDER,0.48615254400675667,L
2025,1,401778329,Arizona State,Duke,39.0,42.0,30.498,19.471,-11.028,49.969,True,44.0,Spread,-4.0,AWAY,15.027585419807593,W
2025,1,401778329,Arizona State,Duke,39.0,42.0,30.498,19.471,-11.028,49.969,True,44.0,Over,49.5,OVER,0.4689914273179028,W
2025,1,401778330,Michigan,Texas,27.0,41.0,16.219,28.166,11.947,44.384,True,44.0,Spread,-4.5,HOME,7.447105947395279,W
2025,1,401778330,Michigan,Texas,27.0,41.0,16.219,28.166,11.947,44.384,True,44.0,Under,50.5,UNDER,6.1155123891267,L
2025,1,401778331,Nebraska,Utah,22.0,44.0,21.858,20.103,-1.755,41.961,True,44.0,Spread,-13.5,AWAY,15.254815078568516,L
2025,1,401778331,Nebraska,Utah,22.0,44.0,21.858,20.103,-1.755,41.961,True,44.0,Under,51.5,UNDER,9.538934915444777,L
2025,1,401778332,Rice,Texas State,10.0,41.0,19.269,32.816,13.548,52.085,True,44.0,Spread,-19.5,AWAY,5.952456629138929,L
2025,1,401778332,Rice,Texas State,10.0,41.0,19.269,32.816,13.548,52.085,True,44.0,Under,55.5,UNDER,3.4153088688909605,W
2025,1,401778333,Navy,Cincinnati,35.0,13.0,25.235,24.603,-0.632,49.838,True,44.0,Spread,7.5,HOME,6.868123650539189,L
2025,1,401778333,Navy,Cincinnati,35.0,13.0,25.235,24.603,-0.632,49.838,True,44.0,Under,57.5,UNDER,7.662198540148516,W
2025,1,401778334,Wake Forest,Mississippi State,43.0,29.0,25.685,28.304,2.619,53.989,True,44.0,Spread,-3.0,AWAY,0.3812347124633675,W
2025,1,401778334,Wake Forest,Mississippi State,43.0,29.0,25.685,28.304,2.619,53.989,True,44.0,Over,52.5,OVER,1.4891853811355702,W
2025,1,401779840,Alabama,Oklahoma,34.0,24.0,26.194,20.954,-5.24,47.148,True,44.0,Spread,-1.5,AWAY,6.739669974049464,W
2025,1,401779840,Alabama,Oklahoma,34.0,24.0,26.194,20.954,-5.24,47.148,True,44.0,Over,42.5,OVER,4.648296266931368,W
2025,1,401779841,Miami,Texas AandM,10.0,3.0,30.024,30.672,0.649,60.696,True,44.0,Spread,-3.0,AWAY,2.35123695991156,W
2025,1,401779841,Miami,Texas AandM,10.0,3.0,30.024,30.672,0.649,60.696,True,44.0,Over,48.5,OVER,12.196014350224978,L
2025,1,401779842,Tulane,Ole Miss,10.0,41.0,18.387,35.834,17.447,54.221,True,44.0,Spread,-16.5,HOME,0.9467084731873392,W
2025,1,401779842,Tulane,Ole Miss,10.0,41.0,18.387,35.834,17.447,54.221,True,44.0,Under,57.5,UNDER,3.2793115812197797,W
2025,1,401779843,James Madison,Oregon,34.0,51.0,17.657,35.941,18.284,53.597,True,44.0,Spread,-20.5,AWAY,2.216063286446328,W
2025,1,401779843,James Madison,Oregon,34.0,51.0,17.657,35.941,18.284,53.597,True,44.0,Over,47.5,OVER,6.097194797675577,W
2025,1,401831583,Arizona,SMU,19.0,24.0,16.661,35.336,18.675,51.998,True,44.0,Spread,-2.5,HOME,16.175188540345037,W
2025,1,401831583,Arizona,SMU,19.0,24.0,16.661,35.336,18.675,51.998,True,44.0,Under,55.5,UNDER,3.502322700960761,W
2025,1,401838053,Missouri State,Arkansas State,28.0,34.0,27.039,33.555,6.516,60.594,True,44.0,Spread,-1.5,HOME,5.015850759474418,W
2025,1,401838053,Missouri State,Arkansas State,28.0,34.0,27.039,33.555,6.516,60.594,True,44.0,Over,55.5,OVER,5.09391726995711,W
2025,2,401752681,UL Monroe,Alabama,0.0,73.0,14.837,33.713,18.876,48.549,True,63.25,Spread,-34.5,AWAY,15.623986293280844,L
2025,2,401752681,UL Monroe,Alabama,0.0,73.0,14.837,33.713,18.876,48.549,True,63.25,Under,50.5,UNDER,1.9505504276077872,L
2025,2,401752682,Arkansas State,Arkansas,14.0,56.0,20.117,36.955,16.838,57.071,True,57.1,Spread,-24.5,AWAY,7.66217138180167,L
2025,2,401752682,Arkansas State,Arkansas,14.0,56.0,20.117,36.955,16.838,57.071,True,57.1,Under,61.5,UNDER,4.428514017959998,L
2025,2,401752683,Ball State,Auburn,3.0,42.0,15.29,38.884,23.594,54.175,True,60.2,Spread,-42.5,AWAY,18.906067261349733,W
2025,2,401752683,Ball State,Auburn,3.0,42.0,15.29,38.884,23.594,54.175,True,60.2,Over,52.5,OVER,1.6748069447418956,L
2025,2,401752684,South Florida,Florida,18.0,16.0,19.164,36.158,16.994,55.321,True,60.15,Spread,-18.5,AWAY,1.5058883245473744,W
2025,2,401752684,South Florida,Florida,18.0,16.0,19.164,36.158,16.994,55.321,True,60.15,Under,58.5,UNDER,3.1788407535764307,W
2025,2,401752685,Austin Peay,Georgia,6.0,28.0,5.812,50.291,44.479,56.103,False,63.25,Spread,-46.5,AWAY,2.020784518039548,W
2025,2,401752685,Austin Peay,Georgia,6.0,28.0,5.812,50.291,44.479,56.103,False,63.25,Under,56.5,UNDER,0.396530717843774,W
2025,2,401752686,Ole Miss,Kentucky,30.0,23.0,31.835,19.828,-12.007,51.663,True,69.45,Spread,7.5,AWAY,4.5066520025384165,L
2025,2,401752686,Ole Miss,Kentucky,30.0,23.0,31.835,19.828,-12.007,51.663,True,69.45,Over,51.5,OVER,0.16279699487752453,W
2025,2,401752687,Louisiana Tech,LSU,7.0,23.0,14.262,31.981,17.72,46.243,True,63.25,Spread,-36.5,AWAY,18.78026433305923,W
2025,2,401752687,Louisiana Tech,LSU,7.0,23.0,14.262,31.981,17.72,46.243,True,63.25,Under,49.5,UNDER,3.257198442950134,W
2025,2,401752688,Arizona State,Mississippi State,20.0,24.0,33.817,24.359,-9.459,58.176,True,63.25,Spread,5.5,AWAY,3.9588276499537898,L
2025,2,401752688,Arizona State,Mississippi State,20.0,24.0,33.817,24.359,-9.459,58.176,True,63.25,Under,58.5,UNDER,0.3238432786618475,W
2025,2,401752689,Kansas,Missouri,31.0,42.0,24.447,25.914,1.467,50.361,True,60.2,Spread,-7.0,AWAY,5.533181924490407,L
2025,2,401752690,Michigan,Oklahoma,13.0,24.0,19.819,22.486,2.667,42.306,True,63.25,Spread,-3.0,AWAY,0.33274692422145336,L
2025,2,401752690,Michigan,Oklahoma,13.0,24.0,19.819,22.486,2.667,42.306,True,63.25,Under,47.5,UNDER,5.194330689196903,W
2025,2,401752691,South Carolina State,South Carolina,10.0,38.0,4.46,45.087,40.627,49.547,False,57.1,Spread,-42.5,AWAY,1.8726239735745338,W
2025,2,401752691,South Carolina State,South Carolina,10.0,38.0,4.46,45.087,40.627,49.547,False,57.1,Under,54.5,UNDER,4.953288153324955,W
2025,2,401752692,East Tennessee State,Tennessee,17.0,72.0,3.0,51.309,48.309,54.309,False,60.15,Spread,-40.5,HOME,7.808634481380487,W
2025,2,401752692,East Tennessee State,Tennessee,17.0,72.0,3.0,51.309,48.309,54.309,False,60.15,Under,58.5,UNDER,4.191365518619513,L
2025,2,401752693,San José State,Texas,7.0,38.0,9.418,41.949,32.531,51.367,True,63.25,Spread,-36.5,AWAY,3.9685902068461587,W
2025,2,401752693,San José State,Texas,7.0,38.0,9.418,41.949,32.531,51.367,True,63.25,Under,52.5,UNDER,1.132825632373354,W
2025,2,401752694,Utah State,Texas AandM,22.0,44.0,16.732,41.762,25.03,58.494,True,66.3,Spread,-34.5,AWAY,9.469693091388763,W
2025,2,401752694,Utah State,Texas AandM,22.0,44.0,16.732,41.762,25.03,58.494,True,66.3,Over,57.5,OVER,0.9937091267749665,W
2025,2,401752695,Vanderbilt,Virginia Tech,44.0,20.0,22.39,26.322,3.933,48.712,True,60.2,Spread,-2.5,HOME,1.432547046823096,L
2025,2,401752695,Vanderbilt,Virginia Tech,44.0,20.0,22.39,26.322,3.933,48.712,True,60.2,Over,46.5,OVER,2.2116725697071615,W
2025,2,401752810,Akron,Nebraska,0.0,68.0,16.234,31.614,15.38,47.848,True,63.25,Spread,-33.5,AWAY,18.11995212007914,L
2025,2,401752810,Akron,Nebraska,0.0,68.0,16.234,31.614,15.38,47.848,True,63.25,Over,47.5,OVER,0.34755133859200527,W
2025,2,401752811,Florida International,Penn State,0.0,34.0,12.459,41.794,29.335,54.252,True,63.25,Spread,-41.5,AWAY,12.16496761049136,W
2025,2,401752811,Florida International,Penn State,0.0,34.0,12.459,41.794,29.335,54.252,True,63.25,Over,53.5,OVER,0.7521213341588862,L
2025,2,401752812,Kennesaw State,Indiana,9.0,56.0,3.985,47.685,43.7,51.669,True,72.5,Spread,-35.5,HOME,8.19979992029991,W
2025,2,401752812,Kennesaw State,Indiana,9.0,56.0,3.985,47.685,43.7,51.669,True,72.5,Over,51.5,OVER,0.1693980273476825,W
2025,2,401752813,Northwestern State,Minnesota,0.0,66.0,3.0,55.896,52.896,58.896,False,60.15,Over,51.5,OVER,7.39558547409564,W
2025,2,401752814,Georgia Southern,USC,20.0,59.0,19.211,44.349,25.138,63.559,True,66.3,Spread,-28.5,AWAY,3.362172844324121,L
2025,2,401752814,Georgia Southern,USC,20.0,59.0,19.211,44.349,25.138,63.559,True,66.3,Over,62.5,OVER,1.0593535223277826,W
2025,2,401752815,Grambling,Ohio State,0.0,70.0,3.0,51.413,48.413,54.413,False,60.15,Spread,-51.5,AWAY,3.087331134738214,L
2025,2,401752815,Grambling,Ohio State,0.0,70.0,3.0,51.413,48.413,54.413,False,60.15,Under,64.5,UNDER,10.087331134738214,L
2025,2,401752816,Boston College,Michigan State,40.0,42.0,21.58,23.553,1.973,45.133,True,57.1,Spread,-3.5,AWAY,1.527373001563511,W
2025,2,401752816,Boston College,Michigan State,40.0,42.0,21.58,23.553,1.973,45.133,True,57.1,Under,45.5,UNDER,0.36730260292916483,L
2025,2,401752817,Western Illinois,Northwestern,7.0,42.0,12.955,42.008,29.053,54.963,False,63.25,Spread,-30.5,AWAY,1.447153185126833,L
2025,2,401752817,Western Illinois,Northwestern,7.0,42.0,12.955,42.008,29.053,54.963,False,63.25,Over,48.5,OVER,6.463138681616684,W
2025,2,401752818,Miami (OH),Rutgers,17.0,45.0,17.868,29.682,11.814,47.551,True,63.25,Spread,-15.5,AWAY,3.6859185608520484,L
2025,2,401752818,Miami (OH),Rutgers,17.0,45.0,17.868,29.682,11.814,47.551,True,63.25,Over,45.5,OVER,2.0507990732681876,W
2025,2,401752819,Southern Illinois,Purdue,17.0,34.0,22.939,28.598,5.66,51.537,False,57.1,Spread,-22.5,AWAY,16.840292893815725,W
2025,2,401752819,Southern Illinois,Purdue,17.0,34.0,22.939,28.598,5.66,51.537,False,57.1,Under,52.5,UNDER,0.9629618766724874,W
2025,2,401752820,Middle Tennessee,Wisconsin,10.0,42.0,10.417,37.697,27.28,48.114,True,57.1,Spread,-28.5,AWAY,1.2197318990258168,L
2025,2,401752820,Middle Tennessee,Wisconsin,10.0,42.0,10.417,37.697,27.28,48.114,True,57.1,Over,44.5,OVER,3.6140589302965793,W
2025,2,401752821,UC Davis,Washington,10.0,70.0,13.833,37.48,23.647,51.313,False,60.15,Spread,-29.5,AWAY,5.853413650240441,L
2025,2,401752821,UC Davis,Washington,10.0,70.0,13.833,37.48,23.647,51.313,False,60.15,Under,54.5,UNDER,3.187380235434098,L
2025,2,401752822,Iowa,Iowa State,13.0,16.0,23.845,26.895,3.05,50.74,True,60.2,Spread,-1.5,HOME,1.5495982808035862,W
2025,2,401752823,UCLA,UNLV,23.0,30.0,18.615,30.252,11.637,48.868,True,63.25,Spread,2.5,HOME,14.137277755518461,W
2025,2,401752823,UCLA,UNLV,23.0,30.0,18.615,30.252,11.637,48.868,True,63.25,Under,54.5,UNDER,5.632345895294563,W
2025,2,401752824,Oklahoma State,Oregon,3.0,69.0,20.068,38.704,18.637,58.772,True,63.25,Spread,-28.5,AWAY,9.863284847886693,L
2025,2,401752824,Oklahoma State,Oregon,3.0,69.0,20.068,38.704,18.637,58.772,True,63.25,Over,55.5,OVER,3.2717737694703146,W
2025,2,401752825,Illinois,Duke,45.0,19.0,25.987,26.366,0.379,52.353,True,60.2,Spread,2.5,HOME,2.8787414248268917,L
2025,2,401752825,Illinois,Duke,45.0,19.0,25.987,26.366,0.379,52.353,True,60.2,Over,49.5,OVER,2.853251682063771,W
2025,2,401752826,Northern Illinois,Maryland,9.0,20.0,20.336,26.113,5.777,46.449,True,57.1,Spread,-16.5,AWAY,10.72289339512404,W
2025,2,401752826,Northern Illinois,Maryland,9.0,20.0,20.336,26.113,5.777,46.449,True,57.1,Over,44.5,OVER,1.9485230241337774,L
2025,2,401752937,Fresno State,Oregon State,36.0,27.0,30.255,20.663,-9.592,50.918,True,66.35,Spread,-1.5,AWAY,11.09195178639634,W
2025,2,401752937,Fresno State,Oregon State,36.0,27.0,30.255,20.663,-9.592,50.918,True,66.35,Over,44.5,OVER,6.417606326746906,W
2025,2,401752948,San Diego State,Washington State,13.0,36.0,23.457,34.299,10.842,57.757,True,60.2,Spread,-2.5,HOME,8.341856832419367,W
2025,2,401752948,San Diego State,Washington State,13.0,36.0,23.457,34.299,10.842,57.757,True,60.2,Over,46.5,OVER,11.256530422852997,W
2025,2,401754524,Virginia,NC State,31.0,35.0,23.582,26.389,2.808,49.971,True,66.3,Spread,-2.5,HOME,0.3075391053185186,W
2025,2,401754524,Virginia,NC State,31.0,35.0,23.582,26.389,2.808,49.971,True,66.3,Under,52.5,UNDER,2.5292005013954366,L
2025,2,401754525,Baylor,SMU,48.0,45.0,19.983,35.207,15.223,55.19,True,60.2,Spread,-2.5,HOME,12.723322680540193,L
2025,2,401754525,Baylor,SMU,48.0,45.0,19.983,35.207,15.223,55.19,True,60.2,Under,65.5,UNDER,10.30967774056888,L
2025,2,401754526,Stanford,BYU,3.0,27.0,15.042,38.764,23.723,53.806,True,60.2,Spread,-20.5,HOME,3.2225098558992116,W
2025,2,401754526,Stanford,BYU,3.0,27.0,15.042,38.764,23.723,53.806,True,60.2,Over,43.5,OVER,10.305780796560867,L
2025,2,401754527,North Carolina,Charlotte,20.0,3.0,31.182,21.55,-9.632,52.733,True,60.2,Spread,16.5,HOME,6.868316468947061,L
2025,2,401754527,North Carolina,Charlotte,20.0,3.0,31.182,21.55,-9.632,52.733,True,60.2,Over,49.5,OVER,3.2325623978966433,L
2025,2,401754528,James Madison,Louisville,14.0,28.0,22.572,35.903,13.331,58.475,True,60.2,Spread,-15.5,AWAY,2.168761369930067,W
2025,2,401754528,James Madison,Louisville,14.0,28.0,22.572,35.903,13.331,58.475,True,60.2,Over,56.5,OVER,1.9748095987417855,L
2025,2,401754529,Central Michigan,Pittsburgh,17.0,45.0,9.542,39.537,29.995,49.078,True,63.25,Spread,-21.5,HOME,8.49533812269907,W
2025,2,401754529,Central Michigan,Pittsburgh,17.0,45.0,9.542,39.537,29.995,49.078,True,63.25,Over,48.5,OVER,0.5784688792860635,W
2025,2,401754530,Texas Southern,California,3.0,35.0,3.0,53.603,50.603,56.603,False,60.15,Spread,-44.5,HOME,6.103091989034283,L
2025,2,401754530,Texas Southern,California,3.0,35.0,3.0,53.603,50.603,56.603,False,60.15,Over,54.5,OVER,2.103091989034283,L
2025,2,401754618,UConn,Syracuse,20.0,27.0,28.06,33.795,5.735,61.855,True,60.2,Spread,-7.5,AWAY,1.7654576013835737,W
2025,2,401754618,UConn,Syracuse,20.0,27.0,28.06,33.795,5.735,61.855,True,60.2,Over,57.5,OVER,4.354986880408198,L
2025,2,401754620,Western Carolina,Wake Forest,10.0,42.0,21.878,36.777,14.899,58.655,False,60.15,Spread,-17.5,AWAY,2.600776603308855,L
2025,2,401754620,Western Carolina,Wake Forest,10.0,42.0,21.878,36.777,14.899,58.655,False,60.15,Under,59.5,UNDER,0.844604206158877,W
2025,2,401754621,East Texas AandM,Florida State,3.0,77.0,7.18,38.069,30.889,45.249,False,60.2,Spread,-43.5,AWAY,12.610743532667072,L
2025,2,401754621,East Texas AandM,Florida State,3.0,77.0,7.18,38.069,30.889,45.249,False,60.2,Under,56.5,UNDER,11.251494498331049,L
2025,2,401754622,Gardner-Webb,Georgia Tech,12.0,59.0,19.903,35.585,15.682,55.488,False,60.15,Spread,-37.5,AWAY,21.818082225699833,L
2025,2,401754622,Gardner-Webb,Georgia Tech,12.0,59.0,19.903,35.585,15.682,55.488,False,60.15,Under,58.5,UNDER,3.0122829799968045,L
2025,2,401754637,Troy,Clemson,16.0,27.0,17.739,32.895,15.155,50.634,True,63.25,Spread,-29.5,AWAY,14.344695282502542,W
2025,2,401754637,Troy,Clemson,16.0,27.0,17.739,32.895,15.155,50.634,True,63.25,Under,51.5,UNDER,0.8659907446521657,W
2025,2,401754641,Bethune-Cookman,Miami,3.0,45.0,3.0,60.927,57.927,63.927,False,72.5,Spread,-54.5,HOME,3.4269144216099647,L
2025,2,401754641,Bethune-Cookman,Miami,3.0,45.0,3.0,60.927,57.927,63.927,False,72.5,Under,64.5,UNDER,0.5730855783900353,W
2025,2,401756879,Weber State,Arizona,3.0,48.0,10.989,41.686,30.698,52.675,False,63.25,Spread,-31.5,AWAY,0.8024163576194709,L
2025,2,401756879,Weber State,Arizona,3.0,48.0,10.989,41.686,30.698,52.675,False,63.25,Under,56.5,UNDER,3.8245838159185013,W
2025,2,401756880,Bowling Green,Cincinnati,20.0,34.0,21.571,24.676,3.105,46.247,True,60.15,Spread,-21.5,AWAY,18.39459276797728,W
2025,2,401756880,Bowling Green,Cincinnati,20.0,34.0,21.571,24.676,3.105,46.247,True,60.15,Under,46.5,UNDER,0.25286343494423846,L
2025,2,401756881,Delaware,Colorado,7.0,31.0,17.834,34.561,16.727,52.394,True,60.2,Spread,-23.5,AWAY,6.773031458581414,L
2025,2,401756881,Delaware,Colorado,7.0,31.0,17.834,34.561,16.727,52.394,True,60.2,Over,49.5,OVER,2.8944987054938025,L
2025,2,401756882,Army,Kansas State,24.0,21.0,23.591,27.25,3.659,50.842,True,60.2,Spread,-16.5,AWAY,12.840683557803228,W
2025,2,401756882,Army,Kansas State,24.0,21.0,23.591,27.25,3.659,50.842,True,60.2,Over,48.5,OVER,2.3416719706412508,L
2025,2,401756883,West Virginia,Ohio,10.0,17.0,23.056,29.393,6.337,52.45,True,60.15,Spread,3.5,HOME,9.83736628002788,W
2025,2,401756883,West Virginia,Ohio,10.0,17.0,23.056,29.393,6.337,52.45,True,60.15,Under,58.5,UNDER,6.050485623525866,W
2025,2,401756884,Houston,Rice,35.0,9.0,22.766,18.594,-4.172,41.359,True,63.25,Spread,13.5,HOME,9.328015876719082,L
2025,2,401756884,Houston,Rice,35.0,9.0,22.766,18.594,-4.172,41.359,True,63.25,Over,38.5,OVER,2.8592822475405555,W
2025,2,401756885,Kent State,Texas Tech,14.0,62.0,14.416,42.237,27.821,56.653,True,57.1,Spread,-47.5,AWAY,19.678933624809087,L
2025,2,401756885,Kent State,Texas Tech,14.0,62.0,14.416,42.237,27.821,56.653,True,57.1,Under,59.5,UNDER,2.8471657604360416,L
2025,2,401756886,North Carolina AandT,UCF,7.0,68.0,7.13,45.884,38.753,53.014,False,57.1,Spread,-37.0,HOME,1.7534994493845986,W
2025,2,401756886,North Carolina AandT,UCF,7.0,68.0,7.13,45.884,38.753,53.014,False,57.1,Over,51.5,OVER,1.5139477754796644,W
2025,2,401756887,Cal Poly,Utah,9.0,63.0,3.506,49.013,45.507,52.519,False,60.15,Spread,-42.5,HOME,3.0068234120718387,W
2025,2,401756887,Cal Poly,Utah,9.0,63.0,3.506,49.013,45.507,52.519,False,60.15,Over,52.5,OVER,0.01890636462351125,W
2025,2,401757227,Liberty,Jacksonville State,24.0,34.0,20.958,29.952,8.994,50.91,True,60.15,Spread,6.5,HOME,15.494084768240128,W
2025,2,401757227,Liberty,Jacksonville State,24.0,34.0,20.958,29.952,8.994,50.91,True,60.15,Over,50.5,OVER,0.41024938008434475,W
2025,2,401757228,Missouri State,Marshall,21.0,20.0,20.339,40.895,20.555,61.234,True,63.25,Spread,-7.5,HOME,13.055431557043548,L
2025,2,401757228,Missouri State,Marshall,21.0,20.0,20.339,40.895,20.555,61.234,True,63.25,Over,53.5,OVER,7.734014731046969,L
2025,2,401757229,Tulsa,New Mexico State,14.0,21.0,25.477,31.314,5.837,56.791,True,54.0,Spread,3.5,HOME,9.33658350501926,W
2025,2,401757229,Tulsa,New Mexico State,14.0,21.0,25.477,31.314,5.837,56.791,True,54.0,Over,53.5,OVER,3.291310385313821,L
2025,2,401757230,Sam Houston,Hawai'i,20.0,37.0,21.858,27.01,5.152,48.867,True,69.4,Spread,-7.5,AWAY,2.347759997367554,L
2025,2,401757230,Sam Houston,Hawai'i,20.0,37.0,21.858,27.01,5.152,48.867,True,69.4,Over,48.5,OVER,0.3673132912377923,W
2025,2,401757231,UT Martin,UTEP,17.0,42.0,22.59,22.178,-0.412,44.769,False,60.2,Spread,-7.5,AWAY,7.91205141860987,L
2025,2,401757231,UT Martin,UTEP,17.0,42.0,22.59,22.178,-0.412,44.769,False,60.2,Under,49.5,UNDER,4.731314606116094,L
2025,2,401757232,Western Kentucky,Toledo,21.0,45.0,22.487,29.45,6.964,51.937,True,66.3,Spread,-7.5,AWAY,0.5364828291300796,L
2025,2,401757232,Western Kentucky,Toledo,21.0,45.0,22.487,29.45,6.964,51.937,True,66.3,Under,56.5,UNDER,4.5630386138614725,L
2025,2,401760363,Eastern Washington,Boise State,14.0,51.0,13.18,49.636,36.456,62.816,False,60.15,Spread,-33.5,HOME,2.9557882643420186,W
2025,2,401760363,Eastern Washington,Boise State,14.0,51.0,13.18,49.636,36.456,62.816,False,60.15,Over,60.5,OVER,2.3158709917893248,W
2025,2,401760364,Northern Colorado,Colorado State,17.0,21.0,16.17,36.4,20.23,52.57,False,57.1,Spread,-34.5,AWAY,14.269709337630967,W
2025,2,401760364,Northern Colorado,Colorado State,17.0,21.0,16.17,36.4,20.23,52.57,False,57.1,Over,52.5,OVER,0.06980188979632374,L
2025,2,401760365,Sacramento State,Nevada,17.0,20.0,22.538,31.683,9.145,54.221,False,57.1,Spread,-9.5,AWAY,0.35452705274452967,W
2025,2,401760365,Sacramento State,Nevada,17.0,20.0,22.538,31.683,9.145,54.221,False,57.1,Under,55.5,UNDER,1.2794069575847686,W
2025,2,401760366,Idaho State,New Mexico,22.0,32.0,25.575,39.917,14.342,65.492,False,63.25,Spread,-17.5,AWAY,3.1580930209896394,W
2025,2,401760366,Idaho State,New Mexico,22.0,32.0,25.575,39.917,14.342,65.492,False,63.25,Over,60.5,OVER,4.992407460640948,L
2025,2,401760367,Northern Iowa,Wyoming,7.0,31.0,13.026,35.686,22.66,48.712,False,57.1,Spread,-13.5,HOME,9.159700639968232,W
2025,2,401760367,Northern Iowa,Wyoming,7.0,31.0,13.026,35.686,22.66,48.712,False,57.1,Over,45.5,OVER,3.2117541366549105,L
2025,2,401761596,Lindenwood,App State,13.0,20.0,16.638,39.26,22.622,55.898,False,60.15,Spread,-29.5,AWAY,6.878148803750168,W
2025,2,401761596,Lindenwood,App State,13.0,20.0,16.638,39.26,22.622,55.898,False,60.15,Over,54.5,OVER,1.3977955555258603,L
2025,2,401761597,Charleston Southern,Coastal Carolina,0.0,13.0,11.109,37.038,25.929,48.146,False,63.25,Spread,-27.5,AWAY,1.5708879475595978,W
2025,2,401761597,Charleston Southern,Coastal Carolina,0.0,13.0,11.109,37.038,25.929,48.146,False,63.25,Under,48.5,UNDER,0.35351494188316224,W
2025,2,401761598,Memphis,Georgia State,38.0,16.0,35.185,24.487,-10.698,59.673,True,60.2,Spread,15.5,HOME,4.802202212666401,L
2025,2,401761598,Memphis,Georgia State,38.0,16.0,35.185,24.487,-10.698,59.673,True,60.2,Over,57.5,OVER,2.172513121535218,L
2025,2,401761599,North Carolina Central,Old Dominion,6.0,54.0,7.867,45.397,37.53,53.264,False,60.15,Spread,-21.5,HOME,16.029659737363787,W
2025,2,401761599,North Carolina Central,Old Dominion,6.0,54.0,7.867,45.397,37.53,53.264,False,60.15,Over,48.5,OVER,4.763881778760322,W
2025,2,401761600,McNeese,Louisiana,10.0,34.0,13.305,37.558,24.252,50.863,False,60.15,Spread,-19.5,HOME,4.752477806778444,W
2025,2,401761600,McNeese,Louisiana,10.0,34.0,13.305,37.558,24.252,50.863,False,60.15,Over,49.5,OVER,1.3629901375218765,L
2025,2,401761601,Tulane,South Alabama,33.0,31.0,25.934,28.601,2.667,54.536,True,60.15,Spread,13.5,HOME,16.166805869298855,W
2025,2,401761601,Tulane,South Alabama,33.0,31.0,25.934,28.601,2.667,54.536,True,60.15,Over,51.5,OVER,3.0356735720011727,W
2025,2,401761602,Jackson State,Southern Miss,20.0,38.0,24.2,26.866,2.666,51.066,False,60.15,Spread,-13.5,AWAY,10.834400920072667,L
2025,2,401761602,Jackson State,Southern Miss,20.0,38.0,24.2,26.866,2.666,51.066,False,60.15,Under,52.5,UNDER,1.4344496050577433,L
2025,2,401761603,Texas State,UTSA,43.0,36.0,34.041,30.874,-3.166,64.915,True,66.3,Spread,-4.5,AWAY,7.666440133600087,W
2025,2,401761603,Texas State,UTSA,43.0,36.0,34.041,30.874,-3.166,64.915,True,66.3,Over,64.5,OVER,0.41522138491473015,W
2025,2,401762458,UAB,Navy,24.0,38.0,19.835,40.911,21.075,60.746,True,57.1,Spread,-22.5,AWAY,1.4248087838719101,W
2025,2,401762458,UAB,Navy,24.0,38.0,19.835,40.911,21.075,60.746,True,57.1,Over,58.5,OVER,2.246146520158021,W
2025,2,401762459,Campbell,East Carolina,3.0,56.0,16.03,41.302,25.273,57.332,False,60.15,Spread,-30.5,AWAY,5.227481157297969,L
2025,2,401762459,Campbell,East Carolina,3.0,56.0,16.03,41.302,25.273,57.332,False,60.15,Over,55.5,OVER,1.8315595398234308,W
2025,2,401762460,Florida AandM,Florida Atlantic,14.0,56.0,16.078,34.369,18.291,50.446,False,57.1,Spread,-21.5,AWAY,3.2092919494033367,L
2025,2,401762460,Florida AandM,Florida Atlantic,14.0,56.0,16.078,34.369,18.291,50.446,False,57.1,Under,50.5,UNDER,0.05354961758487775,L
2025,2,401762461,North Texas,Western Michigan,33.0,30.0,28.719,34.253,5.534,62.973,True,63.25,Spread,12.5,HOME,18.034020843895775,W
2025,2,401762461,North Texas,Western Michigan,33.0,30.0,28.719,34.253,5.534,62.973,True,63.25,Over,56.5,OVER,6.472960307684524,W
2025,2,401762462,Howard,Temple,7.0,55.0,13.681,32.904,19.223,46.585,False,57.1,Spread,-27.5,AWAY,8.277186784760467,L
2025,2,401762462,Howard,Temple,7.0,55.0,13.681,32.904,19.223,46.585,False,57.1,Over,45.5,OVER,1.0846831734718734,W
2025,2,401762794,Saint Francis,Buffalo,6.0,45.0,15.235,34.627,19.392,49.862,False,60.2,Spread,-37.5,AWAY,18.107746358225945,L
2025,2,401762794,Saint Francis,Buffalo,6.0,45.0,15.235,34.627,19.392,49.862,False,60.2,Over,48.5,OVER,1.3623786026765643,W
2025,2,401762795,Long Island University,Eastern Michigan,28.0,23.0,14.323,39.526,25.204,53.849,False,60.2,Spread,-21.5,HOME,3.7035810406118976,L
2025,2,401762795,Long Island University,Eastern Michigan,28.0,23.0,14.323,39.526,25.204,53.849,False,60.2,Over,53.5,OVER,0.3492853277900565,L
2025,2,401762816,Bryant,Massachusetts,27.0,26.0,25.847,22.314,-3.533,48.162,False,60.2,Spread,-16.5,AWAY,20.03282596311923,W
2025,2,401762816,Bryant,Massachusetts,27.0,26.0,25.847,22.314,-3.533,48.162,False,60.2,Under,52.5,UNDER,4.338329699229661,L
2025,3,401752696,Wisconsin,Alabama,14.0,38.0,17.044,31.163,14.12,48.207,True,72.5,Spread,-17.5,AWAY,3.380459078905055,L
2025,3,401752696,Wisconsin,Alabama,14.0,38.0,17.044,31.163,14.12,48.207,True,72.5,Over,45.5,OVER,2.706698033276176,W
2025,3,401752697,South Alabama,Auburn,15.0,31.0,19.552,36.175,16.623,55.727,True,63.25,Spread,-26.5,AWAY,9.876604401012141,W
2025,3,401752697,South Alabama,Auburn,15.0,31.0,19.552,36.175,16.623,55.727,True,63.25,Under,56.5,UNDER,0.7725393448204514,W
2025,3,401752698,Eastern Michigan,Kentucky,23.0,48.0,16.433,37.234,20.802,53.667,True,63.25,Spread,-26.5,AWAY,5.698292528678991,W
2025,3,401752698,Eastern Michigan,Kentucky,23.0,48.0,16.433,37.234,20.802,53.667,True,63.25,Over,49.5,OVER,4.167276050617005,W
2025,3,401752699,Florida,LSU,10.0,20.0,24.523,23.593,-0.93,48.116,True,66.35,Spread,-4.5,AWAY,5.430480075129545,L
2025,3,401752699,Florida,LSU,10.0,20.0,24.523,23.593,-0.93,48.116,True,66.35,Over,47.5,OVER,0.616322422020545,L
2025,3,401752700,Arkansas,Ole Miss,35.0,41.0,25.697,35.411,9.714,61.107,True,72.5,Spread,-3.5,HOME,6.2141667691035885,W
2025,3,401752700,Arkansas,Ole Miss,35.0,41.0,25.697,35.411,9.714,61.107,True,72.5,Over,60.5,OVER,0.6074057377167392,W
2025,3,401752701,Alcorn State,Mississippi State,0.0,63.0,8.004,44.074,36.07,52.078,False,63.25,Spread,-42.5,AWAY,6.43004632628552,L
2025,3,401752701,Alcorn State,Mississippi State,0.0,63.0,8.004,44.074,36.07,52.078,False,63.25,Under,56.5,UNDER,4.4218850199653374,L
2025,3,401752702,Louisiana,Missouri,10.0,52.0,12.628,38.231,25.603,50.859,True,66.3,Spread,-27.5,AWAY,1.8968731915802124,L
2025,3,401752702,Louisiana,Missouri,10.0,52.0,12.628,38.231,25.603,50.859,True,66.3,Over,47.5,OVER,3.35859232964485,W
2025,3,401752703,Oklahoma,Temple,42.0,3.0,24.499,22.34,-2.159,46.839,True,63.25,Spread,23.5,HOME,21.34081401961334,L
2025,3,401752703,Oklahoma,Temple,42.0,3.0,24.499,22.34,-2.159,46.839,True,63.25,Under,50.5,UNDER,3.661118110259288,W
2025,3,401752704,Vanderbilt,South Carolina,31.0,7.0,20.274,26.557,6.283,46.832,True,63.25,Spread,-3.0,HOME,3.2825502330677025,L
2025,3,401752704,Vanderbilt,South Carolina,31.0,7.0,20.274,26.557,6.283,46.832,True,63.25,Under,48.5,UNDER,1.6684616469282503,W
2025,3,401752705,Georgia,Tennessee,44.0,41.0,24.834,31.85,7.016,56.684,True,66.3,Spread,3.5,HOME,10.516213209254218,W
2025,3,401752705,Georgia,Tennessee,44.0,41.0,24.834,31.85,7.016,56.684,True,66.3,Over,50.5,OVER,6.183841563785464,W
2025,3,401752706,UTEP,Texas,10.0,27.0,9.046,41.742,32.696,50.787,True,66.35,Spread,-39.5,AWAY,6.804281462055101,W
2025,3,401752706,UTEP,Texas,10.0,27.0,9.046,41.742,32.696,50.787,True,66.35,Under,52.5,UNDER,1.7126523560064726,W
2025,3,401752707,Texas AandM,Notre Dame,41.0,40.0,20.998,32.447,11.449,53.446,True,66.35,Spread,-6.5,HOME,4.948989938615629,L
2025,3,401752707,Texas AandM,Notre Dame,41.0,40.0,20.998,32.447,11.449,53.446,True,66.35,Over,49.5,OVER,3.945668901913912,W
2025,3,401752827,Ohio,Ohio State,9.0,37.0,14.335,35.34,21.006,49.675,True,69.4,Spread,-28.5,AWAY,7.49445329664179,W
2025,3,401752827,Ohio,Ohio State,9.0,37.0,14.335,35.34,21.006,49.675,True,69.4,Over,49.5,OVER,0.17485921598145637,L
2025,3,401752828,Houston Christian,Nebraska,7.0,59.0,4.658,47.931,43.273,52.589,False,63.25,Spread,-48.5,AWAY,5.226789502100736,L
2025,3,401752828,Houston Christian,Nebraska,7.0,59.0,4.658,47.931,43.273,52.589,False,63.25,Under,58.5,UNDER,5.9105767326298135,L
2025,3,401752829,Western Michigan,Illinois,0.0,38.0,20.325,34.802,14.477,55.128,True,69.4,Spread,-27.5,AWAY,13.023265882146632,L
2025,3,401752829,Western Michigan,Illinois,0.0,38.0,20.325,34.802,14.477,55.128,True,69.4,Over,50.5,OVER,4.627617848212779,L
2025,3,401752830,Massachusetts,Iowa,7.0,47.0,11.322,41.125,29.803,52.447,True,63.25,Spread,-35.5,AWAY,5.696933479925466,L
2025,3,401752830,Massachusetts,Iowa,7.0,47.0,11.322,41.125,29.803,52.447,True,63.25,Over,44.5,OVER,7.946962495907854,W
2025,3,401752831,Oregon,Northwestern,34.0,14.0,32.522,20.673,-11.849,53.196,True,72.5,Spread,25.5,HOME,13.651253699916552,W
2025,3,401752831,Oregon,Northwestern,34.0,14.0,32.522,20.673,-11.849,53.196,True,72.5,Over,50.5,OVER,2.695694493826103,L
2025,3,401752832,USC,Purdue,33.0,17.0,37.669,23.355,-14.314,61.024,True,66.35,Spread,20.5,HOME,6.185792611354767,W
2025,3,401752832,USC,Purdue,33.0,17.0,37.669,23.355,-14.314,61.024,True,66.35,Over,59.5,OVER,1.5244929270329024,L
2025,3,401752833,Norfolk State,Rutgers,10.0,60.0,3.076,49.707,46.631,52.783,False,60.15,Spread,-44.5,HOME,2.131300111205661,W
2025,3,401752833,Norfolk State,Rutgers,10.0,60.0,3.076,49.707,46.631,52.783,False,60.15,Under,56.5,UNDER,3.7169305866895783,L
2025,3,401752834,Youngstown State,Michigan State,24.0,41.0,7.533,55.139,47.605,62.672,False,60.15,Spread,-23.5,HOME,24.10515303918558,L
2025,3,401752834,Youngstown State,Michigan State,24.0,41.0,7.533,55.139,47.605,62.672,False,60.15,Over,55.5,OVER,7.171938038890197,W
2025,3,401752835,Villanova,Penn State,6.0,52.0,7.932,43.216,35.283,51.148,False,63.25,Spread,-46.5,AWAY,11.216624755645555,W
2025,3,401752835,Villanova,Penn State,6.0,52.0,7.932,43.216,35.283,51.148,False,63.25,Under,57.5,UNDER,6.3520589858227225,L
2025,3,401752836,Indiana State,Indiana,0.0,73.0,3.0,63.0,60.0,66.0,False,69.4,Spread,-47.5,HOME,12.5,W
2025,3,401752836,Indiana State,Indiana,0.0,73.0,3.0,63.0,60.0,66.0,False,69.4,Over,60.5,OVER,5.5,W
2025,3,401752837,New Mexico,UCLA,35.0,10.0,21.788,31.505,9.718,53.293,True,66.3,Spread,-15.5,AWAY,5.782489857141769,W
2025,3,401752837,New Mexico,UCLA,35.0,10.0,21.788,31.505,9.718,53.293,True,66.3,Over,52.5,OVER,0.7933208595803336,L
2025,3,401752838,Towson,Maryland,17.0,44.0,14.591,33.315,18.724,47.905,False,60.15,Spread,-28.5,AWAY,9.776273483687618,W
2025,3,401752838,Towson,Maryland,17.0,44.0,14.591,33.315,18.724,47.905,False,60.15,Under,53.5,UNDER,5.594658172082475,L
2025,3,401752839,Central Michigan,Michigan,3.0,63.0,12.384,35.458,23.074,47.842,True,72.5,Spread,-27.5,AWAY,4.426415348622655,L
2025,3,401752839,Central Michigan,Michigan,3.0,63.0,12.384,35.458,23.074,47.842,True,72.5,Over,42.5,OVER,5.342098717748996,W
2025,3,401752840,Minnesota,California,14.0,27.0,21.532,21.62,0.088,43.152,True,66.3,Spread,3.0,HOME,3.088238243341955,W
2025,3,401752840,Minnesota,California,14.0,27.0,21.532,21.62,0.088,43.152,True,66.3,Over,41.5,OVER,1.6521455461031138,L
2025,3,401752938,Oregon State,Texas Tech,14.0,45.0,20.071,40.361,20.289,60.432,True,66.3,Spread,-24.5,AWAY,4.210752844120705,L
2025,3,401752938,Oregon State,Texas Tech,14.0,45.0,20.071,40.361,20.289,60.432,True,66.3,Under,61.5,UNDER,1.0681008571900819,W
2025,3,401752949,Washington State,North Texas,10.0,59.0,31.317,33.138,1.822,64.455,True,66.3,Spread,-6.5,AWAY,4.678374093918009,L
2025,3,401752949,Washington State,North Texas,10.0,59.0,31.317,33.138,1.822,64.455,True,66.3,Over,57.5,OVER,6.954633641444687,W
2025,3,401754531,NC State,Wake Forest,34.0,24.0,31.116,24.792,-6.324,55.908,True,69.4,Spread,7.5,HOME,1.176040035975479,L
2025,3,401754531,NC State,Wake Forest,34.0,24.0,31.116,24.792,-6.324,55.908,True,69.4,Over,52.5,OVER,3.4076963358841397,W
2025,3,401754532,Colgate,Syracuse,24.0,66.0,17.791,39.601,21.809,57.392,False,60.15,Spread,-36.5,AWAY,14.69058568514447,L
2025,3,401754532,Colgate,Syracuse,24.0,66.0,17.791,39.601,21.809,57.392,False,60.15,Under,64.5,UNDER,7.107683517064835,L
2025,3,401754533,Boston College,Stanford,20.0,30.0,32.966,18.094,-14.871,51.06,True,63.25,Spread,14.0,AWAY,0.8714602877709936,L
2025,3,401754533,Boston College,Stanford,20.0,30.0,32.966,18.094,-14.871,51.06,True,63.25,Over,44.5,OVER,6.560278831053175,W
2025,3,401754534,Duke,Tulane,27.0,34.0,20.832,34.104,13.272,54.936,True,69.4,Spread,-1.5,HOME,11.771716905815019,W
2025,3,401754534,Duke,Tulane,27.0,34.0,20.832,34.104,13.272,54.936,True,69.4,Over,52.5,OVER,2.435645952126528,W
2025,3,401754535,South Florida,Miami,12.0,49.0,18.251,35.536,17.285,53.787,True,78.65,Spread,-17.5,AWAY,0.2154126071167468,L
2025,3,401754535,South Florida,Miami,12.0,49.0,18.251,35.536,17.285,53.787,True,78.65,Under,56.5,UNDER,2.7127762557261974,L
2025,3,401754536,Old Dominion,Virginia Tech,45.0,26.0,30.326,24.23,-6.096,54.556,True,66.3,Spread,-5.5,AWAY,11.595907096439909,W
2025,3,401754536,Old Dominion,Virginia Tech,45.0,26.0,30.326,24.23,-6.096,54.556,True,66.3,Over,50.5,OVER,4.056254294624466,W
2025,3,401754615,SMU,Missouri State,28.0,10.0,43.407,18.842,-24.565,62.249,True,69.4,Spread,29.5,HOME,4.935179988410425,W
2025,3,401754615,SMU,Missouri State,28.0,10.0,43.407,18.842,-24.565,62.249,True,69.4,Over,60.5,OVER,1.7485602495978583,L
2025,3,401754619,William and Mary,Virginia,16.0,55.0,11.403,44.072,32.668,55.475,False,63.25,Spread,-30.5,HOME,2.168185951192342,W
2025,3,401754619,William and Mary,Virginia,16.0,55.0,11.403,44.072,32.668,55.475,False,63.25,Over,54.5,OVER,0.9748766477901967,W
2025,3,401754623,Clemson,Georgia Tech,21.0,24.0,22.661,31.131,8.469,53.792,True,69.4,Spread,3.0,HOME,11.469476813690896,W
2025,3,401754623,Clemson,Georgia Tech,21.0,24.0,22.661,31.131,8.469,53.792,True,69.4,Over,51.5,OVER,2.292375468802156,L
2025,3,401754638,Pittsburgh,West Virginia,24.0,31.0,26.261,25.838,-0.423,52.099,True,63.25,Spread,7.0,HOME,6.576882221068459,W
2025,3,401754638,Pittsburgh,West Virginia,24.0,31.0,26.261,25.838,-0.423,52.099,True,63.25,Under,55.5,UNDER,3.4014949094542075,W
2025,3,401754639,Richmond,North Carolina,6.0,41.0,17.747,31.758,14.011,49.505,False,60.15,Spread,-24.5,AWAY,10.488718893567047,L
2025,3,401754639,Richmond,North Carolina,6.0,41.0,17.747,31.758,14.011,49.505,False,60.15,Over,47.5,OVER,2.0053186271147325,L
2025,3,401756888,Kansas State,Arizona,17.0,23.0,23.372,25.156,1.784,48.527,True,66.3,Spread,1.5,HOME,3.284469927272724,W
2025,3,401756888,Kansas State,Arizona,17.0,23.0,23.372,25.156,1.784,48.527,True,66.3,Under,55.5,UNDER,6.972527726284419,W
2025,3,401756889,Texas State,Arizona State,15.0,34.0,32.432,29.088,-3.344,61.519,True,69.4,Spread,-18.5,AWAY,21.84404760045274,L
2025,3,401756889,Texas State,Arizona State,15.0,34.0,32.432,29.088,-3.344,61.519,True,69.4,Over,61.5,OVER,0.019225170260909863,L
2025,3,401756890,Iowa State,Arkansas State,24.0,16.0,37.356,20.079,-17.277,57.435,True,66.3,Spread,21.0,HOME,3.723447872035191,W
2025,3,401756890,Iowa State,Arkansas State,24.0,16.0,37.356,20.079,-17.277,57.435,True,66.3,Over,55.5,OVER,1.9351239992626432,L
2025,3,401756891,Samford,Baylor,7.0,42.0,7.767,44.756,36.989,52.523,False,60.15,Spread,-51.5,AWAY,14.51135094541769,W
2025,3,401756891,Samford,Baylor,7.0,42.0,7.767,44.756,36.989,52.523,False,60.15,Under,65.5,UNDER,12.977232665876485,W
2025,3,401756892,Northwestern State,Cincinnati,0.0,70.0,3.0,57.482,54.482,60.482,False,66.35,Spread,-48.5,HOME,5.981997358853619,W
2025,3,401756892,Northwestern State,Cincinnati,0.0,70.0,3.0,57.482,54.482,60.482,False,66.35,Over,55.5,OVER,4.981997358853619,W
2025,3,401756893,Colorado,Houston,20.0,36.0,22.276,22.985,0.709,45.261,True,66.3,Spread,-4.0,AWAY,3.291095480754123,L
2025,3,401756893,Colorado,Houston,20.0,36.0,22.276,22.985,0.709,45.261,True,66.3,Under,45.5,UNDER,0.23902114648939943,L
2025,3,401756894,Abilene Christian,TCU,21.0,42.0,23.481,38.994,15.513,62.475,False,63.25,Spread,-42.5,AWAY,26.987101875748692,W
2025,3,401756894,Abilene Christian,TCU,21.0,42.0,23.481,38.994,15.513,62.475,False,63.25,Over,60.5,OVER,1.9752785554102843,W
2025,3,401756895,Utah,Wyoming,31.0,6.0,35.4,13.606,-21.795,49.006,True,63.25,Spread,24.5,HOME,2.7053735951470763,L
2025,3,401756895,Utah,Wyoming,31.0,6.0,35.4,13.606,-21.795,49.006,True,63.25,Over,47.5,OVER,1.5060240422417621,L
2025,3,401757168,UConn,Delaware,41.0,44.0,27.712,26.256,-1.455,53.968,True,66.3,Spread,8.5,HOME,7.044951421484079,W
2025,3,401757168,UConn,Delaware,41.0,44.0,27.712,26.256,-1.455,53.968,True,66.3,Over,52.5,OVER,1.467968978743528,W
2025,3,401757233,Florida Atlantic,Florida International,28.0,38.0,25.792,30.729,4.937,56.521,True,63.25,Spread,-2.5,HOME,2.437357818998187,W
2025,3,401757233,Florida Atlantic,Florida International,28.0,38.0,25.792,30.729,4.937,56.521,True,63.25,Over,56.5,OVER,0.021296874104223207,W
2025,3,401757234,Jacksonville State,Georgia Southern,34.0,41.0,31.892,26.501,-5.391,58.393,True,72.5,Spread,-3.0,AWAY,8.390910998885161,L
2025,3,401757234,Jacksonville State,Georgia Southern,34.0,41.0,31.892,26.501,-5.391,58.393,True,72.5,Under,58.5,UNDER,0.10698843906848055,L
2025,3,401757235,Merrimack,Kennesaw State,13.0,27.0,13.798,31.34,17.541,45.138,False,66.35,Spread,-17.5,HOME,0.04140002339374149,L
2025,3,401757235,Merrimack,Kennesaw State,13.0,27.0,13.798,31.34,17.541,45.138,False,66.35,Over,44.5,OVER,0.6378395664715839,L
2025,3,401757256,Liberty,Bowling Green,13.0,23.0,20.648,27.302,6.654,47.95,True,60.2,Spread,6.0,HOME,12.654299200842907,W
2025,3,401757256,Liberty,Bowling Green,13.0,23.0,20.648,27.302,6.654,47.95,True,60.2,Under,51.5,UNDER,3.5499573471286965,W
2025,3,401757257,New Mexico State,Louisiana Tech,14.0,49.0,17.959,25.941,7.982,43.9,True,63.25,Spread,-10.0,AWAY,2.0179250730877243,L
2025,3,401757257,New Mexico State,Louisiana Tech,14.0,49.0,17.959,25.941,7.982,43.9,True,63.25,Over,42.5,OVER,1.399826240208455,W
2025,3,401757258,Middle Tennessee,Nevada,14.0,13.0,17.996,33.966,15.97,51.963,True,60.2,Spread,-9.5,HOME,6.470274300621373,L
2025,3,401757258,Middle Tennessee,Nevada,14.0,13.0,17.996,33.966,15.97,51.963,True,60.2,Over,49.5,OVER,2.462567262544688,L
2025,3,401760368,Air Force,Utah State,30.0,49.0,23.12,27.71,4.59,50.831,True,63.25,Spread,4.0,HOME,8.590203634687786,W
2025,3,401760368,Air Force,Utah State,30.0,49.0,23.12,27.71,4.59,50.831,True,63.25,Under,51.5,UNDER,0.6692658326862997,L
2025,3,401760369,Southern,Fresno State,7.0,56.0,21.365,30.622,9.258,51.987,False,66.35,Spread,-37.5,AWAY,28.242292608399353,L
2025,3,401760369,Southern,Fresno State,7.0,56.0,21.365,30.622,9.258,51.987,False,66.35,Over,51.5,OVER,0.48678832833202534,W
2025,3,401760370,Portland State,Hawai'i,3.0,23.0,15.421,44.495,29.074,59.916,False,69.45,Spread,-35.5,AWAY,6.426420749479874,W
2025,3,401760370,Portland State,Hawai'i,3.0,23.0,15.421,44.495,29.074,59.916,False,69.45,Over,54.5,OVER,5.415960642599437,L
2025,3,401761604,East Carolina,Coastal Carolina,38.0,0.0,33.012,21.788,-11.224,54.8,True,66.3,Spread,7.0,AWAY,4.223881871204792,W
2025,3,401761604,East Carolina,Coastal Carolina,38.0,0.0,33.012,21.788,-11.224,54.8,True,66.3,Under,57.5,UNDER,2.699561913367198,W
2025,3,401761605,Murray State,Georgia State,21.0,37.0,21.205,41.223,20.018,62.429,False,60.15,Spread,-31.5,AWAY,11.481943079231439,W
2025,3,401761605,Murray State,Georgia State,21.0,37.0,21.205,41.223,20.018,62.429,False,60.15,Under,63.5,UNDER,1.0713414528282215,W
2025,3,401761606,Eastern Kentucky,Marshall,7.0,38.0,11.167,41.2,30.033,52.368,False,63.25,Spread,-14.5,HOME,15.533347677062945,W
2025,3,401761606,Eastern Kentucky,Marshall,7.0,38.0,11.167,41.2,30.033,52.368,False,63.25,Over,49.5,OVER,2.867532571032754,L
2025,3,401761607,App State,Southern Miss,22.0,38.0,26.504,25.317,-1.187,51.822,True,66.3,Spread,3.0,HOME,1.8126732320311234,W
2025,3,401761607,App State,Southern Miss,22.0,38.0,26.504,25.317,-1.187,51.822,True,66.3,Under,55.5,UNDER,3.6783993657301153,L
2025,3,401761608,Memphis,Troy,28.0,7.0,26.915,22.982,-3.934,49.897,True,66.3,Spread,4.5,HOME,0.5663049104783084,L
2025,3,401761608,Memphis,Troy,28.0,7.0,26.915,22.982,-3.934,49.897,True,66.3,Under,51.5,UNDER,1.6032457465245784,W
2025,3,401762463,Akron,UAB,28.0,31.0,17.665,40.253,22.589,57.918,True,63.25,Spread,-12.5,HOME,10.088545387273967,L
2025,3,401762463,Akron,UAB,28.0,31.0,17.665,40.253,22.589,57.918,True,63.25,Under,58.5,UNDER,0.5815674204807877,L
2025,3,401762464,Monmouth,Charlotte,35.0,42.0,38.093,24.564,-13.528,62.657,False,60.15,Spread,-3.0,AWAY,16.528173574445674,L
2025,3,401762464,Monmouth,Charlotte,35.0,42.0,38.093,24.564,-13.528,62.657,False,60.15,Under,66.5,UNDER,3.8428475406454794,L
2025,3,401762465,Navy,Tulsa,42.0,23.0,40.62,17.919,-22.701,58.539,True,63.25,Spread,14.0,AWAY,8.700713706393984,W
2025,3,401762465,Navy,Tulsa,42.0,23.0,40.62,17.919,-22.701,58.539,True,63.25,Over,52.5,OVER,6.03905826847749,W
2025,3,401762466,Prairie View AandM,Rice,17.0,38.0,7.62,35.206,27.586,42.827,False,63.25,Spread,-29.5,AWAY,1.9141612315138055,W
2025,3,401762466,Prairie View AandM,Rice,17.0,38.0,7.62,35.206,27.586,42.827,False,63.25,Under,48.5,UNDER,5.673418451145395,L
2025,3,401762467,Incarnate Word,UTSA,20.0,48.0,22.243,36.559,14.316,58.802,False,63.25,Spread,-21.0,AWAY,6.683607438393338,L
2025,3,401762467,Incarnate Word,UTSA,20.0,48.0,22.243,36.559,14.316,58.802,False,63.25,Under,62.5,UNDER,3.698339499861241,L
2025,3,401762817,Buffalo,Kent State,31.0,28.0,35.829,14.832,-20.997,50.661,True,60.2,Spread,23.5,HOME,2.503138261764601,W
2025,3,401762817,Buffalo,Kent State,31.0,28.0,35.829,14.832,-20.997,50.661,True,60.2,Over,48.5,OVER,2.1611628866726136,W
2025,3,401762818,New Hampshire,Ball State,29.0,34.0,10.94,37.403,26.463,48.343,False,60.15,Spread,-3.0,HOME,23.462588213304386,W
2025,3,401762818,New Hampshire,Ball State,29.0,34.0,10.94,37.403,26.463,48.343,False,60.15,Over,46.5,OVER,1.8431365894846508,W
2025,3,401762819,Morgan State,Toledo,0.0,60.0,14.02,31.412,17.392,45.432,False,66.35,Spread,-33.5,AWAY,16.10793712132576,L
2025,3,401762819,Morgan State,Toledo,0.0,60.0,14.02,31.412,17.392,45.432,False,66.35,Under,54.5,UNDER,9.067937962588786,L
2025,4,401752708,Arkansas,Memphis,31.0,32.0,32.593,26.257,-6.336,58.849,True,69.4,Spread,7.0,HOME,0.663906082678082,W
2025,4,401752708,Arkansas,Memphis,31.0,32.0,32.593,26.257,-6.336,58.849,True,69.4,Under,59.5,UNDER,0.6508922284986056,L
2025,4,401752709,Florida,Miami,7.0,26.0,18.732,33.583,14.851,52.315,True,78.65,Spread,-8.5,HOME,6.350937296840122,W
2025,4,401752709,Florida,Miami,7.0,26.0,18.732,33.583,14.851,52.315,True,78.65,Over,51.5,OVER,0.8149216172649076,L
2025,4,401752710,SE Louisiana,LSU,10.0,56.0,3.0,50.181,47.181,53.181,False,69.45,Spread,-48.5,AWAY,1.3194175367321606,W
2025,4,401752710,SE Louisiana,LSU,10.0,56.0,3.0,50.181,47.181,53.181,False,69.45,Under,60.5,UNDER,7.319417536732161,L
2025,4,401752711,Tulane,Ole Miss,10.0,45.0,18.784,40.031,21.246,58.815,True,84.85,Spread,-12.5,HOME,8.746341706159782,W
2025,4,401752711,Tulane,Ole Miss,10.0,45.0,18.784,40.031,21.246,58.815,True,84.85,Under,61.5,UNDER,2.685104091185252,W
2025,4,401752712,Northern Illinois,Mississippi State,10.0,38.0,20.807,27.284,6.478,48.091,True,66.35,Spread,-23.5,AWAY,17.022256638552932,L
2025,4,401752712,Northern Illinois,Mississippi State,10.0,38.0,20.807,27.284,6.478,48.091,True,66.35,Under,48.5,UNDER,0.40893786649067465,W
2025,4,401752713,South Carolina,Missouri,20.0,29.0,16.254,31.795,15.541,48.05,True,69.4,Spread,-10.0,HOME,5.54097344053482,L
2025,4,401752713,South Carolina,Missouri,20.0,29.0,16.254,31.795,15.541,48.05,True,69.4,Under,48.5,UNDER,0.45025464237957635,L
2025,4,401752714,Auburn,Oklahoma,17.0,24.0,19.61,25.492,5.881,45.102,True,72.5,Spread,-6.5,AWAY,0.6187952255854743,L
2025,4,401752714,Auburn,Oklahoma,17.0,24.0,19.61,25.492,5.881,45.102,True,72.5,Under,47.5,UNDER,2.3978562690057927,W
2025,4,401752715,UAB,Tennessee,24.0,56.0,15.665,47.703,32.039,63.368,True,69.4,Spread,-39.5,AWAY,7.461474543833546,W
2025,4,401752715,UAB,Tennessee,24.0,56.0,15.665,47.703,32.039,63.368,True,69.4,Under,69.5,UNDER,6.132257227212179,L
2025,4,401752716,Georgia State,Vanderbilt,21.0,70.0,15.332,43.342,28.011,58.674,True,69.4,Spread,-27.5,HOME,0.510541724030773,W
2025,4,401752716,Georgia State,Vanderbilt,21.0,70.0,15.332,43.342,28.011,58.674,True,69.4,Over,53.5,OVER,5.173964648221677,W
2025,4,401752723,Sam Houston,Texas,0.0,55.0,8.28,39.841,31.561,48.121,True,75.6,Spread,-39.5,AWAY,7.938996058208943,L
2025,4,401752723,Sam Houston,Texas,0.0,55.0,8.28,39.841,31.561,48.121,True,75.6,Under,51.5,UNDER,3.37922805860795,L
2025,4,401752841,Oregon State,Oregon,7.0,41.0,12.397,46.667,34.27,59.064,True,78.65,Spread,-33.5,HOME,0.7702514718921236,W
2025,4,401752841,Oregon State,Oregon,7.0,41.0,12.397,46.667,34.27,59.064,True,78.65,Over,58.5,OVER,0.5641343407144959,L
2025,4,401752842,Washington,Washington State,59.0,24.0,29.287,25.874,-3.413,55.161,True,69.4,Spread,-21.0,AWAY,24.412801389217805,W
2025,4,401752842,Washington,Washington State,59.0,24.0,29.287,25.874,-3.413,55.161,True,69.4,Over,51.5,OVER,3.6611548539343275,W
2025,4,401752843,Illinois,Indiana,10.0,63.0,19.902,34.265,14.363,54.167,True,78.65,Spread,-7.0,HOME,7.362677718271158,W
2025,4,401752843,Illinois,Indiana,10.0,63.0,19.902,34.265,14.363,54.167,True,78.65,Over,51.5,OVER,2.666676577877105,W
2025,4,401752844,Iowa,Rutgers,38.0,28.0,23.483,26.117,2.634,49.6,True,69.4,Spread,2.5,HOME,5.134382128416142,L
2025,4,401752844,Iowa,Rutgers,38.0,28.0,23.483,26.117,2.634,49.6,True,69.4,Over,46.5,OVER,3.1003662940287597,W
2025,4,401752845,Maryland,Wisconsin,27.0,10.0,22.293,23.619,1.326,45.912,True,69.4,Spread,-10.5,AWAY,9.174024352525791,W
2025,4,401752845,Maryland,Wisconsin,27.0,10.0,22.293,23.619,1.326,45.912,True,69.4,Over,44.5,OVER,1.411595955204568,L
2025,4,401752846,Michigan,Nebraska,30.0,27.0,22.872,28.633,5.762,51.505,True,75.6,Spread,1.5,HOME,7.261809685389316,L
2025,4,401752846,Michigan,Nebraska,30.0,27.0,22.872,28.633,5.762,51.505,True,75.6,Over,47.5,OVER,4.004851715922655,W
2025,4,401752847,Michigan State,USC,31.0,45.0,20.357,38.798,18.441,59.155,True,72.5,Spread,-18.5,AWAY,0.058752455744880194,W
2025,4,401752847,Michigan State,USC,31.0,45.0,20.357,38.798,18.441,59.155,True,72.5,Over,55.5,OVER,3.6553960887216306,W
2025,4,401752848,Purdue,Notre Dame,30.0,56.0,14.401,41.395,26.994,55.797,True,66.3,Spread,-24.5,HOME,2.494002328702539,W
2025,4,401752848,Purdue,Notre Dame,30.0,56.0,14.401,41.395,26.994,55.797,True,66.3,Over,51.5,OVER,4.2966263430746565,W
2025,4,401754537,Syracuse,Clemson,34.0,21.0,24.67,31.521,6.851,56.19,True,72.5,Spread,-17.5,AWAY,10.649239143874212,W
2025,4,401754537,Syracuse,Clemson,34.0,21.0,24.67,31.521,6.851,56.19,True,72.5,Over,53.5,OVER,2.6904988320295544,W
2025,4,401754538,NC State,Duke,33.0,45.0,28.892,26.987,-1.906,55.879,True,75.6,Spread,-3.0,AWAY,4.905504113987021,L
2025,4,401754538,NC State,Duke,33.0,45.0,28.892,26.987,-1.906,55.879,True,75.6,Under,57.5,UNDER,1.6214791919518774,L
2025,4,401754539,Stanford,Virginia,20.0,48.0,16.214,35.753,19.539,51.967,True,72.5,Spread,-16.5,HOME,3.039467056341678,W
2025,4,401754539,Stanford,Virginia,20.0,48.0,16.214,35.753,19.539,51.967,True,72.5,Over,48.5,OVER,3.467150278561242,W
2025,4,401754540,California,San Diego State,0.0,34.0,27.164,22.996,-4.168,50.16,True,69.4,Spread,14.0,HOME,9.832007217457658,W
2025,4,401754540,California,San Diego State,0.0,34.0,27.164,22.996,-4.168,50.16,True,69.4,Over,47.5,OVER,2.6603288234793965,L
2025,4,401754541,Kent State,Florida State,10.0,66.0,7.728,43.155,35.427,50.883,True,63.25,Spread,-44.5,AWAY,9.07253719580342,L
2025,4,401754541,Kent State,Florida State,10.0,66.0,7.728,43.155,35.427,50.883,True,63.25,Under,56.5,UNDER,5.617000860197734,L
2025,4,401754542,Temple,Georgia Tech,24.0,45.0,16.251,39.76,23.509,56.011,True,69.4,Spread,-24.5,AWAY,0.990507433915436,W
2025,4,401754542,Temple,Georgia Tech,24.0,45.0,16.251,39.76,23.509,56.011,True,69.4,Over,52.5,OVER,3.510862572917219,W
2025,4,401754617,Wofford,Virginia Tech,6.0,38.0,13.694,39.896,26.202,53.59,False,63.25,Spread,-34.5,AWAY,8.297833551014044,W
2025,4,401754617,Wofford,Virginia Tech,6.0,38.0,13.694,39.896,26.202,53.59,False,63.25,Over,51.5,OVER,2.0900383837061156,L
2025,4,401754636,SMU,TCU,24.0,35.0,26.317,30.598,4.281,56.915,True,69.4,Spread,-6.5,AWAY,2.2187364628136663,L
2025,4,401754636,SMU,TCU,24.0,35.0,26.317,30.598,4.281,56.915,True,69.4,Under,63.5,UNDER,6.585305592461815,W
2025,4,401754640,North Carolina,UCF,9.0,34.0,17.925,35.222,17.297,53.147,True,63.25,Spread,-7.0,HOME,10.29696977662923,W
2025,4,401754640,North Carolina,UCF,9.0,34.0,17.925,35.222,17.297,53.147,True,63.25,Over,46.5,OVER,6.646590465642305,L
2025,4,401754642,Bowling Green,Louisville,17.0,40.0,13.742,35.173,21.432,48.915,True,66.3,Spread,-26.5,AWAY,5.068406428187053,W
2025,4,401754642,Bowling Green,Louisville,17.0,40.0,13.742,35.173,21.432,48.915,True,66.3,Under,50.5,UNDER,1.5852863179148002,L
2025,4,401756896,Arizona State,Baylor,27.0,24.0,26.806,31.358,4.552,58.164,True,69.4,Spread,-3.0,HOME,1.5522054362348285,L
2025,4,401756896,Arizona State,Baylor,27.0,24.0,26.806,31.358,4.552,58.164,True,69.4,Under,60.5,UNDER,2.3361336927783682,W
2025,4,401756897,Wyoming,Colorado,20.0,37.0,15.024,33.94,18.916,48.964,True,69.4,Spread,-12.5,HOME,6.4159550590081125,W
2025,4,401756897,Wyoming,Colorado,20.0,37.0,15.024,33.94,18.916,48.964,True,69.4,Over,45.5,OVER,3.464395533931871,W
2025,4,401756898,BYU,East Carolina,34.0,13.0,26.931,24.181,-2.75,51.112,True,69.4,Spread,6.5,HOME,3.749565766051518,L
2025,4,401756898,BYU,East Carolina,34.0,13.0,26.931,24.181,-2.75,51.112,True,69.4,Over,49.5,OVER,1.6123151117693055,L
2025,4,401756899,West Virginia,Kansas,10.0,41.0,20.862,34.789,13.927,55.651,True,66.3,Spread,-12.5,HOME,1.4265096736603482,W
2025,4,401756899,West Virginia,Kansas,10.0,41.0,20.862,34.789,13.927,55.651,True,66.3,Over,54.5,OVER,1.1506216391585014,L
2025,4,401756900,Tulsa,Oklahoma State,19.0,12.0,26.431,34.267,7.836,60.698,True,63.25,Spread,-10.0,AWAY,2.1643877382115733,W
2025,4,401756900,Tulsa,Oklahoma State,19.0,12.0,26.431,34.267,7.836,60.698,True,63.25,Over,54.5,OVER,6.197935316978857,L
2025,4,401756901,Texas Tech,Utah,34.0,10.0,22.771,33.971,11.2,56.741,True,72.5,Spread,-3.5,HOME,7.700032759774739,L
2025,4,401756901,Texas Tech,Utah,34.0,10.0,22.771,33.971,11.2,56.741,True,72.5,Under,58.5,UNDER,1.7588464966305182,W
2025,4,401757169,Ball State,UConn,25.0,31.0,19.913,38.91,18.997,58.824,True,69.4,Spread,-21.0,AWAY,2.0028848439212545,W
2025,4,401757169,Ball State,UConn,25.0,31.0,19.913,38.91,18.997,58.824,True,69.4,Over,53.5,OVER,5.323506218312161,W
2025,4,401757259,Delaware,Florida International,38.0,16.0,25.337,29.351,4.014,54.688,True,72.5,Spread,-4.0,HOME,0.01420146741808992,L
2025,4,401757259,Delaware,Florida International,38.0,16.0,25.337,29.351,4.014,54.688,True,72.5,Over,54.5,OVER,0.18846635610102425,L
2025,4,401757260,Murray State,Jacksonville State,10.0,45.0,15.171,44.717,29.545,59.888,False,69.45,Spread,-35.5,AWAY,5.9547089437364065,W
2025,4,401757260,Murray State,Jacksonville State,10.0,45.0,15.171,44.717,29.545,59.888,False,69.45,Under,60.5,UNDER,0.6120229229077125,W
2025,4,401757261,Arkansas State,Kennesaw State,21.0,28.0,27.768,24.605,-3.163,52.373,True,72.5,Spread,4.5,HOME,1.3374189887797812,W
2025,4,401757261,Arkansas State,Kennesaw State,21.0,28.0,27.768,24.605,-3.163,52.373,True,72.5,Under,57.5,UNDER,5.126857234905238,W
2025,4,401757262,James Madison,Liberty,31.0,13.0,30.555,23.392,-7.163,53.947,True,66.3,Spread,7.5,HOME,0.33669114553148205,L
2025,4,401757262,James Madison,Liberty,31.0,13.0,30.555,23.392,-7.163,53.947,True,66.3,Over,46.5,OVER,7.447161014975649,L
2025,4,401757263,Southern Miss,Louisiana Tech,20.0,30.0,14.429,34.38,19.951,48.809,True,72.5,Spread,-3.0,HOME,16.951241010241787,W
2025,4,401757263,Southern Miss,Louisiana Tech,20.0,30.0,14.429,34.38,19.951,48.809,True,72.5,Under,51.5,UNDER,2.6913598842196933,W
2025,4,401757264,Marshall,Middle Tennessee,42.0,28.0,31.972,18.664,-13.308,50.636,True,66.3,Spread,2.5,AWAY,10.807690160413628,W
2025,4,401757264,Marshall,Middle Tennessee,42.0,28.0,31.972,18.664,-13.308,50.636,True,66.3,Over,46.5,OVER,4.1355246974553665,W
2025,4,401757265,UT Martin,Missouri State,10.0,42.0,23.373,32.427,9.055,55.8,False,72.5,Spread,-14.5,AWAY,5.445349277671628,L
2025,4,401757265,UT Martin,Missouri State,10.0,42.0,23.373,32.427,9.055,55.8,False,72.5,Over,55.5,OVER,0.2997057412061537,L
2025,4,401757267,UL Monroe,UTEP,31.0,25.0,21.794,29.38,7.586,51.174,True,63.25,Spread,-5.5,HOME,2.0861223556834076,L
2025,4,401757267,UL Monroe,UTEP,31.0,25.0,21.794,29.38,7.586,51.174,True,63.25,Over,47.5,OVER,3.6736522808759062,W
2025,4,401757268,Nevada,Western Kentucky,16.0,31.0,20.143,34.675,14.532,54.817,True,69.4,Spread,-8.5,HOME,6.032295531023276,W
2025,4,401757268,Nevada,Western Kentucky,16.0,31.0,20.143,34.675,14.532,54.817,True,69.4,Over,54.5,OVER,0.3173781135669529,L
2025,4,401760372,Boise State,Air Force,49.0,37.0,26.463,24.952,-1.511,51.415,True,63.25,Spread,10.5,HOME,8.988836238986998,L
2025,4,401760372,Boise State,Air Force,49.0,37.0,26.463,24.952,-1.511,51.415,True,63.25,Under,51.5,UNDER,0.08494984798080196,L
2025,4,401760373,UTSA,Colorado State,17.0,16.0,30.912,26.164,-4.748,57.076,True,66.35,Spread,4.5,AWAY,0.24818035866896793,L
2025,4,401760373,UTSA,Colorado State,17.0,16.0,30.912,26.164,-4.748,57.076,True,66.35,Under,58.5,UNDER,1.4238165349950123,W
2025,4,401760374,Fresno State,Hawai'i,23.0,21.0,23.928,23.497,-0.431,47.425,True,78.7,Spread,2.5,HOME,2.0694828175256035,W
2025,4,401760374,Fresno State,Hawai'i,23.0,21.0,23.928,23.497,-0.431,47.425,True,78.7,Under,47.5,UNDER,0.07473262555724602,W
2025,4,401760375,Idaho,San José State,28.0,31.0,27.885,21.094,-6.79,48.979,False,63.25,Spread,-14.0,AWAY,20.79016886477511,W
2025,4,401760375,Idaho,San José State,28.0,31.0,27.885,21.094,-6.79,48.979,False,63.25,Under,51.5,UNDER,2.5211107475290646,L
2025,4,401760376,UNLV,Miami (OH),41.0,38.0,25.426,21.346,-4.081,46.772,True,72.5,Spread,2.5,AWAY,1.5805606448788936,W
2025,4,401760376,UNLV,Miami (OH),41.0,38.0,25.426,21.346,-4.081,46.772,True,72.5,Under,49.5,UNDER,2.727906926882355,L
2025,4,401760377,McNeese,Utah State,7.0,48.0,16.122,43.36,27.238,59.482,False,69.45,Spread,-24.5,HOME,2.7380152122442496,W
2025,4,401760377,McNeese,Utah State,7.0,48.0,16.122,43.36,27.238,59.482,False,69.45,Under,63.5,UNDER,4.0183788792668835,W
2025,4,401761609,Maine,Georgia Southern,17.0,45.0,16.441,43.782,27.341,60.223,False,69.45,Spread,-23.5,HOME,3.840576218970881,W
2025,4,401761609,Maine,Georgia Southern,17.0,45.0,16.441,43.782,27.341,60.223,False,69.45,Over,57.5,OVER,2.7225450457800022,W
2025,4,401761610,Louisiana,Eastern Michigan,31.0,34.0,26.503,28.06,1.557,54.562,True,69.4,Spread,2.5,HOME,4.057348585180716,W
2025,4,401761610,Louisiana,Eastern Michigan,31.0,34.0,26.503,28.06,1.557,54.562,True,69.4,Over,51.5,OVER,3.0624904727773554,W
2025,4,401761611,Coastal Carolina,South Alabama,38.0,20.0,19.497,36.089,16.592,55.586,True,69.4,Spread,-14.5,HOME,2.092453856139887,L
2025,4,401761611,Coastal Carolina,South Alabama,38.0,20.0,19.497,36.089,16.592,55.586,True,69.4,Over,51.5,OVER,4.08635407707245,W
2025,4,401761612,Nicholls,Texas State,3.0,35.0,15.685,41.078,25.393,56.763,False,69.45,Spread,-32.5,AWAY,7.1067334944102925,W
2025,4,401761612,Nicholls,Texas State,3.0,35.0,15.685,41.078,25.393,56.763,False,69.45,Under,57.5,UNDER,0.7368680902583833,W
2025,4,401761613,Troy,Buffalo,21.0,17.0,20.234,26.902,6.668,47.136,True,69.4,Spread,-5.5,HOME,1.168465299180184,L
2025,4,401761613,Troy,Buffalo,21.0,17.0,20.234,26.902,6.668,47.136,True,69.4,Over,43.5,OVER,3.6356929994758147,L
2025,4,401762468,Rice,Charlotte,28.0,17.0,27.235,20.46,-6.775,47.696,True,69.4,Spread,1.5,AWAY,5.274962540748369,W
2025,4,401762468,Rice,Charlotte,28.0,17.0,27.235,20.46,-6.775,47.696,True,69.4,Over,42.5,OVER,5.195638761802847,W
2025,4,401762469,North Texas,Army,45.0,38.0,27.17,31.446,4.276,58.616,True,69.4,Spread,2.5,HOME,6.776386994528153,L
2025,4,401762469,North Texas,Army,45.0,38.0,27.17,31.446,4.276,58.616,True,69.4,Over,50.5,OVER,8.116084324277757,W
2025,4,401762470,South Carolina State,South Florida,14.0,63.0,11.919,40.826,28.907,52.746,False,69.45,Spread,-36.5,AWAY,7.593070110155317,L
2025,4,401762470,South Carolina State,South Florida,14.0,63.0,11.919,40.826,28.907,52.746,False,69.45,Under,58.5,UNDER,5.7542653088954125,L
2025,4,401762820,Toledo,Western Michigan,13.0,14.0,26.991,23.812,-3.179,50.803,True,75.6,Spread,13.5,HOME,10.320998078964926,W
2025,4,401762820,Toledo,Western Michigan,13.0,14.0,26.991,23.812,-3.179,50.803,True,75.6,Over,48.5,OVER,2.302545920594895,L
2025,4,401762821,Duquesne,Akron,7.0,51.0,13.341,38.601,25.26,51.941,False,66.35,Spread,-10.5,HOME,14.75972076167119,W
2025,4,401762821,Duquesne,Akron,7.0,51.0,13.341,38.601,25.26,51.941,False,66.35,Over,51.5,OVER,0.4413522867289572,W
2025,4,401762822,Wagner,Central Michigan,10.0,49.0,15.148,34.097,18.949,49.246,False,69.45,Spread,-29.5,AWAY,10.550960316595216,L
2025,4,401762822,Wagner,Central Michigan,10.0,49.0,15.148,34.097,18.949,49.246,False,69.45,Over,46.5,OVER,2.7456465498577884,W
2025,4,401762823,Gardner-Webb,Ohio,35.0,52.0,15.947,35.098,19.15,51.045,False,69.45,Spread,-30.5,AWAY,11.349589397839246,W
2025,4,401762823,Gardner-Webb,Ohio,35.0,52.0,15.947,35.098,19.15,51.045,False,69.45,Under,55.5,UNDER,4.455202318783307,L
2025,5,401752717,Notre Dame,Arkansas,56.0,13.0,31.28,29.251,-2.03,60.531,True,72.5,Spread,5.5,HOME,3.470344164951115,L
2025,5,401752717,Notre Dame,Arkansas,56.0,13.0,31.28,29.251,-2.03,60.531,True,72.5,Under,64.5,UNDER,3.968728329890766,L
2025,5,401752718,Alabama,Georgia,24.0,21.0,22.871,29.83,6.959,52.701,True,78.65,Spread,-2.5,HOME,4.458514018625692,L
2025,5,401752718,Alabama,Georgia,24.0,21.0,22.871,29.83,6.959,52.701,True,78.65,Under,53.5,UNDER,0.7988527255322921,W
2025,5,401752719,LSU,Ole Miss,19.0,24.0,20.422,34.543,14.121,54.965,True,85.35,Spread,-2.5,HOME,11.620908947677773,W
2025,5,401752719,LSU,Ole Miss,19.0,24.0,20.422,34.543,14.121,54.965,True,85.35,Under,57.5,UNDER,2.535163469776407,W
2025,5,401752720,Tennessee,Mississippi State,41.0,34.0,33.347,25.438,-7.909,58.784,True,78.7,Spread,7.5,AWAY,0.4089026731132037,L
2025,5,401752720,Tennessee,Mississippi State,41.0,34.0,33.347,25.438,-7.909,58.784,True,78.7,Under,63.5,UNDER,4.715583623873506,L
2025,5,401752721,Massachusetts,Missouri,6.0,42.0,6.927,47.694,40.767,54.621,True,72.5,Spread,-44.5,AWAY,3.733107003433858,W
2025,5,401752721,Massachusetts,Missouri,6.0,42.0,6.927,47.694,40.767,54.621,True,72.5,Under,57.5,UNDER,2.878771435198601,W
2025,5,401752722,Kentucky,South Carolina,13.0,35.0,20.776,25.155,4.379,45.931,True,72.5,Spread,-5.5,AWAY,1.1212792381536403,L
2025,5,401752722,Kentucky,South Carolina,13.0,35.0,20.776,25.155,4.379,45.931,True,72.5,Under,46.5,UNDER,0.5693558297198393,L
2025,5,401752724,Auburn,Texas AandM,10.0,16.0,20.94,30.539,9.599,51.479,True,78.7,Spread,-6.5,HOME,3.098716566902503,L
2025,5,401752724,Auburn,Texas AandM,10.0,16.0,20.94,30.539,9.599,51.479,True,78.7,Under,51.5,UNDER,0.021257548141953464,W
2025,5,401752725,Utah State,Vanderbilt,35.0,55.0,18.602,41.982,23.381,60.584,True,78.7,Spread,-23.5,AWAY,0.11941704366179806,W
2025,5,401752725,Utah State,Vanderbilt,35.0,55.0,18.602,41.982,23.381,60.584,True,78.7,Over,57.5,OVER,3.0837821013361335,W
2025,5,401752849,Rutgers,Minnesota,28.0,31.0,22.038,25.607,3.569,47.645,True,72.5,Spread,-3.5,HOME,0.06896362852922522,L
2025,5,401752849,Rutgers,Minnesota,28.0,31.0,22.038,25.607,3.569,47.645,True,72.5,Under,51.5,UNDER,3.8551412273617274,L
2025,5,401752850,USC,Illinois,32.0,34.0,28.886,29.399,0.512,58.285,True,81.75,Spread,6.5,HOME,7.012308072994458,W
2025,5,401752850,USC,Illinois,32.0,34.0,28.886,29.399,0.512,58.285,True,81.75,Under,62.5,UNDER,4.215081303020142,L
2025,5,401752851,UCLA,Northwestern,14.0,17.0,17.323,30.693,13.371,48.016,True,72.5,Spread,-6.0,HOME,7.370766358783065,L
2025,5,401752851,UCLA,Northwestern,14.0,17.0,17.323,30.693,13.371,48.016,True,72.5,Over,45.5,OVER,2.515878266335605,L
2025,5,401752852,Ohio State,Washington,24.0,6.0,23.347,26.189,2.841,49.536,True,72.5,Spread,9.5,HOME,12.341452402657445,L
2025,5,401752852,Ohio State,Washington,24.0,6.0,23.347,26.189,2.841,49.536,True,72.5,Under,52.5,UNDER,2.963869863873512,W
2025,5,401752853,Indiana,Iowa,20.0,15.0,31.293,20.796,-10.497,52.088,True,84.85,Spread,9.5,AWAY,0.9971273702185286,L
2025,5,401752853,Indiana,Iowa,20.0,15.0,31.293,20.796,-10.497,52.088,True,84.85,Over,47.5,OVER,4.588179007791169,L
2025,5,401752854,Oregon,Penn State,30.0,24.0,23.667,27.602,3.935,51.269,True,81.75,Spread,-3.5,HOME,0.4345406847273523,L
2025,5,401752854,Oregon,Penn State,30.0,24.0,23.667,27.602,3.935,51.269,True,81.75,Under,53.5,UNDER,2.2309276543572736,L
2025,5,401752939,Houston,Oregon State,27.0,24.0,31.739,16.331,-15.408,48.07,True,75.6,Spread,11.5,AWAY,3.9082219952812096,L
2025,5,401752939,Houston,Oregon State,27.0,24.0,31.739,16.331,-15.408,48.07,True,75.6,Under,48.5,UNDER,0.42966276135511094,L
2025,5,401752950,Washington State,Colorado State,20.0,3.0,24.238,29.776,5.538,54.014,True,72.5,Spread,-4.5,HOME,1.0381297213677563,L
2025,5,401752950,Washington State,Colorado State,20.0,3.0,24.238,29.776,5.538,54.014,True,72.5,Over,48.5,OVER,5.513634181929021,L
2025,5,401754543,Florida State,Virginia,38.0,46.0,24.204,29.046,4.843,53.25,True,72.5,Spread,7.0,HOME,11.842551983272351,W
2025,5,401754543,Florida State,Virginia,38.0,46.0,24.204,29.046,4.843,53.25,True,72.5,Under,59.5,UNDER,6.250441485738733,L
2025,5,401754544,California,Boston College,28.0,24.0,19.054,30.53,11.476,49.584,True,72.5,Spread,-6.0,HOME,5.475803726848824,L
2025,5,401754544,California,Boston College,28.0,24.0,19.054,30.53,11.476,49.584,True,72.5,Under,54.5,UNDER,4.9160031542391565,W
2025,5,401754545,Duke,Syracuse,38.0,3.0,27.398,33.136,5.739,60.534,True,75.6,Spread,4.0,HOME,9.738639872131511,L
2025,5,401754545,Duke,Syracuse,38.0,3.0,27.398,33.136,5.739,60.534,True,75.6,Over,59.5,OVER,1.0342785874304923,L
2025,5,401754546,Georgia Tech,Wake Forest,30.0,29.0,29.701,25.128,-4.573,54.83,True,75.6,Spread,13.5,HOME,8.927046537947984,W
2025,5,401754546,Georgia Tech,Wake Forest,30.0,29.0,29.701,25.128,-4.573,54.83,True,75.6,Over,53.5,OVER,1.3299359650624254,W
2025,5,401754547,Louisville,Pittsburgh,34.0,27.0,27.775,24.48,-3.295,52.255,True,72.5,Spread,3.0,AWAY,0.29470441903102795,W
2025,5,401754547,Louisville,Pittsburgh,34.0,27.0,27.775,24.48,-3.295,52.255,True,72.5,Under,53.5,UNDER,1.2450593249399091,L
2025,5,401754548,Virginia Tech,NC State,23.0,21.0,21.731,34.329,12.598,56.06,True,78.65,Spread,-10.0,HOME,2.597828196804258,L
2025,5,401754548,Virginia Tech,NC State,23.0,21.0,21.731,34.329,12.598,56.06,True,78.65,Under,57.5,UNDER,1.4401075508868573,W
2025,5,401754549,San José State,Stanford,29.0,30.0,21.003,30.143,9.139,51.146,True,72.5,Spread,-3.0,HOME,6.1393421283877245,L
2025,5,401754549,San José State,Stanford,29.0,30.0,21.003,30.143,9.139,51.146,True,72.5,Over,49.5,OVER,1.6459115271216334,W
2025,5,401756902,TCU,Arizona State,24.0,27.0,26.588,30.181,3.593,56.769,True,75.6,Spread,-3.0,HOME,0.5928307649160871,P
2025,5,401756902,TCU,Arizona State,24.0,27.0,26.588,30.181,3.593,56.769,True,75.6,Over,54.5,OVER,2.26915820487325,L
2025,5,401756903,BYU,Colorado,24.0,21.0,27.255,21.757,-5.499,49.012,True,75.6,Spread,6.5,HOME,1.0014470376848905,W
2025,5,401756903,BYU,Colorado,24.0,21.0,27.255,21.757,-5.499,49.012,True,75.6,Over,48.5,OVER,0.5123185315859331,L
2025,5,401756904,Arizona,Iowa State,14.0,39.0,20.709,29.857,9.147,50.566,True,72.5,Spread,-4.0,HOME,5.147191168987696,W
2025,5,401756904,Arizona,Iowa State,14.0,39.0,20.709,29.857,9.147,50.566,True,72.5,Over,48.5,OVER,2.0659780362064453,W
2025,5,401756905,Cincinnati,Kansas,37.0,34.0,21.871,34.15,12.278,56.021,True,72.5,Spread,-5.5,HOME,6.778105768225519,L
2025,5,401756905,Cincinnati,Kansas,37.0,34.0,21.871,34.15,12.278,56.021,True,72.5,Over,55.5,OVER,0.5209770078933218,W
2025,5,401756906,UCF,Kansas State,20.0,34.0,21.698,27.031,5.333,48.729,True,69.4,Spread,-6.0,AWAY,0.6669035601059505,L
2025,5,401756906,UCF,Kansas State,20.0,34.0,21.698,27.031,5.333,48.729,True,69.4,Over,48.5,OVER,0.22917409035724035,W
2025,5,401756907,Baylor,Oklahoma State,45.0,27.0,36.339,22.507,-13.833,58.846,True,69.4,Spread,21.0,HOME,7.1671788219613894,W
2025,5,401756907,Baylor,Oklahoma State,45.0,27.0,36.339,22.507,-13.833,58.846,True,69.4,Over,58.5,OVER,0.3459060199473072,W
2025,5,401756908,Utah,West Virginia,48.0,14.0,30.568,22.024,-8.544,52.592,True,75.6,Spread,13.5,HOME,4.956208519421693,L
2025,5,401756908,Utah,West Virginia,48.0,14.0,30.568,22.024,-8.544,52.592,True,75.6,Over,46.5,OVER,6.091707814373365,W
2025,5,401757170,UConn,Buffalo,20.0,17.0,27.146,28.034,0.888,55.18,True,75.6,Spread,3.0,HOME,3.887616351233632,P
2025,5,401757170,UConn,Buffalo,20.0,17.0,27.146,28.034,0.888,55.18,True,75.6,Over,51.5,OVER,3.6804319293888383,L
2025,5,401757269,Jacksonville State,Southern Miss,25.0,42.0,29.805,24.772,-5.034,54.577,True,78.7,Spread,-4.5,AWAY,9.53354562536638,L
2025,5,401757269,Jacksonville State,Southern Miss,25.0,42.0,29.805,24.772,-5.034,54.577,True,78.7,Under,55.5,UNDER,0.9230807691753853,L
2025,5,401757270,Middle Tennessee,Kennesaw State,16.0,24.0,18.611,30.149,11.538,48.76,True,75.6,Spread,-7.0,HOME,4.537719673662735,W
2025,5,401757270,Middle Tennessee,Kennesaw State,16.0,24.0,18.611,30.149,11.538,48.76,True,75.6,Under,54.5,UNDER,5.740003257005789,W
2025,5,401757271,Liberty,Old Dominion,7.0,21.0,15.369,39.991,24.622,55.359,True,72.5,Spread,-14.5,HOME,10.122120348638518,L
2025,5,401757271,Liberty,Old Dominion,7.0,21.0,15.369,39.991,24.622,55.359,True,72.5,Over,53.5,OVER,1.8592255152221924,L
2025,5,401757272,Louisiana Tech,UTEP,30.0,11.0,27.577,19.203,-8.374,46.78,True,75.6,Spread,3.5,AWAY,4.874097271382203,W
2025,5,401757272,Louisiana Tech,UTEP,30.0,11.0,27.577,19.203,-8.374,46.78,True,75.6,Under,48.5,UNDER,1.719700715938444,W
2025,5,401757273,Western Kentucky,Missouri State,27.0,22.0,32.871,27.607,-5.264,60.478,True,78.7,Spread,3.5,AWAY,1.7644097678656152,W
2025,5,401757273,Western Kentucky,Missouri State,27.0,22.0,32.871,27.607,-5.264,60.478,True,78.7,Over,59.5,OVER,0.9780409265431445,L
2025,5,401757274,New Mexico State,New Mexico,20.0,38.0,20.749,36.292,15.542,57.041,True,69.4,Spread,-16.5,AWAY,0.9575728094914808,L
2025,5,401757274,New Mexico State,New Mexico,20.0,38.0,20.749,36.292,15.542,57.041,True,69.4,Over,53.5,OVER,3.5411274861393736,W
2025,5,401760378,Hawai'i,Air Force,44.0,35.0,23.655,23.943,0.287,47.598,True,75.55,Spread,-7.0,AWAY,6.712697865099173,W
2025,5,401760378,Hawai'i,Air Force,44.0,35.0,23.655,23.943,0.287,47.598,True,75.55,Under,52.5,UNDER,4.902026723546669,L
2025,5,401760379,App State,Boise State,14.0,47.0,20.211,39.028,18.817,59.239,True,72.5,Spread,-16.5,HOME,2.316503519569917,W
2025,5,401760379,App State,Boise State,14.0,47.0,20.211,39.028,18.817,59.239,True,72.5,Under,59.5,UNDER,0.26070014486657556,L
2025,5,401760380,San Diego State,Northern Illinois,6.0,3.0,23.356,22.784,-0.572,46.141,True,69.4,Spread,1.5,HOME,0.9276512971902449,L
2025,5,401760380,San Diego State,Northern Illinois,6.0,3.0,23.356,22.784,-0.572,46.141,True,69.4,Over,41.5,OVER,4.6405201056456775,L
2025,5,401761614,Georgia Southern,James Madison,10.0,35.0,22.583,37.576,14.993,60.159,True,75.6,Spread,-14.5,HOME,0.4933155149455075,W
2025,5,401761614,Georgia Southern,James Madison,10.0,35.0,22.583,37.576,14.993,60.159,True,75.6,Over,54.5,OVER,5.659239361651672,L
2025,5,401761615,Marshall,Louisiana,51.0,54.0,26.735,23.97,-2.765,50.705,True,75.6,Spread,2.5,AWAY,0.26488773417202083,L
2025,5,401761615,Marshall,Louisiana,51.0,54.0,26.735,23.97,-2.765,50.705,True,75.6,Over,47.5,OVER,3.2049173771386847,W
2025,5,401761616,Arkansas State,UL Monroe,16.0,28.0,26.222,27.905,1.683,54.128,True,72.5,Spread,-1.5,HOME,0.1828999573782113,W
2025,5,401761616,Arkansas State,UL Monroe,16.0,28.0,26.222,27.905,1.683,54.128,True,72.5,Under,55.5,UNDER,1.3722857147211087,W
2025,5,401761617,South Alabama,North Texas,22.0,36.0,21.73,43.649,21.919,65.379,True,75.6,Spread,-13.5,HOME,8.418960522903262,W
2025,5,401761617,South Alabama,North Texas,22.0,36.0,21.73,43.649,21.919,65.379,True,75.6,Over,63.5,OVER,1.8786996828076497,L
2025,5,401762471,Army,East Carolina,6.0,28.0,24.851,27.116,2.265,51.967,True,75.6,Spread,-3.5,AWAY,1.235014603584176,L
2025,5,401762471,Army,East Carolina,6.0,28.0,24.851,27.116,2.265,51.967,True,75.6,Under,52.5,UNDER,0.533138706806696,W
2025,5,401762472,Memphis,Florida Atlantic,55.0,26.0,36.594,23.593,-13.0,60.187,True,72.5,Spread,14.0,HOME,0.9998308822921871,L
2025,5,401762472,Memphis,Florida Atlantic,55.0,26.0,36.594,23.593,-13.0,60.187,True,72.5,Under,62.5,UNDER,2.3128839300870965,L
2025,5,401762473,Rice,Navy,13.0,21.0,12.709,38.976,26.267,51.685,True,75.6,Spread,-14.0,HOME,12.266546063584109,L
2025,5,401762473,Rice,Navy,13.0,21.0,12.709,38.976,26.267,51.685,True,75.6,Over,45.5,OVER,6.184732001227317,L
2025,5,401762474,Tulane,Tulsa,31.0,14.0,33.625,22.6,-11.026,56.225,True,78.65,Spread,14.5,HOME,3.474042022719857,L
2025,5,401762474,Tulane,Tulsa,31.0,14.0,33.625,22.6,-11.026,56.225,True,78.65,Over,52.5,OVER,3.7249721103273075,L
2025,5,401762824,Akron,Toledo,3.0,45.0,12.554,37.015,24.46,49.569,True,75.6,Spread,-21.5,HOME,2.9600364182683947,W
2025,5,401762824,Akron,Toledo,3.0,45.0,12.554,37.015,24.46,49.569,True,75.6,Under,50.5,UNDER,0.9309668296039249,W
2025,5,401762825,Bowling Green,Ohio,20.0,35.0,18.959,28.758,9.799,47.717,True,75.6,Spread,-7.5,HOME,2.2993989992977575,W
2025,5,401762825,Bowling Green,Ohio,20.0,35.0,18.959,28.758,9.799,47.717,True,75.6,Under,49.5,UNDER,1.783015189385381,L
2025,5,401762826,Eastern Michigan,Central Michigan,13.0,24.0,25.975,27.976,2.001,53.951,True,75.6,Spread,-3.0,AWAY,0.9988183052327813,L
2025,5,401762826,Eastern Michigan,Central Michigan,13.0,24.0,25.975,27.976,2.001,53.951,True,75.6,Under,55.5,UNDER,1.549068021536577,W
2025,5,401762827,Lindenwood,Miami (OH),0.0,38.0,12.669,36.558,23.889,49.227,False,69.45,Spread,-22.5,HOME,1.3890359282178864,W
2025,5,401762827,Lindenwood,Miami (OH),0.0,38.0,12.669,36.558,23.889,49.227,False,69.45,Under,49.5,UNDER,0.27258670770850557,W
2025,5,401762828,Rhode Island,Western Michigan,14.0,47.0,7.697,42.412,34.715,50.109,False,69.4,Spread,-7.0,HOME,27.715084234034308,W
2025,5,401762828,Rhode Island,Western Michigan,14.0,47.0,7.697,42.412,34.715,50.109,False,69.4,Over,45.5,OVER,4.6086980600424,W
2025,6,401752726,Vanderbilt,Alabama,14.0,30.0,24.142,28.984,4.842,53.126,True,87.9,Spread,-13.5,AWAY,8.658181253668118,L
2025,6,401752726,Vanderbilt,Alabama,14.0,30.0,24.142,28.984,4.842,53.126,True,87.9,Under,57.5,UNDER,4.374364237839714,W
2025,6,401752727,Texas,Florida,21.0,29.0,24.939,21.375,-3.563,46.314,True,78.65,Spread,4.5,HOME,0.9366060027215681,W
2025,6,401752727,Texas,Florida,21.0,29.0,24.939,21.375,-3.563,46.314,True,78.65,Over,42.5,OVER,3.814071014839705,W
2025,6,401752728,Kentucky,Georgia,14.0,35.0,18.568,34.836,16.267,53.404,True,78.7,Spread,-19.5,AWAY,3.232602136727593,L
2025,6,401752728,Kentucky,Georgia,14.0,35.0,18.568,34.836,16.267,53.404,True,78.7,Over,48.5,OVER,4.903666804729404,W
2025,6,401752729,Kent State,Oklahoma,0.0,44.0,4.157,45.602,41.445,49.759,True,75.6,Spread,-46.5,AWAY,5.055394567459587,W
2025,6,401752729,Kent State,Oklahoma,0.0,44.0,4.157,45.602,41.445,49.759,True,75.6,Under,53.5,UNDER,3.741175122539211,W
2025,6,401752730,Mississippi State,Texas AandM,9.0,31.0,20.763,34.604,13.842,55.367,True,84.8,Spread,-17.5,AWAY,3.6583503376302247,L
2025,6,401752730,Mississippi State,Texas AandM,9.0,31.0,20.763,34.604,13.842,55.367,True,84.8,Under,57.5,UNDER,2.132809332122747,W
2025,6,401752855,Penn State,UCLA,37.0,42.0,32.677,14.331,-18.346,47.008,True,78.7,Spread,24.5,HOME,6.153994520809405,W
2025,6,401752855,Penn State,UCLA,37.0,42.0,32.677,14.331,-18.346,47.008,True,78.7,Under,48.5,UNDER,1.4918297115201469,L
2025,6,401752856,Wisconsin,Michigan,10.0,24.0,16.893,30.905,14.011,47.798,True,81.75,Spread,-17.5,AWAY,3.4889359581660884,W
2025,6,401752856,Wisconsin,Michigan,10.0,24.0,16.893,30.905,14.011,47.798,True,81.75,Over,42.5,OVER,5.298001160383571,L
2025,6,401752857,Washington,Maryland,24.0,20.0,25.974,22.978,-2.996,48.952,True,75.6,Spread,5.5,HOME,2.503727761171433,W
2025,6,401752857,Washington,Maryland,24.0,20.0,25.974,22.978,-2.996,48.952,True,75.6,Under,52.5,UNDER,3.5475307899710344,W
2025,6,401752858,UL Monroe,Northwestern,7.0,42.0,18.548,31.061,12.513,49.609,True,75.6,Spread,-12.5,HOME,0.013176251995624,W
2025,6,401752858,UL Monroe,Northwestern,7.0,42.0,18.548,31.061,12.513,49.609,True,75.6,Over,43.5,OVER,6.109383611588569,W
2025,6,401752859,Minnesota,Ohio State,3.0,42.0,12.204,35.239,23.035,47.443,True,78.7,Spread,-23.5,AWAY,0.4650779352000285,L
2025,6,401752859,Minnesota,Ohio State,3.0,42.0,12.204,35.239,23.035,47.443,True,78.7,Over,42.5,OVER,4.942980635097555,W
2025,6,401752860,Michigan State,Nebraska,27.0,38.0,21.53,32.371,10.841,53.902,True,75.6,Spread,-12.5,AWAY,1.6593846401294883,W
2025,6,401752860,Michigan State,Nebraska,27.0,38.0,21.53,32.371,10.841,53.902,True,75.6,Over,48.5,OVER,5.401588644718771,W
2025,6,401752861,Illinois,Purdue,43.0,27.0,33.371,21.294,-12.077,54.665,True,78.65,Spread,7.0,AWAY,5.076760216107445,W
2025,6,401752861,Illinois,Purdue,43.0,27.0,33.371,21.294,-12.077,54.665,True,78.65,Over,54.5,OVER,0.16495785132982377,W
2025,6,401752940,Oregon State,App State,23.0,27.0,27.301,25.514,-1.787,52.816,True,81.75,Spread,-1.5,AWAY,3.2867650593019775,L
2025,6,401752940,Oregon State,App State,23.0,27.0,27.301,25.514,-1.787,52.816,True,81.75,Under,53.5,UNDER,0.6843678481571303,W
2025,6,401754550,Boston College,Pittsburgh,7.0,48.0,23.11,29.046,5.935,52.156,True,75.6,Spread,-7.0,AWAY,1.0646375398237282,L
2025,6,401754550,Boston College,Pittsburgh,7.0,48.0,23.11,29.046,5.935,52.156,True,75.6,Under,54.5,UNDER,2.3439141238572674,L
2025,6,401754551,Duke,California,45.0,21.0,27.385,24.627,-2.758,52.011,True,84.8,Spread,3.5,HOME,0.7421584909778574,L
2025,6,401754551,Duke,California,45.0,21.0,27.385,24.627,-2.758,52.011,True,84.8,Under,54.5,UNDER,2.4886199307088503,L
2025,6,401754552,Clemson,North Carolina,38.0,10.0,27.856,20.563,-7.292,48.419,True,78.65,Spread,15.5,HOME,8.207880924113887,L
2025,6,401754552,Clemson,North Carolina,38.0,10.0,27.856,20.563,-7.292,48.419,True,78.65,Over,47.5,OVER,0.9190602186773447,W
2025,6,401754553,Miami,Florida State,28.0,22.0,28.041,24.537,-3.504,52.578,True,82.25,Spread,3.5,AWAY,0.004347426810248578,W
2025,6,401754553,Miami,Florida State,28.0,22.0,28.041,24.537,-3.504,52.578,True,82.25,Under,54.5,UNDER,1.9223231552990327,W
2025,6,401754554,Virginia,Louisville,30.0,27.0,26.709,29.367,2.659,56.076,True,81.75,Spread,-6.5,AWAY,3.841248359164169,W
2025,6,401754554,Virginia,Louisville,30.0,27.0,26.709,29.367,2.659,56.076,True,81.75,Under,59.5,UNDER,3.4239892010486983,W
2025,6,401754555,Syracuse,SMU,18.0,31.0,22.566,35.945,13.379,58.512,True,78.7,Spread,-17.5,AWAY,4.1211771227655305,W
2025,6,401754555,Syracuse,SMU,18.0,31.0,22.566,35.945,13.379,58.512,True,78.7,Over,56.5,OVER,2.011776336366154,L
2025,6,401754556,Wake Forest,Virginia Tech,30.0,23.0,23.735,29.884,6.149,53.619,True,78.7,Spread,-4.5,HOME,1.649181873928761,L
2025,6,401754556,Wake Forest,Virginia Tech,30.0,23.0,23.735,29.884,6.149,53.619,True,78.7,Over,51.5,OVER,2.1188897547123275,W
2025,6,401754557,Campbell,NC State,10.0,56.0,11.906,46.802,34.896,58.708,False,75.6,Spread,-42.5,AWAY,7.604126953549354,L
2025,6,401754557,Campbell,NC State,10.0,56.0,11.906,46.802,34.896,58.708,False,75.6,Under,61.5,UNDER,2.791550557324598,L
2025,6,401756909,West Virginia,BYU,24.0,38.0,13.344,39.942,26.598,53.286,True,78.7,Spread,-19.5,HOME,7.098353267220443,L
2025,6,401756909,West Virginia,BYU,24.0,38.0,13.344,39.942,26.598,53.286,True,78.7,Over,46.5,OVER,6.786190754813319,W
2025,6,401756910,Oklahoma State,Arizona,13.0,41.0,18.881,38.017,19.136,56.898,True,75.6,Spread,-21.5,AWAY,2.3641445130795304,L
2025,6,401756910,Oklahoma State,Arizona,13.0,41.0,18.881,38.017,19.136,56.898,True,75.6,Over,56.5,OVER,0.39768654503536993,L
2025,6,401756911,Kansas State,Baylor,34.0,35.0,24.184,30.713,6.528,54.897,True,78.7,Spread,-4.5,HOME,2.028330260772922,L
2025,6,401756911,Kansas State,Baylor,34.0,35.0,24.184,30.713,6.528,54.897,True,78.7,Under,59.5,UNDER,4.603081033659684,L
2025,6,401756912,Iowa State,Cincinnati,30.0,38.0,28.044,25.17,-2.874,53.214,True,78.7,Spread,-1.5,AWAY,4.374307804582511,L
2025,6,401756912,Iowa State,Cincinnati,30.0,38.0,28.044,25.17,-2.874,53.214,True,78.7,Under,55.5,UNDER,2.2856290292650527,L
2025,6,401756913,Texas Tech,Houston,35.0,11.0,27.047,23.386,-3.66,50.433,True,78.7,Spread,13.5,HOME,9.839623223979402,L
2025,6,401756913,Texas Tech,Houston,35.0,11.0,27.047,23.386,-3.66,50.433,True,78.7,Under,51.5,UNDER,1.0671185773344831,W
2025,6,401756914,Colorado,TCU,21.0,35.0,23.583,30.692,7.109,54.275,True,81.75,Spread,-13.5,AWAY,6.390575429747582,L
2025,6,401756914,Colorado,TCU,21.0,35.0,23.583,30.692,7.109,54.275,True,81.75,Under,57.5,UNDER,3.224798612280594,W
2025,6,401756915,Kansas,UCF,27.0,20.0,26.986,27.108,0.122,54.094,True,75.6,Spread,4.0,HOME,4.122134550042361,L
2025,6,401756915,Kansas,UCF,27.0,20.0,26.986,27.108,0.122,54.094,True,75.6,Over,53.5,OVER,0.5936218454523186,L
2025,6,401757165,Boise State,Notre Dame,7.0,28.0,16.925,44.087,27.162,61.011,True,78.7,Spread,-21.5,HOME,5.661982174014351,L
2025,6,401757165,Boise State,Notre Dame,7.0,28.0,16.925,44.087,27.162,61.011,True,78.7,Under,63.5,UNDER,2.48854035726729,W
2025,6,401757171,Florida International,UConn,10.0,51.0,22.463,35.299,12.836,57.761,True,81.75,Spread,-7.0,HOME,5.836323597694651,W
2025,6,401757171,Florida International,UConn,10.0,51.0,22.463,35.299,12.836,57.761,True,81.75,Over,52.5,OVER,5.261456991608647,W
2025,6,401757275,Sam Houston,New Mexico State,10.0,37.0,21.817,26.038,4.221,47.855,True,75.6,Spread,2.5,HOME,6.72092552425439,W
2025,6,401757275,Sam Houston,New Mexico State,10.0,37.0,21.817,26.038,4.221,47.855,True,75.6,Under,52.5,UNDER,4.644839154333646,W
2025,6,401757276,Western Kentucky,Delaware,27.0,24.0,25.965,28.534,2.569,54.499,True,81.75,Spread,-2.5,HOME,0.06917731568839969,L
2025,6,401757276,Western Kentucky,Delaware,27.0,24.0,25.965,28.534,2.569,54.499,True,81.75,Under,62.5,UNDER,8.001017439235028,W
2025,6,401760381,Air Force,Navy,31.0,34.0,17.301,39.101,21.8,56.402,True,75.6,Spread,-13.5,HOME,8.299525947859024,L
2025,6,401760381,Air Force,Navy,31.0,34.0,17.301,39.101,21.8,56.402,True,75.6,Over,50.5,OVER,5.901900808863985,W
2025,6,401760382,Colorado State,San Diego State,24.0,45.0,18.733,28.489,9.757,47.222,True,75.6,Spread,-4.5,HOME,5.2566245740213,W
2025,6,401760382,Colorado State,San Diego State,24.0,45.0,18.733,28.489,9.757,47.222,True,75.6,Over,40.5,OVER,6.722337465726149,W
2025,6,401760383,Nevada,Fresno State,17.0,20.0,16.378,36.339,19.962,52.717,True,78.65,Spread,-12.5,HOME,7.4615189247877325,L
2025,6,401760383,Nevada,Fresno State,17.0,20.0,16.378,36.339,19.962,52.717,True,78.65,Over,45.5,OVER,7.217416882150189,L
2025,6,401760384,New Mexico,San José State,28.0,35.0,28.12,27.724,-0.396,55.843,True,75.6,Spread,-1.5,AWAY,1.8960576879330517,L
2025,6,401760384,New Mexico,San José State,28.0,35.0,28.12,27.724,-0.396,55.843,True,75.6,Under,58.5,UNDER,2.65675238506563,L
2025,6,401760385,UNLV,Wyoming,31.0,17.0,26.927,23.752,-3.174,50.679,True,75.6,Spread,4.5,HOME,1.3256335753425148,L
2025,6,401760385,UNLV,Wyoming,31.0,17.0,26.927,23.752,-3.174,50.679,True,75.6,Over,50.5,OVER,0.1789072024515832,L
2025,6,401761618,James Madison,Georgia State,14.0,7.0,37.662,21.254,-16.407,58.916,True,75.6,Spread,19.5,HOME,3.09252156860504,W
2025,6,401761618,James Madison,Georgia State,14.0,7.0,37.662,21.254,-16.407,58.916,True,75.6,Over,52.5,OVER,6.415735937199656,L
2025,6,401761619,Coastal Carolina,Old Dominion,7.0,47.0,16.954,39.077,22.123,56.031,True,78.7,Spread,-18.5,HOME,3.622778252473278,W
2025,6,401761619,Coastal Carolina,Old Dominion,7.0,47.0,16.954,39.077,22.123,56.031,True,78.7,Over,53.5,OVER,2.5312967543340292,W
2025,6,401761620,Texas State,Arkansas State,30.0,31.0,36.117,23.114,-13.002,59.231,True,81.75,Spread,14.0,HOME,0.9979085572325879,W
2025,6,401761620,Texas State,Arkansas State,30.0,31.0,36.117,23.114,-13.002,59.231,True,81.75,Under,63.5,UNDER,4.2690040421762845,W
2025,6,401761621,South Alabama,Troy,24.0,31.0,24.394,24.954,0.56,49.349,True,78.7,Spread,2.5,HOME,3.0598473296566766,W
2025,6,401761621,South Alabama,Troy,24.0,31.0,24.394,24.954,0.56,49.349,True,78.7,Over,46.5,OVER,2.8486203279545634,W
2025,6,401762475,Charlotte,South Florida,26.0,54.0,12.059,42.33,30.272,54.389,True,75.6,Spread,-27.5,HOME,2.7715968797075092,W
2025,6,401762475,Charlotte,South Florida,26.0,54.0,12.059,42.33,30.272,54.389,True,75.6,Under,54.5,UNDER,0.11137288568522763,L
2025,6,401762476,Army,UAB,31.0,13.0,33.833,24.104,-9.73,57.937,True,75.6,Spread,6.5,AWAY,3.2296896090593776,W
2025,6,401762476,Army,UAB,31.0,13.0,33.833,24.104,-9.73,57.937,True,75.6,Over,55.5,OVER,2.437232177944061,L
2025,6,401762477,Florida Atlantic,Rice,27.0,21.0,21.862,30.051,8.19,51.913,True,78.65,Spread,-4.5,HOME,3.689772337843742,L
2025,6,401762477,Florida Atlantic,Rice,27.0,21.0,21.862,30.051,8.19,51.913,True,78.65,Under,54.5,UNDER,2.5869405498828684,W
2025,6,401762478,Tulsa,Memphis,7.0,45.0,17.9,41.245,23.346,59.145,True,81.75,Spread,-21.0,HOME,2.345854307635207,W
2025,6,401762478,Tulsa,Memphis,7.0,45.0,17.9,41.245,23.346,59.145,True,81.75,Over,54.5,OVER,4.645052160819944,L
2025,6,401762479,UTSA,Temple,21.0,27.0,32.008,26.676,-5.332,58.683,True,75.6,Spread,6.5,HOME,1.1679495333386427,W
2025,6,401762479,UTSA,Temple,21.0,27.0,32.008,26.676,-5.332,58.683,True,75.6,Over,58.5,OVER,0.18312591935889344,L
2025,6,401762829,Central Michigan,Akron,22.0,28.0,22.987,25.348,2.36,48.335,True,81.75,Spread,7.0,HOME,9.36043863235549,W
2025,6,401762829,Central Michigan,Akron,22.0,28.0,22.987,25.348,2.36,48.335,True,81.75,Over,47.5,OVER,0.8350014225692846,W
2025,6,401762830,Ohio,Ball State,14.0,20.0,32.315,20.516,-11.799,52.83,True,78.65,Spread,14.0,HOME,2.2011400286952494,W
2025,6,401762830,Ohio,Ball State,14.0,20.0,32.315,20.516,-11.799,52.83,True,78.65,Over,52.5,OVER,0.3303979791591871,L
2025,6,401762831,Eastern Michigan,Buffalo,30.0,31.0,21.832,33.893,12.06,55.725,True,78.7,Spread,-9.5,HOME,2.56023243568427,L
2025,6,401762831,Eastern Michigan,Buffalo,30.0,31.0,21.832,33.893,12.06,55.725,True,78.7,Over,53.5,OVER,2.2249898432006177,W
2025,6,401762832,Western Michigan,Massachusetts,21.0,3.0,34.487,18.464,-16.023,52.952,True,78.65,Spread,12.5,AWAY,3.5226032741904483,W
2025,6,401762832,Western Michigan,Massachusetts,21.0,3.0,34.487,18.464,-16.023,52.952,True,78.65,Over,46.5,OVER,6.451579265228048,L
2025,6,401762873,Miami (OH),Northern Illinois,25.0,14.0,16.753,24.03,7.278,40.783,True,75.6,Spread,4.5,HOME,11.777864072151075,L
2025,6,401762873,Miami (OH),Northern Illinois,25.0,14.0,16.753,24.03,7.278,40.783,True,75.6,Over,38.5,OVER,2.2830772440614666,W
2025,7,401752731,Georgia,Auburn,20.0,10.0,24.516,24.306,-0.209,48.822,True,84.8,Spread,4.5,HOME,4.290686972237147,L
2025,7,401752731,Georgia,Auburn,20.0,10.0,24.516,24.306,-0.209,48.822,True,84.8,Over,46.5,OVER,2.3217084605234817,L
2025,7,401752732,South Carolina,LSU,10.0,20.0,17.859,25.57,7.711,43.429,True,81.75,Spread,-8.5,AWAY,0.7886313118317929,L
2025,7,401752732,South Carolina,LSU,10.0,20.0,17.859,25.57,7.711,43.429,True,81.75,Under,44.5,UNDER,1.0710832249176505,W
2025,7,401752733,Washington State,Ole Miss,21.0,24.0,16.888,43.357,26.469,60.246,True,88.4,Spread,-33.5,AWAY,7.030762595846198,W
2025,7,401752733,Washington State,Ole Miss,21.0,24.0,16.888,43.357,26.469,60.246,True,88.4,Over,58.5,OVER,1.7457034065243633,L
2025,7,401752734,Alabama,Missouri,27.0,24.0,22.927,25.995,3.067,48.922,True,88.4,Spread,3.0,HOME,6.06743387791979,P
2025,7,401752734,Alabama,Missouri,27.0,24.0,22.927,25.995,3.067,48.922,True,88.4,Under,50.5,UNDER,1.5778995383573289,L
2025,7,401752735,Arkansas,Tennessee,31.0,34.0,24.95,39.005,14.055,63.954,True,81.75,Spread,-10.0,HOME,4.055010591140146,L
2025,7,401752735,Arkansas,Tennessee,31.0,34.0,24.95,39.005,14.055,63.954,True,81.75,Under,68.5,UNDER,4.545854136461024,W
2025,7,401752736,Oklahoma,Texas,6.0,23.0,20.73,20.805,0.075,41.534,True,87.9,Spread,-2.5,AWAY,2.4252712008135617,L
2025,7,401752736,Oklahoma,Texas,6.0,23.0,20.73,20.805,0.075,41.534,True,87.9,Under,44.5,UNDER,2.9656284669558985,W
2025,7,401752737,Florida,Texas AandM,17.0,34.0,19.854,30.352,10.499,50.206,True,84.85,Spread,-7.0,HOME,3.4985394276571,W
2025,7,401752737,Florida,Texas AandM,17.0,34.0,19.854,30.352,10.499,50.206,True,84.85,Over,47.5,OVER,2.706102537366938,W
2025,7,401752862,Rutgers,Washington,19.0,38.0,20.539,33.785,13.245,54.324,True,81.75,Spread,-9.5,HOME,3.745256436466093,W
2025,7,401752862,Rutgers,Washington,19.0,38.0,20.539,33.785,13.245,54.324,True,81.75,Under,62.5,UNDER,8.175932903018186,W
2025,7,401752863,UCLA,Michigan State,38.0,13.0,19.291,29.59,10.3,48.881,True,81.75,Spread,-7.0,HOME,3.2998683055264735,L
2025,7,401752863,UCLA,Michigan State,38.0,13.0,19.291,29.59,10.3,48.881,True,81.75,Under,51.5,UNDER,2.6189671466635076,W
2025,7,401752864,Purdue,Minnesota,20.0,27.0,20.384,29.233,8.848,49.617,True,81.75,Spread,-7.5,HOME,1.3482775269494915,L
2025,7,401752864,Purdue,Minnesota,20.0,27.0,20.384,29.233,8.848,49.617,True,81.75,Over,49.5,OVER,0.11701878637972385,L
2025,7,401752865,Ohio State,Illinois,34.0,16.0,26.867,22.912,-3.955,49.778,True,87.9,Spread,14.5,HOME,10.545056093231942,L
2025,7,401752865,Ohio State,Illinois,34.0,16.0,26.867,22.912,-3.955,49.778,True,87.9,Under,51.5,UNDER,1.7219348994566275,W
2025,7,401752866,Northwestern,Penn State,22.0,21.0,16.759,32.446,15.687,49.205,True,84.8,Spread,-20.5,AWAY,4.812860722806363,W
2025,7,401752866,Northwestern,Penn State,22.0,21.0,16.759,32.446,15.687,49.205,True,84.8,Over,46.5,OVER,2.704666762823365,L
2025,7,401752867,Nebraska,Maryland,34.0,31.0,24.385,25.321,0.937,49.706,True,81.75,Spread,7.0,HOME,7.936771873026039,W
2025,7,401752867,Nebraska,Maryland,34.0,31.0,24.385,25.321,0.937,49.706,True,81.75,Over,47.5,OVER,2.205975411495345,W
2025,7,401752868,Michigan,USC,13.0,31.0,23.521,34.524,11.003,58.045,True,91.0,Spread,-3.0,HOME,8.003313686159743,W
2025,7,401752868,Michigan,USC,13.0,31.0,23.521,34.524,11.003,58.045,True,91.0,Under,58.5,UNDER,0.4546726991122867,W
2025,7,401752869,Iowa,Wisconsin,37.0,0.0,26.318,18.861,-7.458,45.179,True,84.8,Spread,5.5,AWAY,1.9575128182414474,W
2025,7,401752869,Iowa,Wisconsin,37.0,0.0,26.318,18.861,-7.458,45.179,True,84.8,Over,37.5,OVER,7.67909816527596,L
2025,7,401752870,Indiana,Oregon,30.0,20.0,29.712,25.603,-4.11,55.315,True,92.0,Spread,-7.0,AWAY,11.109632119548237,W
2025,7,401752870,Indiana,Oregon,30.0,20.0,29.712,25.603,-4.11,55.315,True,92.0,Over,51.5,OVER,3.8148419308763195,L
2025,7,401754558,Clemson,Boston College,41.0,10.0,25.707,24.411,-1.296,50.118,True,84.85,Spread,14.0,HOME,12.703978132447773,L
2025,7,401754558,Clemson,Boston College,41.0,10.0,25.707,24.411,-1.296,50.118,True,84.85,Under,54.5,UNDER,4.381894253603441,W
2025,7,401754559,Pittsburgh,Florida State,34.0,31.0,21.097,32.15,11.053,53.247,True,81.75,Spread,-10.5,HOME,0.5531162854830818,L
2025,7,401754559,Pittsburgh,Florida State,34.0,31.0,21.097,32.15,11.053,53.247,True,81.75,Under,56.5,UNDER,3.252991566036492,L
2025,7,401754560,Virginia Tech,Georgia Tech,20.0,35.0,21.113,34.101,12.988,55.214,True,84.8,Spread,-14.0,AWAY,1.0124736620246821,L
2025,7,401754560,Virginia Tech,Georgia Tech,20.0,35.0,21.113,34.101,12.988,55.214,True,84.8,Under,55.5,UNDER,0.28578316033871687,W
2025,7,401754561,Stanford,SMU,10.0,34.0,16.802,36.696,19.894,53.498,True,84.8,Spread,-19.5,HOME,0.3940255549774605,W
2025,7,401754561,Stanford,SMU,10.0,34.0,16.802,36.696,19.894,53.498,True,84.8,Under,55.5,UNDER,2.0023959841336847,W
2025,7,401754562,NC State,Notre Dame,7.0,36.0,19.896,38.392,18.496,58.288,True,87.9,Spread,-23.5,AWAY,5.004149735894757,L
2025,7,401754562,NC State,Notre Dame,7.0,36.0,19.896,38.392,18.496,58.288,True,87.9,Under,59.5,UNDER,1.2123073202710444,W
2025,7,401754563,Wake Forest,Oregon State,39.0,14.0,31.568,22.272,-9.297,53.84,True,87.9,Spread,1.5,AWAY,7.796739165520442,W
2025,7,401754563,Wake Forest,Oregon State,39.0,14.0,31.568,22.272,-9.297,53.84,True,87.9,Over,47.5,OVER,6.3400552406952855,W
2025,7,401756916,BYU,Arizona,33.0,27.0,29.071,21.763,-7.308,50.834,True,84.8,Spread,2.5,AWAY,4.808433502810914,W
2025,7,401756916,BYU,Arizona,33.0,27.0,29.071,21.763,-7.308,50.834,True,84.8,Over,46.5,OVER,4.333994072602508,W
2025,7,401756917,UCF,Cincinnati,11.0,20.0,23.339,30.767,7.428,54.106,True,81.75,Spread,-10.0,AWAY,2.571944737821269,W
2025,7,401756917,UCF,Cincinnati,11.0,20.0,23.339,30.767,7.428,54.106,True,81.75,Under,55.5,UNDER,1.3935403787116414,W
2025,7,401756918,Iowa State,Colorado,17.0,24.0,24.952,25.512,0.56,50.464,True,87.9,Spread,3.0,HOME,3.5604780213144096,W
2025,7,401756918,Iowa State,Colorado,17.0,24.0,24.952,25.512,0.56,50.464,True,87.9,Under,52.5,UNDER,2.0361744866543177,W
2025,7,401756919,TCU,Kansas State,28.0,41.0,26.396,26.567,0.171,52.963,True,84.8,Spread,3.0,HOME,3.171379028487422,W
2025,7,401756919,TCU,Kansas State,28.0,41.0,26.396,26.567,0.171,52.963,True,84.8,Under,54.5,UNDER,1.5374683508030813,L
2025,7,401756920,Houston,Oklahoma State,39.0,17.0,31.654,18.617,-13.037,50.271,True,81.75,Spread,14.5,HOME,1.4632914542373285,L
2025,7,401756920,Houston,Oklahoma State,39.0,17.0,31.654,18.617,-13.037,50.271,True,81.75,Over,47.5,OVER,2.7706968794652056,W
2025,7,401756921,Kansas,Texas Tech,17.0,42.0,22.874,36.525,13.651,59.399,True,84.8,Spread,-13.5,HOME,0.15125520269497983,W
2025,7,401756921,Kansas,Texas Tech,17.0,42.0,22.874,36.525,13.651,59.399,True,84.8,Over,58.5,OVER,0.8993874294151283,W
2025,7,401756922,Arizona State,Utah,10.0,42.0,21.614,32.197,10.583,53.812,True,84.8,Spread,-9.5,HOME,1.0829008551023946,W
2025,7,401756922,Arizona State,Utah,10.0,42.0,21.614,32.197,10.583,53.812,True,84.8,Over,44.5,OVER,9.311801707779523,W
2025,7,401757277,Liberty,UTEP,19.0,8.0,23.174,24.093,0.919,47.268,True,78.7,Spread,1.5,HOME,2.419322577760422,L
2025,7,401757277,Liberty,UTEP,19.0,8.0,23.174,24.093,0.919,47.268,True,78.7,Over,46.5,OVER,0.7675454476757366,L
2025,7,401757278,Missouri State,Middle Tennessee,22.0,20.0,28.294,27.26,-1.034,55.554,True,81.75,Spread,3.0,HOME,1.9659470655917346,W
2025,7,401757278,Missouri State,Middle Tennessee,22.0,20.0,28.294,27.26,-1.034,55.554,True,81.75,Over,51.5,OVER,4.054014311785863,L
2025,7,401757279,Jacksonville State,Sam Houston,29.0,27.0,31.38,19.159,-12.22,50.539,True,84.8,Spread,7.0,AWAY,5.220311060302709,L
2025,7,401757279,Jacksonville State,Sam Houston,29.0,27.0,31.38,19.159,-12.22,50.539,True,84.8,Under,53.5,UNDER,2.9611515949299942,L
2025,7,401757280,Louisiana Tech,Kennesaw State,7.0,35.0,27.347,17.331,-10.015,44.678,True,84.8,Spread,4.5,AWAY,5.51533947884846,L
2025,7,401757280,Louisiana Tech,Kennesaw State,7.0,35.0,27.347,17.331,-10.015,44.678,True,84.8,Under,46.5,UNDER,1.8221277077459916,W
2025,7,401760386,Air Force,UNLV,48.0,51.0,20.307,35.405,15.099,55.712,True,81.75,Spread,-7.0,HOME,8.098923885075266,L
2025,7,401760386,Air Force,UNLV,48.0,51.0,20.307,35.405,15.099,55.712,True,81.75,Under,65.5,UNDER,9.788033197276626,L
2025,7,401760387,New Mexico,Boise State,25.0,41.0,24.778,34.141,9.364,58.919,True,84.8,Spread,-14.5,AWAY,5.13624651889171,L
2025,7,401760387,New Mexico,Boise State,25.0,41.0,24.778,34.141,9.364,58.919,True,84.8,Over,58.5,OVER,0.4188892159137225,W
2025,7,401760388,Fresno State,Colorado State,21.0,49.0,25.428,23.353,-2.075,48.781,True,84.85,Spread,5.5,HOME,3.425077448576573,W
2025,7,401760388,Fresno State,Colorado State,21.0,49.0,25.428,23.353,-2.075,48.781,True,84.85,Over,47.5,OVER,1.2811814895421776,W
2025,7,401760389,Utah State,Hawai'i,26.0,44.0,26.609,28.574,1.965,55.183,True,87.9,Spread,1.5,HOME,3.464782410777019,W
2025,7,401760389,Utah State,Hawai'i,26.0,44.0,26.609,28.574,1.965,55.183,True,87.9,Under,57.5,UNDER,2.316575134934503,L
2025,7,401760390,San Diego State,Nevada,44.0,10.0,29.292,21.074,-8.218,50.366,True,81.75,Spread,6.5,AWAY,1.7178703680117593,W
2025,7,401760390,San Diego State,Nevada,44.0,10.0,29.292,21.074,-8.218,50.366,True,81.75,Over,42.5,OVER,7.865683360593415,W
2025,7,401760391,San José State,Wyoming,28.0,35.0,24.284,25.894,1.609,50.178,True,78.7,Spread,1.5,HOME,3.1092463156150387,W
2025,7,401760391,San José State,Wyoming,28.0,35.0,24.284,25.894,1.609,50.178,True,78.7,Under,50.5,UNDER,0.3219243616309342,L
2025,7,401761622,Southern Miss,Georgia Southern,38.0,35.0,26.393,31.944,5.55,58.337,True,84.8,Spread,3.0,HOME,8.550273014921505,P
2025,7,401761622,Southern Miss,Georgia Southern,38.0,35.0,26.393,31.944,5.55,58.337,True,84.8,Under,59.5,UNDER,1.1631704735781696,L
2025,7,401761623,UL Monroe,Coastal Carolina,8.0,23.0,22.776,29.415,6.64,52.191,True,81.75,Spread,3.0,HOME,9.639741451914595,W
2025,7,401761623,UL Monroe,Coastal Carolina,8.0,23.0,22.776,29.415,6.64,52.191,True,81.75,Over,46.5,OVER,5.690963025145024,L
2025,7,401761624,App State,Georgia State,41.0,20.0,25.912,29.496,3.585,55.408,True,81.75,Spread,3.0,HOME,6.5846648549650375,L
2025,7,401761624,App State,Georgia State,41.0,20.0,25.912,29.496,3.585,55.408,True,81.75,Under,55.5,UNDER,0.09174500364669314,L
2025,7,401761625,Louisiana,James Madison,14.0,24.0,17.417,35.839,18.422,53.257,True,84.8,Spread,-18.5,AWAY,0.07827827589932213,W
2025,7,401761625,Louisiana,James Madison,14.0,24.0,17.417,35.839,18.422,53.257,True,84.8,Over,44.5,OVER,8.756529996703748,L
2025,7,401761626,Old Dominion,Marshall,24.0,48.0,33.936,23.591,-10.344,57.527,True,81.75,Spread,14.5,HOME,4.155683167686366,W
2025,7,401761626,Old Dominion,Marshall,24.0,48.0,33.936,23.591,-10.344,57.527,True,81.75,Over,57.5,OVER,0.027215196541838793,W
2025,7,401761627,Troy,Texas State,48.0,41.0,18.086,34.775,16.688,52.861,True,84.8,Spread,-7.5,HOME,9.188493799198415,L
2025,7,401761627,Troy,Texas State,48.0,41.0,18.086,34.775,16.688,52.861,True,84.8,Under,53.5,UNDER,0.6385848799932887,L
2025,7,401762480,East Carolina,Tulane,19.0,26.0,25.848,27.058,1.209,52.906,True,87.9,Spread,-7.0,AWAY,5.790552130091221,P
2025,7,401762480,East Carolina,Tulane,19.0,26.0,25.848,27.058,1.209,52.906,True,87.9,Under,53.5,UNDER,0.5943883958768197,W
2025,7,401762481,South Florida,North Texas,63.0,36.0,27.346,37.716,10.37,65.063,True,84.8,Spread,-2.5,HOME,7.8697985350783455,L
2025,7,401762481,South Florida,North Texas,63.0,36.0,27.346,37.716,10.37,65.063,True,84.8,Under,68.5,UNDER,3.43747991566309,L
2025,7,401762482,UAB,Florida Atlantic,33.0,53.0,28.91,31.783,2.873,60.693,True,78.7,Spread,-4.5,AWAY,1.6266001492279116,L
2025,7,401762482,UAB,Florida Atlantic,33.0,53.0,28.91,31.783,2.873,60.693,True,78.7,Under,66.5,UNDER,5.806817832286171,L
2025,7,401762483,Charlotte,Army,7.0,24.0,11.999,42.938,30.939,54.938,True,81.75,Spread,-17.5,HOME,13.439025569844613,L
2025,7,401762483,Charlotte,Army,7.0,24.0,11.999,42.938,30.939,54.938,True,81.75,Over,45.5,OVER,9.437786438999893,L
2025,7,401762484,Navy,Temple,32.0,31.0,29.115,23.54,-5.575,52.655,True,81.75,Spread,10.0,HOME,4.424815526483897,W
2025,7,401762484,Navy,Temple,32.0,31.0,29.115,23.54,-5.575,52.655,True,81.75,Over,52.5,OVER,0.15459544873082365,W
2025,7,401762485,Rice,UTSA,13.0,61.0,16.264,34.705,18.441,50.969,True,87.9,Spread,-8.5,HOME,9.94124797295013,W
2025,7,401762485,Rice,UTSA,13.0,61.0,16.264,34.705,18.441,50.969,True,87.9,Over,48.5,OVER,2.4691952872837106,W
2025,7,401762833,Miami (OH),Akron,20.0,7.0,25.863,20.922,-4.941,46.786,True,84.8,Spread,11.5,HOME,6.558773830117076,L
2025,7,401762833,Miami (OH),Akron,20.0,7.0,25.863,20.922,-4.941,46.786,True,84.8,Under,47.5,UNDER,0.7143502967735174,W
2025,7,401762834,Ball State,Western Michigan,0.0,42.0,17.818,34.845,17.027,52.663,True,84.85,Spread,-9.5,HOME,7.526558514935871,W
2025,7,401762834,Ball State,Western Michigan,0.0,42.0,17.818,34.845,17.027,52.663,True,84.85,Over,43.5,OVER,9.163365861199388,L
2025,7,401762835,Toledo,Bowling Green,23.0,28.0,27.309,19.292,-8.017,46.601,True,81.75,Spread,10.5,HOME,2.482553961198853,W
2025,7,401762835,Toledo,Bowling Green,23.0,28.0,27.309,19.292,-8.017,46.601,True,81.75,Over,45.5,OVER,1.1006972668558035,W
2025,7,401762836,Northern Illinois,Eastern Michigan,10.0,16.0,25.248,23.044,-2.204,48.292,True,81.75,Spread,1.5,AWAY,0.7043497571426656,L
2025,7,401762836,Northern Illinois,Eastern Michigan,10.0,16.0,25.248,23.044,-2.204,48.292,True,81.75,Under,48.5,UNDER,0.20751191322887763,W
2025,7,401762837,Massachusetts,Kent State,6.0,42.0,24.201,25.741,1.539,49.942,True,78.7,Spread,-1.5,HOME,0.03942594113492959,W
2025,7,401762837,Massachusetts,Kent State,6.0,42.0,24.201,25.741,1.539,49.942,True,78.7,Over,49.5,OVER,0.4418759846742475,L
2025,8,401752738,Tennessee,Alabama,20.0,37.0,24.152,31.511,7.359,55.663,True,91.5,Spread,-8.5,AWAY,1.141297375520523,L
2025,8,401752738,Tennessee,Alabama,20.0,37.0,24.152,31.511,7.359,55.663,True,91.5,Under,61.5,UNDER,5.836791325377121,W
2025,8,401752739,Texas AandM,Arkansas,45.0,42.0,30.937,27.325,-3.612,58.262,True,88.4,Spread,7.5,HOME,3.8877922802994505,W
2025,8,401752739,Texas AandM,Arkansas,45.0,42.0,30.937,27.325,-3.612,58.262,True,88.4,Over,57.5,OVER,0.7623038576322472,W
2025,8,401752740,Missouri,Auburn,23.0,17.0,22.065,22.974,0.909,45.039,True,91.0,Spread,1.5,HOME,2.4089778971630693,L
2025,8,401752740,Missouri,Auburn,23.0,17.0,22.065,22.974,0.909,45.039,True,91.0,Over,43.5,OVER,1.5385957955482894,L
2025,8,401752741,Mississippi State,Florida,21.0,23.0,20.811,30.951,10.14,51.762,True,87.9,Spread,-9.5,HOME,0.6398375180845051,L
2025,8,401752741,Mississippi State,Florida,21.0,23.0,20.811,30.951,10.14,51.762,True,87.9,Over,50.5,OVER,1.261715835128939,L
2025,8,401752742,Ole Miss,Georgia,35.0,43.0,26.353,29.632,3.279,55.985,True,91.5,Spread,-7.5,AWAY,4.221408770787168,L
2025,8,401752742,Ole Miss,Georgia,35.0,43.0,26.353,29.632,3.279,55.985,True,91.5,Under,56.5,UNDER,0.51549971160577,L
2025,8,401752743,Texas,Kentucky,16.0,13.0,28.312,18.576,-9.736,46.888,True,88.4,Spread,12.5,HOME,2.7637393650847457,W
2025,8,401752743,Texas,Kentucky,16.0,13.0,28.312,18.576,-9.736,46.888,True,88.4,Over,45.5,OVER,1.3875658884558817,L
2025,8,401752744,Oklahoma,South Carolina,26.0,7.0,20.018,19.074,-0.944,39.092,True,87.9,Spread,4.5,HOME,3.555810012416117,L
2025,8,401752744,Oklahoma,South Carolina,26.0,7.0,20.018,19.074,-0.944,39.092,True,87.9,Under,42.5,UNDER,3.407963217586172,W
2025,8,401752745,LSU,Vanderbilt,24.0,31.0,22.364,30.521,8.157,52.885,True,91.0,Spread,-1.5,HOME,6.656861047543405,W
2025,8,401752745,LSU,Vanderbilt,24.0,31.0,22.364,30.521,8.157,52.885,True,91.0,Over,48.5,OVER,4.384844575547405,W
2025,8,401752871,USC,Notre Dame,24.0,34.0,24.309,37.096,12.787,61.404,True,91.5,Spread,-10.5,HOME,2.286868337204254,L
2025,8,401752871,USC,Notre Dame,24.0,34.0,24.309,37.096,12.787,61.404,True,91.5,Over,60.5,OVER,0.9042790052730254,L
2025,8,401752872,Nebraska,Minnesota,6.0,24.0,25.313,23.535,-1.778,48.849,True,91.0,Spread,7.0,HOME,5.221668098052476,W
2025,8,401752872,Nebraska,Minnesota,6.0,24.0,25.313,23.535,-1.778,48.849,True,91.0,Over,47.5,OVER,1.3486224172975199,L
2025,8,401752873,Washington,Michigan,7.0,24.0,25.946,23.535,-2.411,49.481,True,91.5,Spread,-4.0,AWAY,6.4105531188172655,L
2025,8,401752873,Washington,Michigan,7.0,24.0,25.946,23.535,-2.411,49.481,True,91.5,Under,50.5,UNDER,1.018553182075749,W
2025,8,401752874,Purdue,Northwestern,0.0,19.0,20.457,30.622,10.165,51.079,True,87.9,Spread,-3.0,HOME,7.164824869600224,W
2025,8,401752874,Purdue,Northwestern,0.0,19.0,20.457,30.622,10.165,51.079,True,87.9,Over,47.5,OVER,3.578927779834686,L
2025,8,401752875,Penn State,Iowa,24.0,25.0,18.155,28.349,10.194,46.504,True,91.0,Spread,-3.0,HOME,7.193811169078884,L
2025,8,401752875,Penn State,Iowa,24.0,25.0,18.155,28.349,10.194,46.504,True,91.0,Over,41.5,OVER,5.004421865071237,W
2025,8,401752876,Oregon,Rutgers,56.0,10.0,31.992,24.582,-7.41,56.573,True,88.4,Spread,17.5,HOME,10.090037609882387,L
2025,8,401752876,Oregon,Rutgers,56.0,10.0,31.992,24.582,-7.41,56.573,True,88.4,Under,62.5,UNDER,5.926656672683052,L
2025,8,401752877,Ohio State,Wisconsin,34.0,0.0,34.938,13.266,-21.672,48.205,True,91.0,Spread,24.5,HOME,2.8279510804727295,L
2025,8,401752877,Ohio State,Wisconsin,34.0,0.0,34.938,13.266,-21.672,48.205,True,91.0,Over,41.5,OVER,6.704625080140659,L
2025,8,401752878,Michigan State,Indiana,13.0,38.0,10.277,45.873,35.596,56.151,True,88.4,Spread,-26.5,HOME,9.09569819359541,L
2025,8,401752878,Michigan State,Indiana,13.0,38.0,10.277,45.873,35.596,56.151,True,88.4,Over,49.5,OVER,6.650646625041169,W
2025,8,401752879,Maryland,UCLA,17.0,20.0,24.674,21.375,-3.299,46.05,True,87.9,Spread,-4.0,AWAY,7.298906642387919,W
2025,8,401752879,Maryland,UCLA,17.0,20.0,24.674,21.375,-3.299,46.05,True,87.9,Under,52.5,UNDER,6.450495606997016,W
2025,8,401752941,Lafayette,Oregon State,13.0,45.0,19.283,30.504,11.221,49.787,False,76.1,Spread,-21.0,AWAY,9.779058376813708,L
2025,8,401752941,Lafayette,Oregon State,13.0,45.0,19.283,30.504,11.221,49.787,False,76.1,Under,56.5,UNDER,6.713144031368444,L
2025,8,401752951,Washington State,Virginia,20.0,22.0,20.906,36.779,15.873,57.685,True,91.0,Spread,-16.5,AWAY,0.6274520056879034,W
2025,8,401752951,Washington State,Virginia,20.0,22.0,20.906,36.779,15.873,57.685,True,91.0,Over,56.5,OVER,1.1845058621640376,L
2025,8,401754371,North Carolina,California,18.0,21.0,17.589,30.52,12.932,48.109,True,84.85,Spread,-7.5,HOME,5.431771405501962,L
2025,8,401754371,North Carolina,California,18.0,21.0,17.589,30.52,12.932,48.109,True,84.85,Over,45.5,OVER,2.609116801177734,L
2025,8,401754564,Louisville,Miami,24.0,21.0,19.219,33.704,14.485,52.923,True,88.4,Spread,-10.5,HOME,3.9852646223413117,L
2025,8,401754564,Louisville,Miami,24.0,21.0,19.219,33.704,14.485,52.923,True,88.4,Over,49.5,OVER,3.422714708673638,L
2025,8,401754565,SMU,Clemson,35.0,24.0,24.472,26.624,2.152,51.096,True,91.5,Spread,-3.5,AWAY,1.3482715555816398,W
2025,8,401754565,SMU,Clemson,35.0,24.0,24.472,26.624,2.152,51.096,True,91.5,Over,49.5,OVER,1.5958466873719814,W
2025,8,401754566,Georgia Tech,Duke,27.0,18.0,27.155,31.051,3.896,58.205,True,91.0,Spread,-3.5,HOME,0.3959624013039189,L
2025,8,401754566,Georgia Tech,Duke,27.0,18.0,27.155,31.051,3.896,58.205,True,91.0,Under,60.5,UNDER,2.2948842857839935,W
2025,8,401754567,Florida State,Stanford,13.0,20.0,33.868,18.746,-15.122,52.614,True,87.9,Spread,17.5,HOME,2.3782155721532234,W
2025,8,401754567,Florida State,Stanford,13.0,20.0,33.868,18.746,-15.122,52.614,True,87.9,Under,55.5,UNDER,2.8859665671688077,W
2025,8,401754568,Pittsburgh,Syracuse,30.0,13.0,29.553,27.092,-2.462,56.645,True,87.9,Spread,9.5,HOME,7.038295829121633,L
2025,8,401754568,Pittsburgh,Syracuse,30.0,13.0,29.553,27.092,-2.462,56.645,True,87.9,Over,54.5,OVER,2.1449485720145773,L
2025,8,401754569,UConn,Boston College,38.0,23.0,27.666,27.787,0.121,55.453,True,87.9,Spread,2.5,HOME,2.6208762063016167,L
2025,8,401754569,UConn,Boston College,38.0,23.0,27.666,27.787,0.121,55.453,True,87.9,Under,58.5,UNDER,3.046687009632194,L
2025,8,401756923,Texas Tech,Arizona State,22.0,26.0,32.673,25.141,-7.532,57.814,True,91.0,Spread,7.5,AWAY,0.03241279923173579,L
2025,8,401756923,Texas Tech,Arizona State,22.0,26.0,32.673,25.141,-7.532,57.814,True,91.0,Over,52.5,OVER,5.313571972634449,L
2025,8,401756924,Utah,BYU,21.0,24.0,24.89,25.836,0.946,50.725,True,91.0,Spread,4.0,HOME,4.946106422637357,W
2025,8,401756924,Utah,BYU,21.0,24.0,24.89,25.836,0.946,50.725,True,91.0,Over,49.5,OVER,1.2252548050656173,L
2025,8,401756925,Arizona,Houston,28.0,31.0,20.799,26.519,5.72,47.318,True,91.0,Spread,1.5,HOME,7.2198137670151965,W
2025,8,401756925,Arizona,Houston,28.0,31.0,20.799,26.519,5.72,47.318,True,91.0,Under,47.5,UNDER,0.1823800727680478,L
2025,8,401756926,Cincinnati,Oklahoma State,49.0,17.0,35.216,20.494,-14.721,55.71,True,87.9,Spread,23.5,HOME,8.77854820253527,L
2025,8,401756926,Cincinnati,Oklahoma State,49.0,17.0,35.216,20.494,-14.721,55.71,True,87.9,Under,57.5,UNDER,1.790030700850501,L
2025,8,401756927,Baylor,TCU,36.0,42.0,26.105,33.358,7.254,59.463,True,87.9,Spread,-3.5,HOME,3.7535561326967155,W
2025,8,401756927,Baylor,TCU,36.0,42.0,26.105,33.358,7.254,59.463,True,87.9,Under,66.5,UNDER,7.036801345665225,L
2025,8,401756928,West Virginia,UCF,13.0,45.0,21.59,31.573,9.983,53.163,True,84.8,Spread,-6.5,HOME,3.4833712483161534,W
2025,8,401756928,West Virginia,UCF,13.0,45.0,21.59,31.573,9.983,53.163,True,84.8,Over,46.5,OVER,6.663457593866106,W
2025,8,401757281,Florida International,Western Kentucky,25.0,6.0,19.44,37.67,18.23,57.11,True,87.9,Spread,-10.0,HOME,8.230344131201324,L
2025,8,401757281,Florida International,Western Kentucky,25.0,6.0,19.44,37.67,18.23,57.11,True,87.9,Over,55.5,OVER,1.6096255753663584,L
2025,8,401757282,New Mexico State,Liberty,27.0,30.0,18.92,28.632,9.712,47.552,True,81.75,Spread,-10.5,AWAY,0.7880999511020974,W
2025,8,401757282,New Mexico State,Liberty,27.0,30.0,18.92,28.632,9.712,47.552,True,81.75,Under,48.5,UNDER,0.9484884636384194,L
2025,8,401757283,Delaware,Jacksonville State,25.0,38.0,24.821,29.836,5.015,54.657,True,87.9,Spread,3.0,HOME,8.015460521414653,W
2025,8,401757283,Delaware,Jacksonville State,25.0,38.0,24.821,29.836,5.015,54.657,True,87.9,Under,55.5,UNDER,0.8426480287996654,L
2025,8,401757284,UTEP,Sam Houston,35.0,17.0,22.781,20.892,-1.889,43.673,True,87.9,Spread,3.5,HOME,1.6105108394057392,L
2025,8,401757284,UTEP,Sam Houston,35.0,17.0,22.781,20.892,-1.889,43.673,True,87.9,Under,46.5,UNDER,2.82713408939545,L
2025,8,401760392,Wyoming,Air Force,21.0,24.0,24.33,29.905,5.575,54.235,True,84.8,Spread,-4.0,HOME,1.575003838357123,L
2025,8,401760392,Wyoming,Air Force,21.0,24.0,24.33,29.905,5.575,54.235,True,84.8,Under,56.5,UNDER,2.265212397997466,W
2025,8,401760393,UNLV,Boise State,31.0,56.0,24.917,33.247,8.329,58.164,True,91.0,Spread,-12.5,AWAY,4.170657421345002,L
2025,8,401760393,UNLV,Boise State,31.0,56.0,24.917,33.247,8.329,58.164,True,91.0,Under,60.5,UNDER,2.335767558151609,L
2025,8,401760394,Hawai'i,Colorado State,31.0,19.0,22.048,28.49,6.442,50.539,True,88.4,Spread,-2.5,HOME,3.941811786046827,L
2025,8,401760394,Hawai'i,Colorado State,31.0,19.0,22.048,28.49,6.442,50.539,True,88.4,Under,53.5,UNDER,2.9611962768555316,W
2025,8,401760395,Nevada,New Mexico,22.0,24.0,19.221,36.081,16.86,55.301,True,87.9,Spread,-14.0,HOME,2.8597915490008603,L
2025,8,401760395,Nevada,New Mexico,22.0,24.0,19.221,36.081,16.86,55.301,True,87.9,Over,49.5,OVER,5.801276098995686,L
2025,8,401760396,San José State,Utah State,25.0,30.0,26.35,33.626,7.276,59.976,True,87.9,Spread,-3.0,HOME,4.275732260787208,W
2025,8,401760396,San José State,Utah State,25.0,30.0,26.35,33.626,7.276,59.976,True,87.9,Under,63.5,UNDER,3.5241729103930126,W
2025,8,401761628,Arkansas State,South Alabama,15.0,14.0,23.962,32.875,8.913,56.837,True,87.9,Spread,-8.5,HOME,0.41251934969073645,L
2025,8,401761628,Arkansas State,South Alabama,15.0,14.0,23.962,32.875,8.913,56.837,True,87.9,Under,57.5,UNDER,0.662884095759523,W
2025,8,401761629,Coastal Carolina,App State,45.0,37.0,24.327,28.804,4.477,53.13,True,91.0,Spread,-10.5,AWAY,6.022923196590888,W
2025,8,401761629,Coastal Carolina,App State,45.0,37.0,24.327,28.804,4.477,53.13,True,91.0,Over,48.5,OVER,4.630426688122249,W
2025,8,401761630,Georgia State,Georgia Southern,24.0,41.0,23.657,37.504,13.847,61.161,True,87.9,Spread,-6.5,HOME,7.346749108211469,W
2025,8,401761630,Georgia State,Georgia Southern,24.0,41.0,23.657,37.504,13.847,61.161,True,87.9,Over,58.5,OVER,2.6607130718456844,W
2025,8,401761631,Old Dominion,James Madison,27.0,63.0,26.911,26.906,-0.006,53.817,True,91.0,Spread,-3.0,AWAY,3.0055076827715723,L
2025,8,401761631,Old Dominion,James Madison,27.0,63.0,26.911,26.906,-0.006,53.817,True,91.0,Over,47.5,OVER,6.31704179907404,W
2025,8,401761632,Texas State,Marshall,37.0,40.0,27.565,30.671,3.106,58.236,True,87.9,Spread,3.0,HOME,6.106264398269602,W
2025,8,401761632,Texas State,Marshall,37.0,40.0,27.565,30.671,3.106,58.236,True,87.9,Under,65.5,UNDER,7.264352871190432,L
2025,8,401761633,Troy,UL Monroe,37.0,14.0,25.075,22.012,-3.064,47.087,True,87.9,Spread,4.5,HOME,1.4364897011067015,L
2025,8,401761633,Troy,UL Monroe,37.0,14.0,25.075,22.012,-3.064,47.087,True,87.9,Over,45.5,OVER,1.587464271774273,W
2025,8,401761668,Southern Miss,Louisiana,22.0,10.0,24.861,29.461,4.599,54.322,True,91.0,Spread,4.5,HOME,9.099225646898809,L
2025,8,401761668,Southern Miss,Louisiana,22.0,10.0,24.861,29.461,4.599,54.322,True,91.0,Under,54.5,UNDER,0.17786741089894065,W
2025,8,401762486,Tulsa,East Carolina,27.0,41.0,13.754,40.334,26.581,54.088,True,87.9,Spread,-16.5,HOME,10.08066295956494,L
2025,8,401762486,Tulsa,East Carolina,27.0,41.0,13.754,40.334,26.581,54.088,True,87.9,Under,54.5,UNDER,0.4122772655567033,L
2025,8,401762487,Memphis,UAB,24.0,31.0,38.943,22.593,-16.35,61.536,True,87.9,Spread,23.5,HOME,7.150145496803248,W
2025,8,401762487,Memphis,UAB,24.0,31.0,38.943,22.593,-16.35,61.536,True,87.9,Over,59.5,OVER,2.0360137920395758,L
2025,8,401762488,Army,Tulane,17.0,24.0,22.007,28.413,6.406,50.421,True,91.5,Spread,-10.0,AWAY,3.593918143584915,W
2025,8,401762488,Army,Tulane,17.0,24.0,22.007,28.413,6.406,50.421,True,91.5,Over,44.5,OVER,5.920887376708137,L
2025,8,401762489,Temple,Charlotte,49.0,14.0,30.773,21.258,-9.515,52.032,True,84.8,Spread,10.0,HOME,0.4849991377294529,L
2025,8,401762489,Temple,Charlotte,49.0,14.0,30.773,21.258,-9.515,52.032,True,84.8,Over,47.5,OVER,4.531975737673875,W
2025,8,401762490,Florida Atlantic,South Florida,13.0,48.0,18.787,42.635,23.848,61.423,True,87.9,Spread,-20.5,HOME,3.348027440695599,W
2025,8,401762490,Florida Atlantic,South Florida,13.0,48.0,18.787,42.635,23.848,61.423,True,87.9,Under,72.5,UNDER,11.07744110135988,W
2025,8,401762491,UTSA,North Texas,17.0,55.0,29.299,37.451,8.152,66.75,True,91.0,Spread,-4.0,HOME,4.1519632120914025,W
2025,8,401762491,UTSA,North Texas,17.0,55.0,29.299,37.451,8.152,66.75,True,91.0,Over,64.5,OVER,2.2498890029077927,W
2025,8,401762838,Akron,Ball State,28.0,42.0,22.335,26.755,4.42,49.091,True,87.9,Spread,2.5,HOME,6.9196190844844665,W
2025,8,401762838,Akron,Ball State,28.0,42.0,22.335,26.755,4.42,49.091,True,87.9,Over,44.5,OVER,4.590597447457128,W
2025,8,401762839,Central Michigan,Bowling Green,27.0,6.0,16.805,30.727,13.921,47.532,True,87.9,Spread,-3.0,HOME,10.921240922045612,L
2025,8,401762839,Central Michigan,Bowling Green,27.0,6.0,16.805,30.727,13.921,47.532,True,87.9,Over,43.5,OVER,4.032150130399202,L
2025,8,401762840,Buffalo,Massachusetts,28.0,21.0,30.56,19.07,-11.49,49.63,True,84.8,Spread,16.5,HOME,5.010142855165306,W
2025,8,401762840,Buffalo,Massachusetts,28.0,21.0,30.56,19.07,-11.49,49.63,True,84.8,Over,47.5,OVER,2.1304134032263775,W
2025,8,401762841,Eastern Michigan,Miami (OH),30.0,44.0,19.257,31.645,12.388,50.902,True,91.0,Spread,-12.5,AWAY,0.11201215293876743,L
2025,8,401762841,Eastern Michigan,Miami (OH),30.0,44.0,19.257,31.645,12.388,50.902,True,91.0,Over,47.5,OVER,3.4022529031316324,W
2025,8,401762842,Kent State,Toledo,10.0,45.0,10.93,38.871,27.941,49.802,True,87.9,Spread,-25.5,HOME,2.440737537592895,W
2025,8,401762842,Kent State,Toledo,10.0,45.0,10.93,38.871,27.941,49.802,True,87.9,Over,48.5,OVER,1.3017294469041332,W
2025,8,401762843,Northern Illinois,Ohio,21.0,48.0,15.921,29.898,13.976,45.819,True,87.9,Spread,-10.5,HOME,3.4761681822516053,W
2025,8,401762843,Northern Illinois,Ohio,21.0,48.0,15.921,29.898,13.976,45.819,True,87.9,Over,41.5,OVER,4.319126337791509,W
2025,9,401752746,Auburn,Arkansas,33.0,24.0,25.2,28.872,3.672,54.073,True,91.5,Spread,-2.5,HOME,1.1723918578887016,L
2025,9,401752746,Auburn,Arkansas,33.0,24.0,25.2,28.872,3.672,54.073,True,91.5,Under,56.5,UNDER,2.427487489165415,L
2025,9,401752747,Tennessee,Kentucky,56.0,34.0,29.884,24.39,-5.494,54.274,True,91.5,Spread,7.5,HOME,2.005857191111062,L
2025,9,401752747,Tennessee,Kentucky,56.0,34.0,29.884,24.39,-5.494,54.274,True,91.5,Under,55.5,UNDER,1.2258770947367594,L
2025,9,401752748,Texas AandM,LSU,49.0,25.0,24.605,24.886,0.281,49.491,True,92.0,Spread,1.5,HOME,1.780725226228924,L
2025,9,401752748,Texas AandM,LSU,49.0,25.0,24.605,24.886,0.281,49.491,True,92.0,Under,50.5,UNDER,1.0094905303761124,L
2025,9,401752749,Texas,Mississippi State,45.0,38.0,28.351,21.296,-7.055,49.648,True,92.0,Spread,8.5,HOME,1.4449632134411061,W
2025,9,401752749,Texas,Mississippi State,45.0,38.0,28.351,21.296,-7.055,49.648,True,92.0,Over,48.5,OVER,1.1477904907797836,W
2025,9,401752750,Ole Miss,Oklahoma,34.0,26.0,22.916,25.791,2.875,48.707,True,92.0,Spread,-5.5,AWAY,2.624735143591245,W
2025,9,401752750,Ole Miss,Oklahoma,34.0,26.0,22.916,25.791,2.875,48.707,True,92.0,Under,52.5,UNDER,3.7928370342556192,L
2025,9,401752751,Alabama,South Carolina,29.0,22.0,24.326,19.292,-5.035,43.618,True,91.5,Spread,11.5,HOME,6.4654617742959175,W
2025,9,401752751,Alabama,South Carolina,29.0,22.0,24.326,19.292,-5.035,43.618,True,91.5,Under,47.5,UNDER,3.881802121903071,L
2025,9,401752752,Missouri,Vanderbilt,10.0,17.0,23.926,29.81,5.884,53.736,True,92.0,Spread,-3.0,HOME,2.884227376276087,W
2025,9,401752752,Missouri,Vanderbilt,10.0,17.0,23.926,29.81,5.884,53.736,True,92.0,Over,52.5,OVER,1.2363943847242922,L
2025,9,401752880,Illinois,Washington,25.0,42.0,22.888,28.99,6.103,51.878,True,92.0,Spread,-3.5,HOME,2.6025231164550178,W
2025,9,401752880,Illinois,Washington,25.0,42.0,22.888,28.99,6.103,51.878,True,92.0,Under,54.5,UNDER,2.6220821726120818,L
2025,9,401752881,Michigan,Michigan State,31.0,20.0,29.558,20.945,-8.613,50.503,True,91.5,Spread,-13.5,AWAY,22.112763684305232,W
2025,9,401752881,Michigan,Michigan State,31.0,20.0,29.558,20.945,-8.613,50.503,True,91.5,Over,47.5,OVER,3.0034531531658075,W
2025,9,401752882,Minnesota,Iowa,3.0,41.0,15.272,31.14,15.868,46.412,True,92.0,Spread,-7.5,HOME,8.36752830667239,W
2025,9,401752882,Minnesota,Iowa,3.0,41.0,15.272,31.14,15.868,46.412,True,92.0,Over,39.5,OVER,6.911530048685961,W
2025,9,401752883,Northwestern,Nebraska,21.0,28.0,20.989,28.232,7.242,49.221,True,92.0,Spread,-7.0,HOME,0.2422896998887012,P
2025,9,401752883,Northwestern,Nebraska,21.0,28.0,20.989,28.232,7.242,49.221,True,92.0,Over,44.5,OVER,4.720877887932289,W
2025,9,401752884,Rutgers,Purdue,27.0,24.0,28.669,27.253,-1.416,55.921,True,91.0,Spread,-2.5,AWAY,3.9158289600082696,W
2025,9,401752884,Rutgers,Purdue,27.0,24.0,28.669,27.253,-1.416,55.921,True,91.0,Under,60.5,UNDER,4.578639969043458,W
2025,9,401752885,UCLA,Indiana,6.0,56.0,10.509,44.03,33.521,54.539,True,92.0,Spread,-26.5,HOME,7.020888582318321,W
2025,9,401752885,UCLA,Indiana,6.0,56.0,10.509,44.03,33.521,54.539,True,92.0,Over,53.5,OVER,1.0391252528766728,W
2025,9,401752886,Wisconsin,Oregon,7.0,21.0,12.244,40.835,28.592,53.079,True,92.0,Spread,-31.5,AWAY,2.9084307196104113,W
2025,9,401752886,Wisconsin,Oregon,7.0,21.0,12.244,40.835,28.592,53.079,True,92.0,Over,44.5,OVER,8.579118184131154,L
2025,9,401752942,SMU,Wake Forest,12.0,13.0,27.03,26.621,-0.409,53.65,True,91.5,Spread,5.5,HOME,5.0905838497114,W
2025,9,401752942,SMU,Wake Forest,12.0,13.0,27.03,26.621,-0.409,53.65,True,91.5,Over,52.5,OVER,1.150481556511636,L
2025,9,401752952,Toledo,Washington State,7.0,28.0,25.06,25.359,0.298,50.419,True,92.0,Spread,1.5,HOME,1.7984487353297922,W
2025,9,401752952,Toledo,Washington State,7.0,28.0,25.06,25.359,0.298,50.419,True,92.0,Over,44.5,OVER,5.919247517862267,L
2025,9,401754372,California,Virginia Tech,34.0,42.0,21.096,28.875,7.779,49.971,True,91.5,Spread,-6.0,HOME,1.7790770182359665,W
2025,9,401754372,California,Virginia Tech,34.0,42.0,21.096,28.875,7.779,49.971,True,91.5,Under,50.5,UNDER,0.5292718227607267,L
2025,9,401754570,Boston College,Louisville,24.0,38.0,13.557,40.046,26.488,53.603,True,91.0,Spread,-25.5,HOME,0.9881081838275279,L
2025,9,401754570,Boston College,Louisville,24.0,38.0,13.557,40.046,26.488,53.603,True,91.0,Under,54.5,UNDER,0.8970075517406428,L
2025,9,401754571,Syracuse,Georgia Tech,16.0,41.0,20.132,38.049,17.917,58.181,True,91.5,Spread,-17.5,HOME,0.41693051600249476,W
2025,9,401754571,Syracuse,Georgia Tech,16.0,41.0,20.132,38.049,17.917,58.181,True,91.5,Over,52.5,OVER,5.680961489056152,W
2025,9,401754572,Stanford,Miami,7.0,42.0,11.095,40.491,29.396,51.586,True,92.0,Spread,-28.5,HOME,0.8962255285361209,W
2025,9,401754572,Stanford,Miami,7.0,42.0,11.095,40.491,29.396,51.586,True,92.0,Over,45.5,OVER,6.085784607324051,W
2025,9,401754573,Virginia,North Carolina,17.0,16.0,34.391,17.34,-17.051,51.73,True,88.4,Spread,11.5,AWAY,5.551410561338145,L
2025,9,401754573,Virginia,North Carolina,17.0,16.0,34.391,17.34,-17.051,51.73,True,88.4,Over,50.5,OVER,1.2304574519096008,L
2025,9,401754574,NC State,Pittsburgh,34.0,53.0,23.148,29.84,6.691,52.988,True,92.0,Spread,-4.5,HOME,2.1914698023073598,W
2025,9,401754574,NC State,Pittsburgh,34.0,53.0,23.148,29.84,6.691,52.988,True,92.0,Over,52.5,OVER,0.4883095823754573,W
2025,9,401756929,Houston,Arizona State,24.0,16.0,20.32,27.49,7.17,47.809,True,92.0,Spread,-7.0,HOME,0.1700768986337664,L
2025,9,401756929,Houston,Arizona State,24.0,16.0,20.32,27.49,7.17,47.809,True,92.0,Over,46.5,OVER,1.3091702312391078,L
2025,9,401756930,Baylor,Cincinnati,20.0,41.0,26.198,31.925,5.727,58.124,True,91.5,Spread,-3.5,HOME,2.227289541281692,W
2025,9,401756930,Baylor,Cincinnati,20.0,41.0,26.198,31.925,5.727,58.124,True,91.5,Under,68.5,UNDER,10.37636730388823,W
2025,9,401756931,BYU,Iowa State,41.0,27.0,25.901,25.356,-0.546,51.257,True,91.5,Spread,-2.5,AWAY,3.0459127244669233,W
2025,9,401756931,BYU,Iowa State,41.0,27.0,25.901,25.356,-0.546,51.257,True,91.5,Over,48.5,OVER,2.7570625389604686,W
2025,9,401756932,Kansas State,Kansas,42.0,17.0,24.343,29.666,5.323,54.009,True,91.0,Spread,-3.5,HOME,1.8227812899567901,L
2025,9,401756932,Kansas State,Kansas,42.0,17.0,24.343,29.666,5.323,54.009,True,91.0,Under,55.5,UNDER,1.491192157384674,L
2025,9,401756933,Oklahoma State,Texas Tech,0.0,42.0,10.417,47.874,37.457,58.291,True,91.5,Spread,-37.5,AWAY,0.04270712446047753,L
2025,9,401756933,Oklahoma State,Texas Tech,0.0,42.0,10.417,47.874,37.457,58.291,True,91.5,Over,56.5,OVER,1.791239487441743,L
2025,9,401756934,Colorado,Utah,7.0,53.0,17.697,34.42,16.722,52.117,True,92.0,Spread,-14.0,HOME,2.722244448137168,W
2025,9,401756934,Colorado,Utah,7.0,53.0,17.697,34.42,16.722,52.117,True,92.0,Over,49.5,OVER,2.6167975504879877,W
2025,9,401756935,TCU,West Virginia,23.0,17.0,33.634,23.267,-10.367,56.901,True,91.5,Spread,16.5,HOME,6.1330125335344405,W
2025,9,401756935,TCU,West Virginia,23.0,17.0,33.634,23.267,-10.367,56.901,True,91.5,Over,55.5,OVER,1.4009007972268819,L
2025,9,401757172,UConn,Rice,34.0,37.0,29.664,21.632,-8.033,51.296,True,92.0,Spread,10.5,HOME,2.46742641175733,W
2025,9,401757172,UConn,Rice,34.0,37.0,29.664,21.632,-8.033,51.296,True,92.0,Over,48.5,OVER,2.7955738108384054,W
2025,9,401757285,Kennesaw State,Florida International,45.0,26.0,25.17,25.195,0.024,50.365,True,91.0,Spread,3.0,HOME,3.024482677295005,L
2025,9,401757285,Kennesaw State,Florida International,45.0,26.0,25.17,25.195,0.024,50.365,True,91.0,Over,48.5,OVER,1.8653569405276116,W
2025,9,401757286,Western Kentucky,Louisiana Tech,28.0,27.0,20.089,28.384,8.294,48.473,True,91.5,Spread,-5.5,HOME,2.794162486352782,L
2025,9,401757286,Western Kentucky,Louisiana Tech,28.0,27.0,20.089,28.384,8.294,48.473,True,91.5,Under,49.5,UNDER,1.026919723408632,L
2025,9,401757287,Middle Tennessee,Delaware,28.0,31.0,18.648,33.429,14.781,52.078,True,87.9,Spread,-8.5,HOME,6.28125217412623,L
2025,9,401757287,Middle Tennessee,Delaware,28.0,31.0,18.648,33.429,14.781,52.078,True,87.9,Under,55.5,UNDER,3.4222675009458072,L
2025,9,401757288,Missouri State,New Mexico State,24.0,17.0,25.452,30.054,4.602,55.506,True,87.9,Spread,2.5,HOME,7.101825799294581,L
2025,9,401757288,Missouri State,New Mexico State,24.0,17.0,25.452,30.054,4.602,55.506,True,87.9,Over,51.5,OVER,4.005843395499738,L
2025,9,401760397,Boise State,Nevada,24.0,3.0,34.051,20.506,-13.544,54.557,True,91.5,Spread,21.0,HOME,7.455882469397594,P
2025,9,401760397,Boise State,Nevada,24.0,3.0,34.051,20.506,-13.544,54.557,True,91.5,Over,50.5,OVER,4.05701626240856,L
2025,9,401760398,Colorado State,Wyoming,0.0,28.0,22.962,24.916,1.954,47.879,True,91.0,Spread,-5.5,AWAY,3.5463831889577193,L
2025,9,401760398,Colorado State,Wyoming,0.0,28.0,22.962,24.916,1.954,47.879,True,91.0,Over,46.5,OVER,1.378588928278866,L
2025,9,401760399,San Diego State,Fresno State,23.0,0.0,24.959,24.371,-0.588,49.33,True,91.5,Spread,3.0,HOME,2.4120738191692226,L
2025,9,401760399,San Diego State,Fresno State,23.0,0.0,24.959,24.371,-0.588,49.33,True,91.5,Over,46.5,OVER,2.8303839351681788,L
2025,9,401760400,Utah State,New Mexico,14.0,33.0,26.928,32.431,5.503,59.359,True,92.0,Spread,-3.0,HOME,2.5029741645825254,W
2025,9,401760400,Utah State,New Mexico,14.0,33.0,26.928,32.431,5.503,59.359,True,92.0,Under,61.5,UNDER,2.1408384615263643,W
2025,9,401761634,South Alabama,Georgia State,38.0,31.0,32.029,24.792,-7.237,56.82,True,91.0,Spread,6.0,AWAY,1.237000499875947,W
2025,9,401761634,South Alabama,Georgia State,38.0,31.0,32.029,24.792,-7.237,56.82,True,91.0,Over,53.5,OVER,3.320269813496509,W
2025,9,401761635,App State,Old Dominion,21.0,24.0,18.751,39.258,20.507,58.008,True,92.0,Spread,-13.5,HOME,7.006847063935883,L
2025,9,401761635,App State,Old Dominion,21.0,24.0,18.751,39.258,20.507,58.008,True,92.0,Under,62.5,UNDER,4.491714638868395,W
2025,9,401761636,Georgia Southern,Arkansas State,24.0,34.0,27.998,30.29,2.291,58.288,True,92.0,Spread,1.5,HOME,3.7912330075792795,W
2025,9,401761636,Georgia Southern,Arkansas State,24.0,34.0,27.998,30.29,2.291,58.288,True,92.0,Under,59.5,UNDER,1.2119706425100958,W
2025,9,401761637,UL Monroe,Southern Miss,21.0,49.0,19.523,31.155,11.632,50.677,True,91.5,Spread,-14.0,AWAY,2.3680011173588653,L
2025,9,401761637,UL Monroe,Southern Miss,21.0,49.0,19.523,31.155,11.632,50.677,True,91.5,Over,48.5,OVER,2.1771380031668457,W
2025,9,401761638,Louisiana,Troy,23.0,35.0,19.562,30.107,10.545,49.668,True,92.0,Spread,-7.0,HOME,3.544630026007127,W
2025,9,401761638,Louisiana,Troy,23.0,35.0,19.562,30.107,10.545,49.668,True,92.0,Over,47.5,OVER,2.168493688985393,W
2025,9,401762492,North Texas,Charlotte,54.0,20.0,43.904,17.651,-26.253,61.555,True,91.5,Spread,25.5,AWAY,0.7526369805826647,W
2025,9,401762492,North Texas,Charlotte,54.0,20.0,43.904,17.651,-26.253,61.555,True,91.5,Over,60.5,OVER,1.0552015742662988,W
2025,9,401762493,Florida Atlantic,Navy,32.0,42.0,19.043,40.463,21.421,59.506,True,91.0,Spread,-14.5,HOME,6.920748702236551,L
2025,9,401762493,Florida Atlantic,Navy,32.0,42.0,19.043,40.463,21.421,59.506,True,91.0,Under,63.5,UNDER,3.994194308664298,L
2025,9,401762494,South Florida,Memphis,31.0,34.0,29.29,30.867,1.577,60.158,True,92.0,Spread,3.5,HOME,5.0769915309707585,W
2025,9,401762494,South Florida,Memphis,31.0,34.0,29.29,30.867,1.577,60.158,True,92.0,Over,58.5,OVER,1.6579559800040187,W
2025,9,401762495,Temple,Tulsa,38.0,37.0,31.134,23.911,-7.223,55.045,True,91.0,Spread,4.5,AWAY,2.7234314989282,L
2025,9,401762495,Temple,Tulsa,38.0,37.0,31.134,23.911,-7.223,55.045,True,91.0,Over,52.5,OVER,2.544872761716313,W
2025,9,401762844,Akron,Buffalo,24.0,16.0,18.211,32.375,14.164,50.586,True,91.5,Spread,-10.0,HOME,4.16353131491779,L
2025,9,401762844,Akron,Buffalo,24.0,16.0,18.211,32.375,14.164,50.586,True,91.5,Over,48.5,OVER,2.0855276383931383,L
2025,9,401762845,Ball State,Northern Illinois,7.0,21.0,18.789,27.371,8.582,46.161,True,91.0,Spread,-6.5,HOME,2.0818039719717696,W
2025,9,401762845,Ball State,Northern Illinois,7.0,21.0,18.789,27.371,8.582,46.161,True,91.0,Over,41.5,OVER,4.660623037062557,L
2025,9,401762846,Bowling Green,Kent State,21.0,24.0,27.89,19.61,-8.28,47.499,True,91.0,Spread,7.5,AWAY,0.7798075606213786,L
2025,9,401762846,Bowling Green,Kent State,21.0,24.0,27.89,19.61,-8.28,47.499,True,91.0,Under,47.5,UNDER,0.0005390708534207533,W
2025,9,401762847,Massachusetts,Central Michigan,13.0,38.0,15.414,33.025,17.611,48.439,True,91.5,Spread,-16.5,HOME,1.1106390395511099,W
2025,9,401762847,Massachusetts,Central Michigan,13.0,38.0,15.414,33.025,17.611,48.439,True,91.5,Over,46.5,OVER,1.9392266236836093,W
2025,9,401762848,Ohio,Eastern Michigan,28.0,21.0,32.214,23.365,-8.849,55.58,True,92.0,Spread,11.5,HOME,2.650927962126204,W
2025,9,401762848,Ohio,Eastern Michigan,28.0,21.0,32.214,23.365,-8.849,55.58,True,92.0,Under,60.5,UNDER,4.920466143303003,W
2025,9,401762874,Western Michigan,Miami (OH),17.0,26.0,24.396,22.2,-2.196,46.596,True,92.0,Spread,-2.5,AWAY,4.695866076407434,L
2025,9,401762874,Western Michigan,Miami (OH),17.0,26.0,24.396,22.2,-2.196,46.596,True,92.0,Over,40.5,OVER,6.0955570281889635,W
2025,10,401752753,Mississippi State,Arkansas,38.0,35.0,27.555,34.009,6.455,61.564,True,92.0,Spread,-5.5,HOME,0.9547253074729838,L
2025,10,401752753,Mississippi State,Arkansas,38.0,35.0,27.555,34.009,6.455,61.564,True,92.0,Under,66.5,UNDER,4.935825558015978,L
2025,10,401752754,Kentucky,Auburn,10.0,3.0,17.161,29.82,12.659,46.981,True,92.0,Spread,-11.5,HOME,1.1590281111132796,L
2025,10,401752754,Kentucky,Auburn,10.0,3.0,17.161,29.82,12.659,46.981,True,92.0,Over,44.5,OVER,2.4812092558123453,L
2025,10,401752755,Georgia,Florida,24.0,20.0,29.26,20.617,-8.642,49.877,True,91.5,Spread,7.0,AWAY,1.642254847174513,L
2025,10,401752755,Georgia,Florida,24.0,20.0,29.26,20.617,-8.642,49.877,True,91.5,Under,50.5,UNDER,0.6230030281074548,W
2025,10,401752756,South Carolina,Ole Miss,14.0,30.0,16.904,34.368,17.464,51.272,True,92.0,Spread,-12.5,HOME,4.964338334315002,W
2025,10,401752756,South Carolina,Ole Miss,14.0,30.0,16.904,34.368,17.464,51.272,True,92.0,Under,55.5,UNDER,4.227914063108948,W
2025,10,401752757,Oklahoma,Tennessee,33.0,27.0,22.38,29.557,7.178,51.937,True,92.0,Spread,-3.0,HOME,4.177691390496392,L
2025,10,401752757,Oklahoma,Tennessee,33.0,27.0,22.38,29.557,7.178,51.937,True,92.0,Under,55.5,UNDER,3.5628887515629515,L
2025,10,401752758,Vanderbilt,Texas,31.0,34.0,21.657,29.184,7.526,50.841,True,92.0,Spread,-3.5,HOME,4.026433469606555,L
2025,10,401752758,Vanderbilt,Texas,31.0,34.0,21.657,29.184,7.526,50.841,True,92.0,Over,48.5,OVER,2.3406451076187693,W
2025,10,401752887,Indiana,Maryland,55.0,10.0,35.123,17.284,-17.839,52.407,True,91.5,Spread,21.0,HOME,3.161323320620099,L
2025,10,401752887,Indiana,Maryland,55.0,10.0,35.123,17.284,-17.839,52.407,True,91.5,Over,50.5,OVER,1.907399913445488,W
2025,10,401752888,Michigan State,Minnesota,20.0,23.0,19.585,27.918,8.333,47.503,True,92.0,Spread,-4.5,HOME,3.8330896618552757,L
2025,10,401752888,Michigan State,Minnesota,20.0,23.0,19.585,27.918,8.333,47.503,True,92.0,Over,44.5,OVER,3.0033502905030147,L
2025,10,401752889,Penn State,Ohio State,14.0,38.0,15.059,33.152,18.092,48.211,True,92.0,Spread,-17.5,HOME,0.5924651387182038,W
2025,10,401752889,Penn State,Ohio State,14.0,38.0,15.059,33.152,18.092,48.211,True,92.0,Over,45.5,OVER,2.711139736468027,W
2025,10,401752890,Purdue,Michigan,16.0,21.0,17.132,36.713,19.582,53.845,True,92.0,Spread,-21.0,AWAY,1.4183985335867888,W
2025,10,401752890,Purdue,Michigan,16.0,21.0,17.132,36.713,19.582,53.845,True,92.0,Over,48.5,OVER,5.3453574130600785,L
2025,10,401752891,Rutgers,Illinois,13.0,35.0,22.495,36.257,13.762,58.753,True,92.0,Spread,-13.5,HOME,0.2622389030928929,W
2025,10,401752891,Rutgers,Illinois,13.0,35.0,22.495,36.257,13.762,58.753,True,92.0,Under,63.5,UNDER,4.7473099313601494,W
2025,10,401752892,USC,Nebraska,21.0,17.0,30.71,27.67,-3.04,58.38,True,92.0,Spread,4.5,HOME,1.4595271906399319,W
2025,10,401752892,USC,Nebraska,21.0,17.0,30.71,27.67,-3.04,58.38,True,92.0,Under,59.5,UNDER,1.119926100944987,W
2025,10,401752943,Washington State,Oregon State,7.0,10.0,31.063,23.348,-7.715,54.41,True,92.0,Spread,3.5,AWAY,4.214977137296149,L
2025,10,401752943,Washington State,Oregon State,7.0,10.0,31.063,23.348,-7.715,54.41,True,92.0,Over,47.5,OVER,6.910284269523558,L
2025,10,401754575,North Carolina,Syracuse,27.0,10.0,21.199,30.608,9.409,51.808,True,91.5,Spread,-1.5,HOME,7.908710888458067,L
2025,10,401754575,North Carolina,Syracuse,27.0,10.0,21.199,30.608,9.409,51.808,True,91.5,Over,45.5,OVER,6.307530230371668,L
2025,10,401754576,Virginia,California,31.0,21.0,29.584,21.946,-7.637,51.53,True,92.0,Spread,6.5,AWAY,1.137364255154388,W
2025,10,401754576,Virginia,California,31.0,21.0,29.584,21.946,-7.637,51.53,True,92.0,Under,52.5,UNDER,0.9701672844915379,W
2025,10,401754577,Duke,Clemson,46.0,45.0,25.601,27.772,2.171,53.373,True,92.0,Spread,-4.0,AWAY,1.8294751418188397,W
2025,10,401754577,Duke,Clemson,46.0,45.0,25.601,27.772,2.171,53.373,True,92.0,Under,54.5,UNDER,1.1268825936322102,L
2025,10,401754578,Wake Forest,Florida State,7.0,42.0,22.441,31.854,9.413,54.295,True,91.5,Spread,-12.5,AWAY,3.0869344320129315,L
2025,10,401754578,Wake Forest,Florida State,7.0,42.0,22.441,31.854,9.413,54.295,True,91.5,Over,50.5,OVER,3.7949293606461936,L
2025,10,401754579,Georgia Tech,NC State,36.0,48.0,29.179,27.66,-1.52,56.839,True,92.0,Spread,4.5,HOME,2.980175895794204,W
2025,10,401754579,Georgia Tech,NC State,36.0,48.0,29.179,27.66,-1.52,56.839,True,92.0,Under,58.5,UNDER,1.661170127793504,L
2025,10,401754580,Louisville,Virginia Tech,28.0,16.0,30.688,24.16,-6.529,54.848,True,92.0,Spread,10.5,HOME,3.97145789210564,L
2025,10,401754580,Louisville,Virginia Tech,28.0,16.0,30.688,24.16,-6.529,54.848,True,92.0,Over,52.5,OVER,2.3484192262584216,L
2025,10,401754581,Miami,SMU,20.0,26.0,27.965,23.184,-4.782,51.149,True,92.0,Spread,8.5,HOME,3.71840719297915,W
2025,10,401754581,Miami,SMU,20.0,26.0,27.965,23.184,-4.782,51.149,True,92.0,Over,50.5,OVER,0.6488840578977957,L
2025,10,401754582,Pittsburgh,Stanford,35.0,20.0,30.302,19.912,-10.391,50.214,True,92.0,Spread,13.5,HOME,3.109301103288445,L
2025,10,401754582,Pittsburgh,Stanford,35.0,20.0,30.302,19.912,-10.391,50.214,True,92.0,Under,51.5,UNDER,1.2859830213142374,L
2025,10,401754583,Notre Dame,Boston College,25.0,10.0,41.158,15.958,-25.199,57.116,True,92.0,Spread,31.5,HOME,6.300622479729839,W
2025,10,401754583,Notre Dame,Boston College,25.0,10.0,41.158,15.958,-25.199,57.116,True,92.0,Over,55.5,OVER,1.615912095820491,L
2025,10,401756936,UCF,Baylor,3.0,30.0,26.119,29.815,3.695,55.934,True,91.5,Spread,-3.0,HOME,0.6953394207119139,W
2025,10,401756936,UCF,Baylor,3.0,30.0,26.119,29.815,3.695,55.934,True,91.5,Under,58.5,UNDER,2.566184666001611,W
2025,10,401756937,Arizona,Colorado,52.0,17.0,23.853,27.06,3.207,50.914,True,92.0,Spread,4.0,HOME,7.206687623142464,L
2025,10,401756937,Arizona,Colorado,52.0,17.0,23.853,27.06,3.207,50.914,True,92.0,Under,52.5,UNDER,1.586379106538601,L
2025,10,401756938,West Virginia,Houston,45.0,35.0,16.465,32.285,15.821,48.75,True,92.0,Spread,-13.5,HOME,2.320667029557532,L
2025,10,401756938,West Virginia,Houston,45.0,35.0,16.465,32.285,15.821,48.75,True,92.0,Over,48.5,OVER,0.2497591478577661,W
2025,10,401756939,Arizona State,Iowa State,24.0,19.0,22.819,30.32,7.501,53.139,True,92.0,Spread,-7.5,HOME,0.0009522885114634505,L
2025,10,401756939,Arizona State,Iowa State,24.0,19.0,22.819,30.32,7.501,53.139,True,92.0,Over,48.5,OVER,4.639235448467488,L
2025,10,401756940,Oklahoma State,Kansas,21.0,38.0,15.915,41.457,25.541,57.372,True,92.0,Spread,-24.5,HOME,1.0412703692312348,L
2025,10,401756940,Oklahoma State,Kansas,21.0,38.0,15.915,41.457,25.541,57.372,True,92.0,Over,54.5,OVER,2.8720934479397826,W
2025,10,401756941,Texas Tech,Kansas State,43.0,20.0,29.427,25.759,-3.669,55.186,True,92.0,Spread,7.5,HOME,3.8312969211933847,L
2025,10,401756941,Texas Tech,Kansas State,43.0,20.0,29.427,25.759,-3.669,55.186,True,92.0,Over,51.5,OVER,3.686086716906267,W
2025,10,401756942,Cincinnati,Utah,14.0,45.0,18.572,36.403,17.831,54.974,True,92.0,Spread,-11.5,HOME,6.331032942326299,W
2025,10,401756942,Cincinnati,Utah,14.0,45.0,18.572,36.403,17.831,54.974,True,92.0,Under,57.5,UNDER,2.5256968445840826,L
2025,10,401757173,UAB,UConn,19.0,38.0,23.797,37.256,13.459,61.053,True,91.5,Spread,-10.0,HOME,3.45879030126477,W
2025,10,401757173,UAB,UConn,19.0,38.0,23.797,37.256,13.459,61.053,True,91.5,Under,61.5,UNDER,0.44705214776325164,W
2025,10,401757289,UTEP,Kennesaw State,20.0,33.0,18.224,29.116,10.893,47.34,True,91.5,Spread,-12.5,AWAY,1.6071707145543783,L
2025,10,401757289,UTEP,Kennesaw State,20.0,33.0,18.224,29.116,10.893,47.34,True,91.5,Under,52.5,UNDER,5.160018047379268,L
2025,10,401757290,Sam Houston,Louisiana Tech,14.0,55.0,12.585,32.039,19.454,44.624,True,92.0,Spread,-16.5,HOME,2.954067056149036,W
2025,10,401757290,Sam Houston,Louisiana Tech,14.0,55.0,12.585,32.039,19.454,44.624,True,92.0,Under,47.5,UNDER,2.8759531483867136,L
2025,10,401757291,Florida International,Missouri State,21.0,28.0,25.698,33.053,7.355,58.751,True,92.0,Spread,-3.0,HOME,4.3554006057257055,W
2025,10,401757291,Florida International,Missouri State,21.0,28.0,25.698,33.053,7.355,58.751,True,92.0,Over,49.5,OVER,9.251203480940617,L
2025,10,401757292,Jacksonville State,Middle Tennessee,24.0,21.0,30.33,23.499,-6.831,53.829,True,91.5,Spread,4.0,AWAY,2.83132067984036,L
2025,10,401757292,Jacksonville State,Middle Tennessee,24.0,21.0,30.33,23.499,-6.831,53.829,True,91.5,Over,53.5,OVER,0.3288897435325069,L
2025,10,401757293,Delaware,Liberty,30.0,59.0,23.634,26.818,3.184,50.452,True,91.5,Spread,-3.5,AWAY,0.3157469439376328,L
2025,10,401757293,Delaware,Liberty,30.0,59.0,23.634,26.818,3.184,50.452,True,91.5,Under,52.5,UNDER,2.048249151220112,L
2025,10,401757294,New Mexico State,Western Kentucky,16.0,35.0,19.949,32.761,12.812,52.71,True,91.5,Spread,-7.5,HOME,5.311776559060199,W
2025,10,401757294,New Mexico State,Western Kentucky,16.0,35.0,19.949,32.761,12.812,52.71,True,91.5,Under,53.5,UNDER,0.7897065647878065,W
2025,10,401760401,Army,Air Force,20.0,17.0,28.087,24.407,-3.681,52.494,True,91.5,Spread,1.5,AWAY,2.180506146435164,W
2025,10,401760401,Army,Air Force,20.0,17.0,28.087,24.407,-3.681,52.494,True,91.5,Over,48.5,OVER,3.994254304681327,L
2025,10,401760402,Fresno State,Boise State,30.0,7.0,19.497,35.06,15.563,54.556,True,92.0,Spread,-17.5,AWAY,1.93699264684264,W
2025,10,401760402,Fresno State,Boise State,30.0,7.0,19.497,35.06,15.563,54.556,True,92.0,Over,47.5,OVER,7.056176208728523,L
2025,10,401760403,Hawai'i,San José State,38.0,45.0,25.323,27.489,2.166,52.813,True,91.5,Spread,-2.5,AWAY,0.3343852466381634,L
2025,10,401760403,Hawai'i,San José State,38.0,45.0,25.323,27.489,2.166,52.813,True,91.5,Under,55.5,UNDER,2.6874076727138174,L
2025,10,401760404,New Mexico,UNLV,40.0,35.0,25.428,32.695,7.267,58.124,True,92.0,Spread,-3.5,HOME,3.7669996167118853,L
2025,10,401760404,New Mexico,UNLV,40.0,35.0,25.428,32.695,7.267,58.124,True,92.0,Under,61.5,UNDER,3.37641991406349,L
2025,10,401760405,Wyoming,San Diego State,7.0,24.0,17.294,30.886,13.592,48.179,True,92.0,Spread,-10.0,HOME,3.591829219071151,W
2025,10,401760405,Wyoming,San Diego State,7.0,24.0,17.294,30.886,13.592,48.179,True,92.0,Over,42.5,OVER,5.679265111471338,L
2025,10,401761639,James Madison,Texas State,52.0,20.0,27.759,29.808,2.049,57.567,True,92.0,Spread,7.0,HOME,9.048778498862404,L
2025,10,401761639,James Madison,Texas State,52.0,20.0,27.759,29.808,2.049,57.567,True,92.0,Over,55.5,OVER,2.0672896990116243,W
2025,10,401761640,Marshall,Coastal Carolina,27.0,44.0,32.272,25.033,-7.239,57.305,True,91.5,Spread,7.0,AWAY,0.2394777502378318,L
2025,10,401761640,Marshall,Coastal Carolina,27.0,44.0,32.272,25.033,-7.239,57.305,True,91.5,Over,55.5,OVER,1.8047395246222067,W
2025,10,401761641,Old Dominion,UL Monroe,31.0,6.0,34.503,20.77,-13.732,55.273,True,92.0,Spread,16.5,HOME,2.767942175021531,L
2025,10,401761641,Old Dominion,UL Monroe,31.0,6.0,34.503,20.77,-13.732,55.273,True,92.0,Under,55.5,UNDER,0.22697311843424472,W
2025,10,401761642,Louisiana,South Alabama,31.0,22.0,22.701,31.281,8.58,53.983,True,92.0,Spread,-3.5,HOME,5.080096075803738,L
2025,10,401761642,Louisiana,South Alabama,31.0,22.0,22.701,31.281,8.58,53.983,True,92.0,Over,52.5,OVER,1.482698820898264,W
2025,10,401761643,Arkansas State,Troy,23.0,10.0,20.784,30.354,9.57,51.138,True,92.0,Spread,-7.5,HOME,2.070257678231229,L
2025,10,401761643,Arkansas State,Troy,23.0,10.0,20.784,30.354,9.57,51.138,True,92.0,Under,52.5,UNDER,1.362217421930879,W
2025,10,401762443,Tulane,UTSA,26.0,48.0,26.47,29.563,3.092,56.033,True,92.0,Spread,6.0,HOME,9.092151034686239,W
2025,10,401762443,Tulane,UTSA,26.0,48.0,26.47,29.563,3.092,56.033,True,92.0,Over,54.5,OVER,1.5328974867439698,W
2025,10,401762497,Memphis,Rice,38.0,14.0,33.847,20.156,-13.691,54.002,True,92.0,Spread,14.0,HOME,0.3090752551821474,L
2025,10,401762497,Memphis,Rice,38.0,14.0,33.847,20.156,-13.691,54.002,True,92.0,Over,48.5,OVER,5.502348321894402,W
2025,10,401762498,East Carolina,Temple,45.0,14.0,28.44,24.987,-3.453,53.427,True,92.0,Spread,5.5,HOME,2.0470833420965775,L
2025,10,401762498,East Carolina,Temple,45.0,14.0,28.44,24.987,-3.453,53.427,True,92.0,Under,58.5,UNDER,5.073045137890354,L
2025,10,401762499,Navy,North Texas,17.0,31.0,27.546,38.582,11.036,66.127,True,92.0,Spread,-6.5,HOME,4.535873041071341,W
2025,10,401762499,Navy,North Texas,17.0,31.0,27.546,38.582,11.036,66.127,True,92.0,Under,68.5,UNDER,2.372586399335475,W
2025,10,401762849,Buffalo,Bowling Green,28.0,3.0,21.182,26.544,5.361,47.726,True,92.0,Spread,-2.5,HOME,2.8611890110359752,L
2025,10,401762849,Buffalo,Bowling Green,28.0,3.0,21.182,26.544,5.361,47.726,True,92.0,Over,44.5,OVER,3.2259375115156814,L
2025,10,401762850,Central Michigan,Western Michigan,21.0,24.0,17.825,31.121,13.296,48.946,True,92.0,Spread,-6.0,HOME,7.296270935205641,L
2025,10,401762850,Central Michigan,Western Michigan,21.0,24.0,17.825,31.121,13.296,48.946,True,92.0,Over,43.5,OVER,5.4463897399724885,W
2025,11,401752759,LSU,Alabama,9.0,20.0,18.043,30.638,12.595,48.681,True,92.0,Spread,-10.0,HOME,2.595428060998522,W
2025,11,401752759,LSU,Alabama,9.0,20.0,18.043,30.638,12.595,48.681,True,92.0,Under,49.5,UNDER,0.8193639635543875,W
2025,11,401752760,Florida,Kentucky,7.0,38.0,23.896,22.776,-1.12,46.672,True,92.0,Spread,4.5,HOME,3.3797686576498123,W
2025,11,401752760,Florida,Kentucky,7.0,38.0,23.896,22.776,-1.12,46.672,True,92.0,Over,44.5,OVER,2.1717268878444216,W
2025,11,401752761,The Citadel,Ole Miss,0.0,49.0,7.385,49.696,42.311,57.08,False,73.0,Spread,-51.5,AWAY,9.189203108812322,W
2025,11,401752761,The Citadel,Ole Miss,0.0,49.0,7.385,49.696,42.311,57.08,False,73.0,Under,63.5,UNDER,6.419755193843997,W
2025,11,401752762,Georgia,Mississippi State,41.0,21.0,30.7,24.652,-6.048,55.352,True,92.0,Spread,9.5,HOME,3.451651102520401,L
2025,11,401752762,Georgia,Mississippi State,41.0,21.0,30.7,24.652,-6.048,55.352,True,92.0,Under,56.5,UNDER,1.1475221581441133,L
2025,11,401752763,Texas AandM,Missouri,38.0,17.0,24.959,26.667,1.708,51.626,True,92.0,Spread,7.0,HOME,8.707620607235455,L
2025,11,401752763,Texas AandM,Missouri,38.0,17.0,24.959,26.667,1.708,51.626,True,92.0,Over,48.5,OVER,3.1257673919003324,W
2025,11,401752764,Auburn,Vanderbilt,38.0,45.0,18.837,30.446,11.609,49.283,True,92.0,Spread,-6.0,HOME,5.609007779343784,W
2025,11,401752764,Auburn,Vanderbilt,38.0,45.0,18.837,30.446,11.609,49.283,True,92.0,Over,46.5,OVER,2.7831901801340777,W
2025,11,401752893,Indiana,Penn State,27.0,24.0,31.771,20.13,-11.641,51.901,True,92.0,Spread,14.5,HOME,2.859422030357635,W
2025,11,401752893,Indiana,Penn State,27.0,24.0,31.771,20.13,-11.641,51.901,True,92.0,Over,49.5,OVER,2.401373170971439,W
2025,11,401752894,Maryland,Rutgers,20.0,35.0,25.339,28.394,3.055,53.733,True,92.0,Spread,-1.5,HOME,1.5545096873604862,W
2025,11,401752894,Maryland,Rutgers,20.0,35.0,25.339,28.394,3.055,53.733,True,92.0,Under,56.5,UNDER,2.7673258348253214,W
2025,11,401752895,Nebraska,UCLA,28.0,21.0,27.834,22.41,-5.424,50.244,True,92.0,Spread,-1.5,AWAY,6.923532248904202,W
2025,11,401752895,Nebraska,UCLA,28.0,21.0,27.834,22.41,-5.424,50.244,True,92.0,Over,45.5,OVER,4.7438650570983825,W
2025,11,401752896,Northwestern,USC,17.0,38.0,19.903,36.562,16.659,56.465,True,92.0,Spread,-14.5,HOME,2.15872200068781,W
2025,11,401752896,Northwestern,USC,17.0,38.0,19.903,36.562,16.659,56.465,True,92.0,Over,54.5,OVER,1.9651761683063214,W
2025,11,401752897,Ohio State,Purdue,34.0,10.0,38.068,14.4,-23.668,52.468,True,92.0,Spread,29.5,HOME,5.831891165053051,W
2025,11,401752897,Ohio State,Purdue,34.0,10.0,38.068,14.4,-23.668,52.468,True,92.0,Over,49.5,OVER,2.968276489884552,L
2025,11,401752898,Oregon,Iowa,18.0,16.0,23.754,25.123,1.368,48.877,True,92.0,Spread,4.5,HOME,5.86846369966905,W
2025,11,401752898,Oregon,Iowa,18.0,16.0,23.754,25.123,1.368,48.877,True,92.0,Over,41.5,OVER,7.377230994045817,L
2025,11,401752899,Washington,Wisconsin,10.0,13.0,30.13,18.339,-11.791,48.469,True,92.0,Spread,10.5,AWAY,1.290516406292241,L
2025,11,401752899,Washington,Wisconsin,10.0,13.0,30.13,18.339,-11.791,48.469,True,92.0,Over,44.5,OVER,3.969439881527542,L
2025,11,401752944,Sam Houston,Oregon State,21.0,17.0,18.209,33.69,15.481,51.9,True,92.0,Spread,-21.0,AWAY,5.518986563440759,W
2025,11,401752944,Sam Houston,Oregon State,21.0,17.0,18.209,33.69,15.481,51.9,True,92.0,Under,52.5,UNDER,0.6000309778774451,W
2025,11,401754584,SMU,Boston College,45.0,13.0,31.618,21.19,-10.428,52.807,True,92.0,Spread,10.5,HOME,0.07194358061911998,L
2025,11,401754584,SMU,Boston College,45.0,13.0,31.618,21.19,-10.428,52.807,True,92.0,Under,54.5,UNDER,1.6927150300710707,L
2025,11,401754585,California,Louisville,29.0,26.0,16.71,35.596,18.886,52.306,True,92.0,Spread,-18.5,HOME,0.38581499012327214,L
2025,11,401754585,California,Louisville,29.0,26.0,16.71,35.596,18.886,52.306,True,92.0,Over,48.5,OVER,3.8058802187849423,W
2025,11,401754586,Florida State,Clemson,10.0,24.0,27.357,24.999,-2.358,52.356,True,92.0,Spread,-1.5,AWAY,3.8580786345607443,L
2025,11,401754586,Florida State,Clemson,10.0,24.0,27.357,24.999,-2.358,52.356,True,92.0,Under,56.5,UNDER,4.143866133177234,W
2025,11,401754587,Syracuse,Miami,10.0,38.0,13.615,41.477,27.862,55.092,True,92.0,Spread,-28.5,AWAY,0.6384969761607806,W
2025,11,401754587,Syracuse,Miami,10.0,38.0,13.615,41.477,27.862,55.092,True,92.0,Over,46.5,OVER,8.592409616413327,W
2025,11,401754588,Stanford,North Carolina,15.0,20.0,20.722,24.998,4.276,45.72,True,92.0,Spread,-8.5,AWAY,4.223951397298258,W
2025,11,401754588,Stanford,North Carolina,15.0,20.0,20.722,24.998,4.276,45.72,True,92.0,Over,41.5,OVER,4.219767815745016,L
2025,11,401754589,Wake Forest,Virginia,16.0,9.0,21.274,33.086,11.812,54.36,True,92.0,Spread,-7.0,HOME,4.812068828423612,L
2025,11,401754589,Wake Forest,Virginia,16.0,9.0,21.274,33.086,11.812,54.36,True,92.0,Over,48.5,OVER,5.860159686279395,L
2025,11,401754590,Duke,UConn,34.0,37.0,31.593,28.025,-3.568,59.619,True,92.0,Spread,7.5,HOME,3.9319855590328814,W
2025,11,401754590,Duke,UConn,34.0,37.0,31.593,28.025,-3.568,59.619,True,92.0,Under,63.5,UNDER,3.8813753012974104,L
2025,11,401756943,Kansas,Arizona,20.0,24.0,24.158,31.709,7.551,55.867,True,92.0,Spread,-5.5,HOME,2.0506703398202255,L
2025,11,401756943,Kansas,Arizona,20.0,24.0,24.158,31.709,7.551,55.867,True,92.0,Under,56.5,UNDER,0.6330931866858336,W
2025,11,401756944,Iowa State,TCU,20.0,17.0,24.137,30.356,6.218,54.493,True,92.0,Spread,-7.5,AWAY,1.2815663917187834,W
2025,11,401756944,Iowa State,TCU,20.0,17.0,24.137,30.356,6.218,54.493,True,92.0,Under,58.5,UNDER,4.006762303838244,W
2025,11,401756945,BYU,Texas Tech,7.0,29.0,23.512,32.102,8.59,55.613,True,92.0,Spread,-13.5,AWAY,4.909678626987024,L
2025,11,401756945,BYU,Texas Tech,7.0,29.0,23.512,32.102,8.59,55.613,True,92.0,Over,50.5,OVER,5.1133587096847535,L
2025,11,401756946,Houston,UCF,30.0,27.0,22.055,25.511,3.456,47.565,True,92.0,Spread,-1.5,HOME,1.9561188455277971,L
2025,11,401756946,Houston,UCF,30.0,27.0,22.055,25.511,3.456,47.565,True,92.0,Over,47.5,OVER,0.0653969145476907,W
2025,11,401756947,Colorado,West Virginia,22.0,29.0,25.914,27.362,1.447,53.276,True,92.0,Spread,-6.5,AWAY,5.052746266543551,L
2025,11,401756947,Colorado,West Virginia,22.0,29.0,25.914,27.362,1.447,53.276,True,92.0,Over,51.5,OVER,1.776071405659394,L
2025,11,401757166,Navy,Notre Dame,10.0,49.0,18.517,40.589,22.072,59.106,True,92.0,Spread,-30.5,AWAY,8.428335063222828,L
2025,11,401757166,Navy,Notre Dame,10.0,49.0,18.517,40.589,22.072,59.106,True,92.0,Over,54.5,OVER,4.60615040223103,W
2025,11,401757295,Louisiana Tech,Delaware,24.0,25.0,27.698,23.534,-4.164,51.232,True,92.0,Spread,5.5,HOME,1.3363452750411753,W
2025,11,401757295,Louisiana Tech,Delaware,24.0,25.0,27.698,23.534,-4.164,51.232,True,92.0,Under,56.5,UNDER,5.2679249908526415,W
2025,11,401757296,Florida International,Middle Tennessee,56.0,30.0,24.424,27.212,2.788,51.636,True,92.0,Spread,-1.5,HOME,1.287592825838793,L
2025,11,401757296,Florida International,Middle Tennessee,56.0,30.0,24.424,27.212,2.788,51.636,True,92.0,Over,50.5,OVER,1.1360313551739125,W
2025,11,401757297,Jacksonville State,UTEP,30.0,27.0,26.765,23.802,-2.963,50.567,True,92.0,Spread,1.5,AWAY,1.4629580935257014,W
2025,11,401757297,Jacksonville State,UTEP,30.0,27.0,26.765,23.802,-2.963,50.567,True,92.0,Over,46.5,OVER,4.067019495756327,W
2025,11,401757298,Kennesaw State,New Mexico State,24.0,21.0,25.744,22.847,-2.897,48.591,True,92.0,Spread,11.5,HOME,8.603123069338928,W
2025,11,401757298,Kennesaw State,New Mexico State,24.0,21.0,25.744,22.847,-2.897,48.591,True,92.0,Under,52.5,UNDER,3.9086012617715156,W
2025,11,401757299,Missouri State,Liberty,21.0,17.0,23.085,32.936,9.851,56.021,True,92.0,Spread,-7.5,HOME,2.350638775190191,L
2025,11,401757299,Missouri State,Liberty,21.0,17.0,23.085,32.936,9.851,56.021,True,92.0,Over,51.5,OVER,4.521368986944324,L
2025,11,401760406,Air Force,San José State,26.0,16.0,26.146,32.329,6.184,58.475,True,92.0,Spread,-6.0,HOME,0.18394769960154633,L
2025,11,401760406,Air Force,San José State,26.0,16.0,26.146,32.329,6.184,58.475,True,92.0,Under,67.5,UNDER,9.024956928092209,W
2025,11,401760407,UNLV,Colorado State,42.0,10.0,27.79,26.974,-0.815,54.764,True,92.0,Spread,5.5,HOME,4.684711789633269,L
2025,11,401760407,UNLV,Colorado State,42.0,10.0,27.79,26.974,-0.815,54.764,True,92.0,Under,60.5,UNDER,5.735924287656502,W
2025,11,401760408,San Diego State,Hawai'i,6.0,38.0,26.25,23.768,-2.482,50.018,True,92.0,Spread,6.5,HOME,4.017962205487024,W
2025,11,401760408,San Diego State,Hawai'i,6.0,38.0,26.25,23.768,-2.482,50.018,True,92.0,Over,48.5,OVER,1.517576088492902,L
2025,11,401760409,Nevada,Utah State,14.0,51.0,20.609,34.55,13.941,55.159,True,92.0,Spread,-10.0,HOME,3.94076429102212,W
2025,11,401760409,Nevada,Utah State,14.0,51.0,20.609,34.55,13.941,55.159,True,92.0,Over,52.5,OVER,2.65943851932785,W
2025,11,401761644,Georgia Southern,App State,25.0,23.0,27.95,30.016,2.066,57.966,True,92.0,Spread,-4.5,AWAY,2.4339568620180927,W
2025,11,401761644,Georgia Southern,App State,25.0,23.0,27.95,30.016,2.066,57.966,True,92.0,Under,62.5,UNDER,4.5338195420384295,W
2025,11,401761645,Georgia State,Coastal Carolina,27.0,40.0,22.434,35.475,13.041,57.909,True,92.0,Spread,-7.0,HOME,6.040926951801588,W
2025,11,401761645,Georgia State,Coastal Carolina,27.0,40.0,22.434,35.475,13.041,57.909,True,92.0,Over,56.5,OVER,1.409121449718299,W
2025,11,401761646,James Madison,Marshall,35.0,23.0,31.362,25.843,-5.52,57.205,True,92.0,Spread,13.5,HOME,7.980336067397957,W
2025,11,401761646,James Madison,Marshall,35.0,23.0,31.362,25.843,-5.52,57.205,True,92.0,Over,53.5,OVER,3.7052975201770124,W
2025,11,401761647,Southern Miss,Arkansas State,27.0,21.0,25.553,27.288,1.735,52.841,True,92.0,Spread,6.5,HOME,8.235016020784109,W
2025,11,401761647,Southern Miss,Arkansas State,27.0,21.0,25.553,27.288,1.735,52.841,True,92.0,Under,54.5,UNDER,1.6588845379163075,W
2025,11,401761648,Texas State,Louisiana,39.0,42.0,30.76,26.398,-4.362,57.158,True,92.0,Spread,3.5,AWAY,0.8615262190308783,L
2025,11,401761648,Texas State,Louisiana,39.0,42.0,30.76,26.398,-4.362,57.158,True,92.0,Under,62.5,UNDER,5.3415871605029395,L
2025,11,401762500,UTSA,South Florida,23.0,55.0,26.483,36.759,10.276,63.243,True,92.0,Spread,-14.0,AWAY,3.7237598728758847,L
2025,11,401762500,UTSA,South Florida,23.0,55.0,26.483,36.759,10.276,63.243,True,92.0,Under,66.5,UNDER,3.257440123618153,L
2025,11,401762501,Tulane,Memphis,38.0,32.0,23.739,33.045,9.305,56.784,True,92.0,Spread,-3.0,HOME,6.305263065047914,L
2025,11,401762501,Tulane,Memphis,38.0,32.0,23.739,33.045,9.305,56.784,True,92.0,Over,53.5,OVER,3.2838063815824725,W
2025,11,401762502,UAB,Rice,17.0,24.0,24.166,27.625,3.459,51.791,True,92.0,Spread,1.5,HOME,4.958607015509159,W
2025,11,401762502,UAB,Rice,17.0,24.0,24.166,27.625,3.459,51.791,True,92.0,Over,51.5,OVER,0.2912277116978288,L
2025,11,401762503,Temple,Army,13.0,14.0,19.531,31.666,12.135,51.197,True,92.0,Spread,-7.0,HOME,5.134942540695068,L
2025,11,401762503,Temple,Army,13.0,14.0,19.531,31.666,12.135,51.197,True,92.0,Over,45.5,OVER,5.697352076908778,L
2025,11,401762504,Charlotte,East Carolina,22.0,48.0,11.071,44.154,33.083,55.225,True,92.0,Spread,-27.5,HOME,5.583348164488029,L
2025,11,401762504,Charlotte,East Carolina,22.0,48.0,11.071,44.154,33.083,55.225,True,92.0,Under,56.5,UNDER,1.2749922681772645,L
2025,11,401762505,Tulsa,Florida Atlantic,21.0,40.0,27.119,33.253,6.134,60.373,True,92.0,Spread,-4.5,HOME,1.6342667577506766,W
2025,11,401762505,Tulsa,Florida Atlantic,21.0,40.0,27.119,33.253,6.134,60.373,True,92.0,Under,60.5,UNDER,0.12736047744462553,L
2025,11,401762851,Massachusetts,Akron,10.0,44.0,18.1,31.694,13.594,49.793,True,92.0,Spread,-12.5,HOME,1.0939103261555445,W
2025,11,401762851,Massachusetts,Akron,10.0,44.0,18.1,31.694,13.594,49.793,True,92.0,Under,51.5,UNDER,1.706563467120489,L
2025,11,401762852,Miami (OH),Ohio,20.0,24.0,19.998,29.166,9.167,49.164,True,92.0,Spread,-2.5,HOME,6.667123078904794,W
2025,11,401762852,Miami (OH),Ohio,20.0,24.0,19.998,29.166,9.167,49.164,True,92.0,Under,50.5,UNDER,1.3358842464747198,W
2025,11,401762853,Kent State,Ball State,13.0,17.0,21.358,27.884,6.527,49.242,True,92.0,Spread,-3.0,HOME,3.5266063969863666,W
2025,11,401762853,Kent State,Ball State,13.0,17.0,21.358,27.884,6.527,49.242,True,92.0,Over,48.5,OVER,0.7420575349031964,L
2025,11,401762854,Northern Illinois,Toledo,3.0,42.0,13.266,31.501,18.235,44.768,True,92.0,Spread,-14.5,HOME,3.7348078777926474,W
2025,11,401762854,Northern Illinois,Toledo,3.0,42.0,13.266,31.501,18.235,44.768,True,92.0,Over,42.5,OVER,2.2675568876418097,W
2025,11,401762855,Bowling Green,Eastern Michigan,21.0,27.0,24.035,26.272,2.237,50.306,True,92.0,Spread,-3.0,AWAY,0.7631852932821701,L
2025,11,401762855,Bowling Green,Eastern Michigan,21.0,27.0,24.035,26.272,2.237,50.306,True,92.0,Over,49.5,OVER,0.8063828513565596,L
2025,12,401752765,Oklahoma,Alabama,23.0,21.0,17.946,25.784,7.838,43.73,True,92.0,Spread,-6.5,HOME,1.3379619784837349,L
2025,12,401752765,Oklahoma,Alabama,23.0,21.0,17.946,25.784,7.838,43.73,True,92.0,Under,45.5,UNDER,1.7696645721253503,W
2025,12,401752766,Texas,Georgia,10.0,35.0,22.174,28.238,6.064,50.412,True,92.0,Spread,-3.5,HOME,2.5638417104342963,W
2025,12,401752766,Texas,Georgia,10.0,35.0,22.174,28.238,6.064,50.412,True,92.0,Under,50.5,UNDER,0.08810754037939006,W
2025,12,401752767,Tennessee Tech,Kentucky,10.0,42.0,10.202,42.445,32.243,52.646,False,73.0,Spread,-22.5,HOME,9.743115272121706,W
2025,12,401752767,Tennessee Tech,Kentucky,10.0,42.0,10.202,42.445,32.243,52.646,False,73.0,Over,52.5,OVER,0.14648437409387327,L
2025,12,401752768,Arkansas,LSU,22.0,23.0,24.861,31.196,6.335,56.057,True,92.0,Spread,-4.0,HOME,2.3347882760749172,L
2025,12,401752768,Arkansas,LSU,22.0,23.0,24.861,31.196,6.335,56.057,True,92.0,Under,58.5,UNDER,2.4425872986885295,W
2025,12,401752769,Florida,Ole Miss,24.0,34.0,18.777,35.833,17.056,54.611,True,92.0,Spread,-10.5,HOME,6.555688609138947,L
2025,12,401752769,Florida,Ole Miss,24.0,34.0,18.777,35.833,17.056,54.611,True,92.0,Over,53.5,OVER,1.110550879048354,W
2025,12,401752770,Mississippi State,Missouri,27.0,49.0,21.408,32.667,11.258,54.075,True,92.0,Spread,-7.5,HOME,3.758396107395054,W
2025,12,401752770,Mississippi State,Missouri,27.0,49.0,21.408,32.667,11.258,54.075,True,92.0,Over,50.5,OVER,3.5751125642143933,W
2025,12,401752771,New Mexico State,Tennessee,9.0,42.0,12.429,44.507,32.079,56.936,True,92.0,Spread,-41.5,AWAY,9.421204423226087,W
2025,12,401752771,New Mexico State,Tennessee,9.0,42.0,12.429,44.507,32.079,56.936,True,92.0,Under,59.5,UNDER,2.563858840590619,W
2025,12,401752772,South Carolina,Texas AandM,30.0,31.0,16.141,33.734,17.593,49.875,True,92.0,Spread,-16.5,HOME,1.0932711679643319,L
2025,12,401752772,South Carolina,Texas AandM,30.0,31.0,16.141,33.734,17.593,49.875,True,92.0,Over,49.5,OVER,0.37451431749541086,W
2025,12,401752900,UCLA,Ohio State,10.0,48.0,10.582,42.42,31.838,53.002,True,92.0,Spread,-33.5,AWAY,1.6621771268027636,L
2025,12,401752900,UCLA,Ohio State,10.0,48.0,10.582,42.42,31.838,53.002,True,92.0,Over,46.5,OVER,6.502049520934719,W
2025,12,401752901,Wisconsin,Indiana,7.0,31.0,8.583,43.959,35.376,52.542,True,92.0,Spread,-28.5,HOME,6.875799158584925,L
2025,12,401752901,Wisconsin,Indiana,7.0,31.0,8.583,43.959,35.376,52.542,True,92.0,Over,43.5,OVER,9.042414239823898,L
2025,12,401752902,Purdue,Washington,13.0,49.0,16.663,37.32,20.657,53.983,True,92.0,Spread,-14.5,HOME,6.156914129255632,W
2025,12,401752902,Purdue,Washington,13.0,49.0,16.663,37.32,20.657,53.983,True,92.0,Over,51.5,OVER,2.482896208446739,W
2025,12,401752903,Penn State,Michigan State,28.0,10.0,29.408,20.367,-9.041,49.775,True,92.0,Spread,7.0,AWAY,2.0405535766711296,W
2025,12,401752903,Penn State,Michigan State,28.0,10.0,29.408,20.367,-9.041,49.775,True,92.0,Over,48.5,OVER,1.2745855317177757,L
2025,12,401752904,Minnesota,Oregon,13.0,42.0,14.33,37.099,22.769,51.429,True,92.0,Spread,-26.5,AWAY,3.7308507790570715,L
2025,12,401752904,Minnesota,Oregon,13.0,42.0,14.33,37.099,22.769,51.429,True,92.0,Over,46.5,OVER,4.928999294194668,W
2025,12,401752905,Michigan,Northwestern,24.0,22.0,26.964,20.234,-6.729,47.198,True,92.0,Spread,10.0,HOME,3.270530823427393,W
2025,12,401752905,Michigan,Northwestern,24.0,22.0,26.964,20.234,-6.729,47.198,True,92.0,Over,41.5,OVER,5.698121673588616,W
2025,12,401752906,Maryland,Illinois,6.0,24.0,19.375,34.301,14.925,53.676,True,92.0,Spread,-16.5,AWAY,1.574758481094129,L
2025,12,401752906,Maryland,Illinois,6.0,24.0,19.375,34.301,14.925,53.676,True,92.0,Over,51.5,OVER,2.1762059612622906,L
2025,12,401752907,Iowa,USC,21.0,26.0,24.103,29.998,5.895,54.101,True,92.0,Spread,-6.5,AWAY,0.6054517978727212,W
2025,12,401752907,Iowa,USC,21.0,26.0,24.103,29.998,5.895,54.101,True,92.0,Over,48.5,OVER,5.600761372888961,L
2025,12,401752945,Oregon State,Tulsa,14.0,31.0,27.703,27.687,-0.016,55.39,True,92.0,Spread,-1.5,AWAY,1.5160869998472748,L
2025,12,401752945,Oregon State,Tulsa,14.0,31.0,27.703,27.687,-0.016,55.39,True,92.0,Over,50.5,OVER,4.890111483453126,L
2025,12,401752953,Louisiana Tech,Washington State,3.0,28.0,21.249,28.251,7.002,49.501,True,92.0,Spread,-10.0,AWAY,2.997961682084819,L
2025,12,401752953,Louisiana Tech,Washington State,3.0,28.0,21.249,28.251,7.002,49.501,True,92.0,Over,43.5,OVER,6.000546942024734,L
2025,12,401754591,Clemson,Louisville,20.0,19.0,22.182,31.218,9.036,53.399,True,92.0,Spread,-1.5,HOME,7.536020529395827,L
2025,12,401754591,Clemson,Louisville,20.0,19.0,22.182,31.218,9.036,53.399,True,92.0,Over,50.5,OVER,2.899217488318243,L
2025,12,401754592,Georgia Tech,Boston College,36.0,34.0,34.898,22.853,-12.046,57.751,True,92.0,Spread,16.5,HOME,4.454233168513188,W
2025,12,401754592,Georgia Tech,Boston College,36.0,34.0,34.898,22.853,-12.046,57.751,True,92.0,Under,61.5,UNDER,3.7489203221730634,L
2025,12,401754593,Virginia,Duke,34.0,17.0,26.625,29.346,2.721,55.971,True,92.0,Spread,-5.5,AWAY,2.778808360082852,W
2025,12,401754593,Virginia,Duke,34.0,17.0,26.625,29.346,2.721,55.971,True,92.0,Under,59.5,UNDER,3.528548378436774,W
2025,12,401754594,Virginia Tech,Florida State,14.0,34.0,19.277,35.256,15.979,54.532,True,92.0,Spread,-14.5,HOME,1.4788158122563715,W
2025,12,401754594,Virginia Tech,Florida State,14.0,34.0,19.277,35.256,15.979,54.532,True,92.0,Under,55.5,UNDER,0.9675701670090007,W
2025,12,401754595,NC State,Miami,7.0,41.0,19.497,36.916,17.419,56.414,True,92.0,Spread,-16.5,HOME,0.9190639161932168,W
2025,12,401754595,NC State,Miami,7.0,41.0,19.497,36.916,17.419,56.414,True,92.0,Over,54.5,OVER,1.913659294541759,L
2025,12,401754596,North Carolina,Wake Forest,12.0,28.0,18.315,30.004,11.689,48.319,True,92.0,Spread,-3.5,HOME,8.189300060170286,W
2025,12,401754596,North Carolina,Wake Forest,12.0,28.0,18.315,30.004,11.689,48.319,True,92.0,Over,37.5,OVER,10.819415158757216,W
2025,12,401754597,Notre Dame,Pittsburgh,37.0,15.0,30.861,24.294,-6.568,55.155,True,92.0,Spread,12.5,HOME,5.932096588288523,L
2025,12,401754597,Notre Dame,Pittsburgh,37.0,15.0,30.861,24.294,-6.568,55.155,True,92.0,Under,55.5,UNDER,0.34491797523519097,W
2025,12,401756948,West Virginia,Arizona State,23.0,25.0,20.397,34.07,13.674,54.467,True,92.0,Spread,-10.0,HOME,3.673608647685171,L
2025,12,401756948,West Virginia,Arizona State,23.0,25.0,20.397,34.07,13.674,54.467,True,92.0,Over,46.5,OVER,7.967232312095128,W
2025,12,401756949,Utah,Baylor,55.0,28.0,33.059,23.076,-9.983,56.135,True,92.0,Spread,9.5,AWAY,0.4829639210338428,W
2025,12,401756949,Utah,Baylor,55.0,28.0,33.059,23.076,-9.983,56.135,True,92.0,Under,60.5,UNDER,4.364700012689148,L
2025,12,401756950,TCU,BYU,13.0,44.0,21.448,31.878,10.43,53.326,True,92.0,Spread,-3.0,HOME,7.430208258079578,W
2025,12,401756950,TCU,BYU,13.0,44.0,21.448,31.878,10.43,53.326,True,92.0,Over,51.5,OVER,1.8258198504632617,W
2025,12,401756951,Arizona,Cincinnati,30.0,24.0,26.131,29.11,2.979,55.242,True,92.0,Spread,-5.5,AWAY,2.5213650071065103,W
2025,12,401756951,Arizona,Cincinnati,30.0,24.0,26.131,29.11,2.979,55.242,True,92.0,Under,56.5,UNDER,1.2584373095970278,W
2025,12,401756952,Kansas State,Oklahoma State,14.0,6.0,36.551,18.383,-18.168,54.934,True,92.0,Spread,19.5,HOME,1.3317342031112496,W
2025,12,401756952,Kansas State,Oklahoma State,14.0,6.0,36.551,18.383,-18.168,54.934,True,92.0,Over,50.5,OVER,4.433871390258453,L
2025,12,401756953,UCF,Texas Tech,9.0,48.0,16.315,38.653,22.338,54.968,True,92.0,Spread,-24.5,AWAY,2.1623397638173145,L
2025,12,401756953,UCF,Texas Tech,9.0,48.0,16.315,38.653,22.338,54.968,True,92.0,Over,48.5,OVER,6.468078396235683,W
2025,12,401757174,Air Force,UConn,16.0,26.0,25.401,33.949,8.549,59.35,True,92.0,Spread,-7.5,HOME,1.0485834259009295,W
2025,12,401757174,Air Force,UConn,16.0,26.0,25.401,33.949,8.549,59.35,True,92.0,Under,64.5,UNDER,5.15019554844725,W
2025,12,401757300,Delaware,Sam Houston,23.0,26.0,30.234,21.259,-8.975,51.494,True,92.0,Spread,11.5,HOME,2.5249423657163774,W
2025,12,401757300,Delaware,Sam Houston,23.0,26.0,30.234,21.259,-8.975,51.494,True,92.0,Under,56.5,UNDER,5.006378535357953,W
2025,12,401757301,Liberty,Florida International,27.0,34.0,26.684,27.078,0.394,53.762,True,92.0,Spread,2.5,HOME,2.8939671475150703,W
2025,12,401757301,Liberty,Florida International,27.0,34.0,26.684,27.078,0.394,53.762,True,92.0,Over,51.5,OVER,2.2616546355714604,W
2025,12,401757302,Kennesaw State,Jacksonville State,26.0,35.0,23.444,29.385,5.941,52.83,True,92.0,Spread,3.5,HOME,9.441015121001023,W
2025,12,401757302,Kennesaw State,Jacksonville State,26.0,35.0,23.444,29.385,5.941,52.83,True,92.0,Under,56.5,UNDER,3.6701007454000347,L
2025,12,401757303,Middle Tennessee,Western Kentucky,26.0,42.0,17.608,35.583,17.976,53.191,True,92.0,Spread,-13.5,HOME,4.475504483342441,W
2025,12,401757303,Middle Tennessee,Western Kentucky,26.0,42.0,17.608,35.583,17.976,53.191,True,92.0,Over,51.5,OVER,1.6906583996609044,W
2025,12,401757304,UTEP,Missouri State,24.0,38.0,22.982,29.659,6.677,52.642,True,92.0,Spread,-6.5,HOME,0.1770432046549928,W
2025,12,401757304,UTEP,Missouri State,24.0,38.0,22.982,29.659,6.677,52.642,True,92.0,Over,47.5,OVER,5.141669147558403,W
2025,12,401760410,Boise State,San Diego State,7.0,17.0,23.956,27.937,3.982,51.893,True,92.0,Spread,-1.5,HOME,2.481722029363567,W
2025,12,401760410,Boise State,San Diego State,7.0,17.0,23.956,27.937,3.982,51.893,True,92.0,Over,41.5,OVER,10.392873250684637,L
2025,12,401760411,Colorado State,New Mexico,17.0,20.0,20.615,34.119,13.504,54.734,True,92.0,Spread,-15.5,AWAY,1.9964439942019396,W
2025,12,401760411,Colorado State,New Mexico,17.0,20.0,20.615,34.119,13.504,54.734,True,92.0,Over,53.5,OVER,1.2338589421177772,L
2025,12,401760412,Wyoming,Fresno State,3.0,24.0,19.999,28.044,8.045,48.043,True,92.0,Spread,-3.0,HOME,5.044877033092693,W
2025,12,401760412,Wyoming,Fresno State,3.0,24.0,19.999,28.044,8.045,48.043,True,92.0,Over,40.5,OVER,7.54258644567782,L
2025,12,401760413,San José State,Nevada,10.0,55.0,28.92,23.216,-5.704,52.136,True,92.0,Spread,10.0,HOME,4.295548459435018,W
2025,12,401760413,San José State,Nevada,10.0,55.0,28.92,23.216,-5.704,52.136,True,92.0,Over,49.5,OVER,2.635971562888585,W
2025,12,401760414,Utah State,UNLV,26.0,29.0,26.979,36.017,9.038,62.996,True,92.0,Spread,-4.5,HOME,4.538112972630557,L
2025,12,401760414,Utah State,UNLV,26.0,29.0,26.979,36.017,9.038,62.996,True,92.0,Under,68.5,UNDER,5.504081403564882,W
2025,12,401761649,Troy,Old Dominion,0.0,33.0,19.183,32.925,13.741,52.108,True,92.0,Spread,-9.5,HOME,4.241470655983129,W
2025,12,401761649,Troy,Old Dominion,0.0,33.0,19.183,32.925,13.741,52.108,True,92.0,Under,53.5,UNDER,1.3916442702122538,W
2025,12,401761650,Coastal Carolina,Georgia Southern,40.0,45.0,26.546,33.13,6.584,59.677,True,92.0,Spread,-3.0,HOME,3.584217023192199,W
2025,12,401761650,Coastal Carolina,Georgia Southern,40.0,45.0,26.546,33.13,6.584,59.677,True,92.0,Over,59.5,OVER,0.17657081268983177,W
2025,12,401761651,Marshall,Georgia State,30.0,18.0,35.273,24.708,-10.565,59.981,True,92.0,Spread,9.5,AWAY,1.0645684306985181,W
2025,12,401761651,Marshall,Georgia State,30.0,18.0,35.273,24.708,-10.565,59.981,True,92.0,Over,59.5,OVER,0.48064157402152574,L
2025,12,401761652,App State,James Madison,10.0,58.0,15.397,39.09,23.693,54.487,True,92.0,Spread,-21.0,HOME,2.6927072747649063,W
2025,12,401761652,App State,James Madison,10.0,58.0,15.397,39.09,23.693,54.487,True,92.0,Over,53.5,OVER,0.9870614028083651,W
2025,12,401761653,South Alabama,UL Monroe,26.0,14.0,27.268,23.959,-3.308,51.227,True,92.0,Spread,4.0,HOME,0.6916163764979899,L
2025,12,401761653,South Alabama,UL Monroe,26.0,14.0,27.268,23.959,-3.308,51.227,True,92.0,Over,49.5,OVER,1.7267412452243462,L
2025,12,401761654,Texas State,Southern Miss,41.0,14.0,28.814,30.602,1.788,59.417,True,92.0,Spread,-3.0,AWAY,1.2120132159103747,W
2025,12,401761654,Texas State,Southern Miss,41.0,14.0,28.814,30.602,1.788,59.417,True,92.0,Under,65.5,UNDER,6.083341710654466,W
2025,12,401762506,North Texas,UAB,53.0,24.0,41.016,24.158,-16.858,65.174,True,92.0,Spread,17.5,HOME,0.6421978288707209,L
2025,12,401762506,North Texas,UAB,53.0,24.0,41.016,24.158,-16.858,65.174,True,92.0,Under,68.5,UNDER,3.3261846777936057,L
2025,12,401762507,UTSA,Charlotte,28.0,7.0,37.474,21.666,-15.808,59.14,True,92.0,Spread,16.5,HOME,0.6922182865453408,L
2025,12,401762507,UTSA,Charlotte,28.0,7.0,37.474,21.666,-15.808,59.14,True,92.0,Over,57.5,OVER,1.6399427843420469,L
2025,12,401762508,Memphis,East Carolina,27.0,31.0,25.044,33.014,7.971,58.058,True,92.0,Spread,-3.0,HOME,4.97073272329294,W
2025,12,401762508,Memphis,East Carolina,27.0,31.0,25.044,33.014,7.971,58.058,True,92.0,Over,56.5,OVER,1.5579066414024183,W
2025,12,401762509,Florida Atlantic,Tulane,24.0,35.0,20.77,37.583,16.813,58.353,True,92.0,Spread,-16.5,HOME,0.3130125802553323,L
2025,12,401762509,Florida Atlantic,Tulane,24.0,35.0,20.77,37.583,16.813,58.353,True,92.0,Under,60.5,UNDER,2.1471082029995046,W
2025,12,401762510,South Florida,Navy,38.0,41.0,31.681,28.433,-3.248,60.113,True,92.0,Spread,9.5,HOME,6.252310220162997,W
2025,12,401762510,South Florida,Navy,38.0,41.0,31.681,28.433,-3.248,60.113,True,92.0,Under,62.5,UNDER,2.3865374131363524,L
2025,12,401762856,Kent State,Akron,42.0,35.0,20.037,30.115,10.078,50.152,True,92.0,Spread,-7.5,HOME,2.5776933817813923,L
2025,12,401762856,Kent State,Akron,42.0,35.0,20.037,30.115,10.078,50.152,True,92.0,Over,49.5,OVER,0.6518917822340242,W
2025,12,401762857,Ohio,Western Michigan,13.0,17.0,22.813,27.124,4.311,49.938,True,92.0,Spread,-1.5,HOME,2.81086793267702,W
2025,12,401762857,Ohio,Western Michigan,13.0,17.0,22.813,27.124,4.311,49.938,True,92.0,Over,47.5,OVER,2.437606741655806,L
2025,12,401762858,Buffalo,Central Michigan,19.0,38.0,21.12,25.585,4.464,46.705,True,92.0,Spread,-2.5,HOME,1.9643389873205876,W
2025,12,401762858,Buffalo,Central Michigan,19.0,38.0,21.12,25.585,4.464,46.705,True,92.0,Over,44.5,OVER,2.20531593854988,W
2025,12,401762859,Northern Illinois,Massachusetts,45.0,3.0,26.825,18.058,-8.767,44.883,True,92.0,Spread,9.5,HOME,0.7333469765422116,L
2025,12,401762859,Northern Illinois,Massachusetts,45.0,3.0,26.825,18.058,-8.767,44.883,True,92.0,Over,43.5,OVER,1.3827435681545452,W
2025,12,401762860,Toledo,Miami (OH),24.0,3.0,24.708,20.529,-4.178,45.237,True,92.0,Spread,5.5,HOME,1.3216967669614306,L
2025,12,401762860,Toledo,Miami (OH),24.0,3.0,24.708,20.529,-4.178,45.237,True,92.0,Over,44.5,OVER,0.7371000600817084,L
2025,12,401762861,Eastern Michigan,Ball State,24.0,9.0,24.829,26.442,1.613,51.271,True,92.0,Spread,2.5,HOME,4.112643376569977,L
2025,12,401762861,Eastern Michigan,Ball State,24.0,9.0,24.829,26.442,1.613,51.271,True,92.0,Over,48.5,OVER,2.771312983328656,L
2025,13,401752773,Eastern Illinois,Alabama,0.0,56.0,3.0,50.217,47.217,53.217,False,73.0,Spread,-50.5,AWAY,3.28316133390112,L
2025,13,401752773,Eastern Illinois,Alabama,0.0,56.0,3.0,50.217,47.217,53.217,False,73.0,Under,57.5,UNDER,4.28316133390112,W
2025,13,401752774,Mercer,Auburn,17.0,62.0,7.585,43.594,36.01,51.179,False,73.0,Spread,-26.5,HOME,9.509865702772167,W
2025,13,401752774,Mercer,Auburn,17.0,62.0,7.585,43.594,36.01,51.179,False,73.0,Under,51.5,UNDER,0.3208667982167839,L
2025,13,401752775,Tennessee,Florida,31.0,11.0,29.225,26.046,-3.18,55.271,True,92.0,Spread,3.5,HOME,0.3203047846222944,L
2025,13,401752775,Tennessee,Florida,31.0,11.0,29.225,26.046,-3.18,55.271,True,92.0,Under,57.5,UNDER,2.2293025422305845,W
2025,13,401752776,Charlotte,Georgia,3.0,35.0,7.826,49.553,41.727,57.38,True,92.0,Spread,-42.5,AWAY,0.7731699257129918,W
2025,13,401752776,Charlotte,Georgia,3.0,35.0,7.826,49.553,41.727,57.38,True,92.0,Over,53.5,OVER,3.879776675213904,L
2025,13,401752777,Western Kentucky,LSU,10.0,13.0,18.695,33.986,15.291,52.681,True,92.0,Spread,-24.5,AWAY,9.208736823401388,W
2025,13,401752777,Western Kentucky,LSU,10.0,13.0,18.695,33.986,15.291,52.681,True,92.0,Over,52.5,OVER,0.1814400152844513,L
2025,13,401752778,Missouri,Oklahoma,6.0,17.0,18.896,27.01,8.114,45.906,True,92.0,Spread,-4.5,HOME,3.613821649045546,W
2025,13,401752778,Missouri,Oklahoma,6.0,17.0,18.896,27.01,8.114,45.906,True,92.0,Over,42.5,OVER,3.405870245070048,L
2025,13,401752779,Coastal Carolina,South Carolina,7.0,51.0,16.538,35.634,19.095,52.172,True,92.0,Spread,-23.5,AWAY,4.404742409317144,L
2025,13,401752779,Coastal Carolina,South Carolina,7.0,51.0,16.538,35.634,19.095,52.172,True,92.0,Over,49.5,OVER,2.6721013001593548,W
2025,13,401752780,Arkansas,Texas,37.0,52.0,21.722,34.445,12.723,56.168,True,92.0,Spread,-8.5,HOME,4.222686288839341,W
2025,13,401752780,Arkansas,Texas,37.0,52.0,21.722,34.445,12.723,56.168,True,92.0,Under,58.5,UNDER,2.332421531873301,L
2025,13,401752781,Samford,Texas AandM,0.0,48.0,5.175,49.431,44.256,54.606,False,76.1,Spread,-54.5,AWAY,10.243690068695017,W
2025,13,401752781,Samford,Texas AandM,0.0,48.0,5.175,49.431,44.256,54.606,False,76.1,Under,59.5,UNDER,4.894107823288117,W
2025,13,401752782,Kentucky,Vanderbilt,17.0,45.0,21.258,33.949,12.691,55.207,True,92.0,Spread,-7.0,HOME,5.690500037708944,W
2025,13,401752782,Kentucky,Vanderbilt,17.0,45.0,21.258,33.949,12.691,55.207,True,92.0,Over,53.5,OVER,1.7065570950649018,W
2025,13,401752908,Nebraska,Penn State,10.0,37.0,20.472,30.54,10.068,51.012,True,92.0,Spread,-7.0,HOME,3.067986282371365,W
2025,13,401752908,Nebraska,Penn State,10.0,37.0,20.472,30.54,10.068,51.012,True,92.0,Over,45.5,OVER,5.512055557123617,W
2025,13,401752909,Minnesota,Northwestern,35.0,38.0,20.547,23.808,3.261,44.355,True,92.0,Spread,-4.0,AWAY,0.738851449941933,W
2025,13,401752909,Minnesota,Northwestern,35.0,38.0,20.547,23.808,3.261,44.355,True,92.0,Over,40.5,OVER,3.8546746985792595,W
2025,13,401752910,Washington,UCLA,48.0,14.0,32.005,19.421,-12.584,51.426,True,92.0,Spread,10.5,AWAY,2.084414567724835,W
2025,13,401752910,Washington,UCLA,48.0,14.0,32.005,19.421,-12.584,51.426,True,92.0,Under,51.5,UNDER,0.07446021515882961,L
2025,13,401752911,USC,Oregon,27.0,42.0,24.836,34.408,9.572,59.244,True,92.0,Spread,-10.5,AWAY,0.9277415566211289,L
2025,13,401752911,USC,Oregon,27.0,42.0,24.836,34.408,9.572,59.244,True,92.0,Under,59.5,UNDER,0.2558607935874164,L
2025,13,401752912,Rutgers,Ohio State,9.0,42.0,13.96,42.345,28.385,56.305,True,92.0,Spread,-28.5,AWAY,0.11517329244845342,L
2025,13,401752912,Rutgers,Ohio State,9.0,42.0,13.96,42.345,28.385,56.305,True,92.0,Over,54.5,OVER,1.8050375122902267,L
2025,13,401752913,Michigan State,Iowa,17.0,20.0,13.921,37.155,23.235,51.076,True,92.0,Spread,-17.5,HOME,5.7346875702561135,L
2025,13,401752913,Michigan State,Iowa,17.0,20.0,13.921,37.155,23.235,51.076,True,92.0,Over,42.5,OVER,8.576030202736355,L
2025,13,401752914,Michigan,Maryland,45.0,20.0,26.969,22.552,-4.417,49.522,True,92.0,Spread,14.0,HOME,9.583107038649871,L
2025,13,401752914,Michigan,Maryland,45.0,20.0,26.969,22.552,-4.417,49.522,True,92.0,Over,46.5,OVER,3.021668453329184,W
2025,13,401752915,Illinois,Wisconsin,10.0,27.0,28.473,19.878,-8.595,48.352,True,92.0,Spread,8.5,AWAY,0.09462600142082067,L
2025,13,401752915,Illinois,Wisconsin,10.0,27.0,28.473,19.878,-8.595,48.352,True,92.0,Over,42.5,OVER,5.851510234811059,L
2025,13,401752954,Washington State,James Madison,20.0,24.0,19.641,33.553,13.911,53.194,True,92.0,Spread,-15.5,AWAY,1.5888694044857985,W
2025,13,401752954,Washington State,James Madison,20.0,24.0,19.641,33.553,13.911,53.194,True,92.0,Over,44.5,OVER,8.693903162618817,L
2025,13,401754598,Florida State,NC State,11.0,21.0,28.716,26.477,-2.239,55.193,True,92.0,Spread,-7.0,AWAY,9.238974164916868,L
2025,13,401754598,Florida State,NC State,11.0,21.0,28.716,26.477,-2.239,55.193,True,92.0,Under,58.5,UNDER,3.307285155855709,W
2025,13,401754599,California,Stanford,10.0,31.0,23.408,23.635,0.227,47.043,True,92.0,Spread,4.5,HOME,4.72728534536769,W
2025,13,401754599,California,Stanford,10.0,31.0,23.408,23.635,0.227,47.043,True,92.0,Under,47.5,UNDER,0.45654477050555187,W
2025,13,401754600,Duke,North Carolina,32.0,25.0,28.916,22.562,-6.354,51.479,True,92.0,Spread,7.0,HOME,0.6459913601039347,P
2025,13,401754600,Duke,North Carolina,32.0,25.0,28.916,22.562,-6.354,51.479,True,92.0,Over,50.5,OVER,0.9787460054394117,W
2025,13,401754601,Pittsburgh,Georgia Tech,42.0,28.0,25.645,31.052,5.407,56.698,True,92.0,Spread,-2.5,HOME,2.90706905331308,L
2025,13,401754601,Pittsburgh,Georgia Tech,42.0,28.0,25.645,31.052,5.407,56.698,True,92.0,Under,61.5,UNDER,4.802272364057913,L
2025,13,401754602,Louisville,SMU,6.0,38.0,23.448,30.843,7.395,54.291,True,92.0,Spread,-4.0,HOME,3.3951928318800952,W
2025,13,401754602,Louisville,SMU,6.0,38.0,23.448,30.843,7.395,54.291,True,92.0,Over,49.5,OVER,4.790695328491196,L
2025,13,401754603,Miami,Virginia Tech,34.0,17.0,34.394,19.309,-15.085,53.703,True,92.0,Spread,17.5,HOME,2.4150827757998066,W
2025,13,401754603,Miami,Virginia Tech,34.0,17.0,34.394,19.309,-15.085,53.703,True,92.0,Over,49.5,OVER,4.202684110857646,W
2025,13,401754604,Syracuse,Notre Dame,7.0,70.0,12.95,45.123,32.173,58.073,True,92.0,Spread,-36.5,AWAY,4.327222582895338,L
2025,13,401754604,Syracuse,Notre Dame,7.0,70.0,12.95,45.123,32.173,58.073,True,92.0,Over,51.5,OVER,6.573295496646374,W
2025,13,401754605,Furman,Clemson,10.0,45.0,7.858,49.176,41.318,57.033,False,73.0,Spread,-41.5,AWAY,0.18189568684505275,W
2025,13,401754605,Furman,Clemson,10.0,45.0,7.858,49.176,41.318,57.033,False,73.0,Over,55.5,OVER,1.5334450846678962,L
2025,13,401754606,Delaware,Wake Forest,14.0,52.0,19.153,35.362,16.209,54.516,True,92.0,Spread,-17.5,AWAY,1.2909457346921798,L
2025,13,401754606,Delaware,Wake Forest,14.0,52.0,19.153,35.362,16.209,54.516,True,92.0,Over,49.5,OVER,5.015573783520537,W
2025,13,401756954,Baylor,Arizona,17.0,41.0,24.656,33.391,8.735,58.047,True,92.0,Spread,-6.5,HOME,2.23500750965286,W
2025,13,401756954,Baylor,Arizona,17.0,41.0,24.656,33.391,8.735,58.047,True,92.0,Under,61.5,UNDER,3.4528877199642665,W
2025,13,401756955,BYU,Cincinnati,26.0,14.0,29.333,24.683,-4.65,54.016,True,92.0,Spread,2.5,AWAY,2.1504789534823523,W
2025,13,401756955,BYU,Cincinnati,26.0,14.0,29.333,24.683,-4.65,54.016,True,92.0,Under,56.5,UNDER,2.483515373704428,W
2025,13,401756956,Arizona State,Colorado,42.0,17.0,26.646,25.404,-1.242,52.05,True,92.0,Spread,7.0,HOME,5.757585201266615,L
2025,13,401756956,Arizona State,Colorado,42.0,17.0,26.646,25.404,-1.242,52.05,True,92.0,Over,47.5,OVER,4.549592660970291,W
2025,13,401756957,TCU,Houston,17.0,14.0,22.933,26.771,3.837,49.704,True,92.0,Spread,1.5,HOME,5.337442033479157,L
2025,13,401756957,TCU,Houston,17.0,14.0,22.933,26.771,3.837,49.704,True,92.0,Under,56.5,UNDER,6.796105670129037,W
2025,13,401756958,Kansas,Iowa State,14.0,38.0,23.798,31.139,7.341,54.937,True,92.0,Spread,-3.0,HOME,4.340823715871267,W
2025,13,401756958,Kansas,Iowa State,14.0,38.0,23.798,31.139,7.341,54.937,True,92.0,Under,55.5,UNDER,0.5626921744635496,W
2025,13,401756959,Oklahoma State,UCF,14.0,17.0,16.561,37.02,20.459,53.581,True,92.0,Spread,-13.5,HOME,6.959380734416904,L
2025,13,401756959,Oklahoma State,UCF,14.0,17.0,16.561,37.02,20.459,53.581,True,92.0,Over,47.5,OVER,6.081202165328463,L
2025,13,401756960,Kansas State,Utah,47.0,51.0,17.215,38.263,21.048,55.478,True,92.0,Spread,-17.5,HOME,3.5481090867077896,L
2025,13,401756960,Kansas State,Utah,47.0,51.0,17.215,38.263,21.048,55.478,True,92.0,Over,52.5,OVER,2.978291758702113,W
2025,13,401757175,UConn,Florida Atlantic,48.0,45.0,31.647,28.291,-3.356,59.937,True,92.0,Spread,6.0,HOME,2.643953302448935,W
2025,13,401757175,UConn,Florida Atlantic,48.0,45.0,31.647,28.291,-3.356,59.937,True,92.0,Under,63.5,UNDER,3.562916572827824,L
2025,13,401757305,Jacksonville State,Florida International,21.0,27.0,28.766,28.094,-0.672,56.86,True,92.0,Spread,-2.5,AWAY,3.171862757471118,L
2025,13,401757305,Jacksonville State,Florida International,21.0,27.0,28.766,28.094,-0.672,56.86,True,92.0,Over,55.5,OVER,1.3604287404318924,L
2025,13,401757306,Missouri State,Kennesaw State,34.0,41.0,23.78,31.301,7.52,55.081,True,92.0,Spread,-6.5,HOME,1.0203134637263318,W
2025,13,401757306,Missouri State,Kennesaw State,34.0,41.0,23.78,31.301,7.52,55.081,True,92.0,Over,54.5,OVER,0.5807663618078323,W
2025,13,401757307,Liberty,Louisiana Tech,28.0,34.0,19.215,29.258,10.043,48.472,True,92.0,Spread,1.5,HOME,11.542844296593906,W
2025,13,401757307,Liberty,Louisiana Tech,28.0,34.0,19.215,29.258,10.043,48.472,True,92.0,Over,45.5,OVER,2.9723201425785675,W
2025,13,401757308,Sam Houston,Middle Tennessee,17.0,31.0,23.408,28.366,4.957,51.774,True,92.0,Spread,-6.5,AWAY,1.5428431979277804,L
2025,13,401757308,Sam Houston,Middle Tennessee,17.0,31.0,23.408,28.366,4.957,51.774,True,92.0,Under,53.5,UNDER,1.7260123815188706,W
2025,13,401757309,New Mexico State,UTEP,34.0,31.0,21.156,26.274,5.118,47.431,True,92.0,Spread,-4.0,HOME,1.1177358217864821,L
2025,13,401757309,New Mexico State,UTEP,34.0,31.0,21.156,26.274,5.118,47.431,True,92.0,Over,44.5,OVER,2.9305321234624984,W
2025,13,401760415,New Mexico,Air Force,20.0,3.0,26.827,28.123,1.295,54.95,True,92.0,Spread,3.5,HOME,4.795449030044679,L
2025,13,401760415,New Mexico,Air Force,20.0,3.0,26.827,28.123,1.295,54.95,True,92.0,Over,52.5,OVER,2.450427684374546,L
2025,13,401760416,Colorado State,Boise State,21.0,49.0,18.663,34.859,16.195,53.522,True,92.0,Spread,-17.5,AWAY,1.3046064731713969,L
2025,13,401760416,Colorado State,Boise State,21.0,49.0,18.663,34.859,16.195,53.522,True,92.0,Over,45.5,OVER,8.022043584005772,W
2025,13,401760417,Utah State,Fresno State,28.0,17.0,24.461,31.435,6.974,55.896,True,92.0,Spread,-1.5,HOME,5.474421572963699,L
2025,13,401760417,Utah State,Fresno State,28.0,17.0,24.461,31.435,6.974,55.896,True,92.0,Over,50.5,OVER,5.396306202677266,L
2025,13,401760418,Hawai'i,UNLV,10.0,38.0,25.781,32.08,6.299,57.861,True,92.0,Spread,-2.5,HOME,3.7994205664429757,W
2025,13,401760418,Hawai'i,UNLV,10.0,38.0,25.781,32.08,6.299,57.861,True,92.0,Under,64.5,UNDER,6.639041619187466,W
2025,13,401760419,Nevada,Wyoming,13.0,7.0,19.171,28.625,9.454,47.797,True,92.0,Spread,-6.0,HOME,3.4543313166688048,L
2025,13,401760419,Nevada,Wyoming,13.0,7.0,19.171,28.625,9.454,47.797,True,92.0,Over,39.5,OVER,8.2965546396372,L
2025,13,401760420,San José State,San Diego State,3.0,25.0,18.104,35.293,17.189,53.397,True,92.0,Spread,-10.0,HOME,7.188513210271132,W
2025,13,401760420,San José State,San Diego State,3.0,25.0,18.104,35.293,17.189,53.397,True,92.0,Over,50.5,OVER,2.8974775022996155,L
2025,13,401761655,Louisiana,Arkansas State,34.0,30.0,24.465,29.663,5.197,54.128,True,92.0,Spread,-2.5,HOME,2.6973264434569266,L
2025,13,401761655,Louisiana,Arkansas State,34.0,30.0,24.465,29.663,5.197,54.128,True,92.0,Under,54.5,UNDER,0.3718846551168369,L
2025,13,401761656,Marshall,App State,24.0,26.0,30.834,25.815,-5.018,56.649,True,92.0,Spread,4.0,AWAY,1.018116966996871,L
2025,13,401761656,Marshall,App State,24.0,26.0,30.834,25.815,-5.018,56.649,True,92.0,Over,56.5,OVER,0.1489988476753723,L
2025,13,401761657,Old Dominion,Georgia Southern,45.0,10.0,33.906,26.747,-7.159,60.652,True,92.0,Spread,10.0,HOME,2.841024546523524,L
2025,13,401761657,Old Dominion,Georgia Southern,45.0,10.0,33.906,26.747,-7.159,60.652,True,92.0,Under,61.5,UNDER,0.8475071897169499,W
2025,13,401761658,Southern Miss,South Alabama,35.0,42.0,25.346,28.756,3.41,54.102,True,92.0,Spread,2.5,HOME,5.909976408138554,W
2025,13,401761658,Southern Miss,South Alabama,35.0,42.0,25.346,28.756,3.41,54.102,True,92.0,Over,53.5,OVER,0.6022452250965671,W
2025,13,401761659,UL Monroe,Texas State,14.0,31.0,16.968,39.897,22.929,56.864,True,92.0,Spread,-20.5,HOME,2.428888575332376,L
2025,13,401761659,UL Monroe,Texas State,14.0,31.0,16.968,39.897,22.929,56.864,True,92.0,Under,59.5,UNDER,2.63557796371839,W
2025,13,401761660,Georgia State,Troy,19.0,31.0,18.835,34.21,15.375,53.044,True,92.0,Spread,-9.5,HOME,5.874957130227838,W
2025,13,401761660,Georgia State,Troy,19.0,31.0,18.835,34.21,15.375,53.044,True,92.0,Over,50.5,OVER,2.544196058521152,L
2025,13,401762511,South Florida,UAB,48.0,18.0,39.278,22.754,-16.524,62.032,True,92.0,Spread,21.5,HOME,4.976095563285764,L
2025,13,401762511,South Florida,UAB,48.0,18.0,39.278,22.754,-16.524,62.032,True,92.0,Under,68.5,UNDER,6.468389811229962,W
2025,13,401762512,Tulsa,Army,26.0,25.0,16.757,35.695,18.938,52.452,True,92.0,Spread,-10.0,HOME,8.937549211762999,L
2025,13,401762512,Tulsa,Army,26.0,25.0,16.757,35.695,18.938,52.452,True,92.0,Over,43.5,OVER,8.95195431246944,W
2025,13,401762513,East Carolina,UTSA,24.0,58.0,29.89,29.346,-0.544,59.236,True,92.0,Spread,1.5,HOME,0.9563610537303546,W
2025,13,401762513,East Carolina,UTSA,24.0,58.0,29.89,29.346,-0.544,59.236,True,92.0,Under,62.5,UNDER,3.2640663162745156,L
2025,13,401762514,North Texas,Rice,56.0,24.0,38.771,20.323,-18.448,59.094,True,92.0,Spread,18.5,HOME,0.051741259908638426,L
2025,13,401762514,North Texas,Rice,56.0,24.0,38.771,20.323,-18.448,59.094,True,92.0,Over,57.5,OVER,1.5936021441560442,W
2025,13,401762515,Tulane,Temple,37.0,13.0,26.715,25.842,-0.873,52.557,True,92.0,Spread,7.5,HOME,6.627242215026783,L
2025,13,401762515,Tulane,Temple,37.0,13.0,26.715,25.842,-0.873,52.557,True,92.0,Under,54.5,UNDER,1.942563750282872,W
2025,13,401762862,Akron,Bowling Green,19.0,16.0,21.29,27.609,6.32,48.899,True,92.0,Spread,-2.5,HOME,3.819549950968991,L
2025,13,401762862,Akron,Bowling Green,19.0,16.0,21.29,27.609,6.32,48.899,True,92.0,Over,47.5,OVER,1.3991397652242625,L
2025,13,401762863,Massachusetts,Ohio,14.0,42.0,10.447,42.587,32.14,53.034,True,92.0,Spread,-33.5,AWAY,1.3596083790980344,W
2025,13,401762863,Massachusetts,Ohio,14.0,42.0,10.447,42.587,32.14,53.034,True,92.0,Under,53.5,UNDER,0.4664298812192129,L
2025,13,401762864,Western Michigan,Northern Illinois,35.0,19.0,24.138,20.207,-3.931,44.345,True,92.0,Spread,7.0,HOME,3.069428440176095,L
2025,13,401762864,Western Michigan,Northern Illinois,35.0,19.0,24.138,20.207,-3.931,44.345,True,92.0,Over,39.5,OVER,4.845032480448907,W
2025,13,401762865,Miami (OH),Buffalo,37.0,20.0,22.266,23.24,0.974,45.507,True,92.0,Spread,2.5,HOME,3.4740399872240104,L
2025,13,401762865,Miami (OH),Buffalo,37.0,20.0,22.266,23.24,0.974,45.507,True,92.0,Over,38.5,OVER,7.006911215462132,W
2025,13,401762866,Central Michigan,Kent State,28.0,16.0,26.135,21.115,-5.021,47.25,True,92.0,Spread,7.5,HOME,2.4792999278225807,L
2025,13,401762866,Central Michigan,Kent State,28.0,16.0,26.135,21.115,-5.021,47.25,True,92.0,Under,50.5,UNDER,3.2502723701561393,W
2025,13,401762867,Ball State,Toledo,9.0,38.0,10.177,37.829,27.652,48.006,True,92.0,Spread,-29.5,AWAY,1.8475236266675736,W
2025,13,401762867,Ball State,Toledo,9.0,38.0,10.177,37.829,27.652,48.006,True,92.0,Over,45.5,OVER,2.5062419751859437,W
2025,14,401752783,Missouri,Arkansas,31.0,17.0,29.109,28.159,-0.95,57.268,True,92.0,Spread,4.5,HOME,3.549577536197276,L
2025,14,401752783,Missouri,Arkansas,31.0,17.0,29.109,28.159,-0.95,57.268,True,92.0,Over,54.5,OVER,2.767594157205167,L
2025,14,401752784,Alabama,Auburn,27.0,20.0,23.931,21.96,-1.97,45.891,True,92.0,Spread,7.0,HOME,5.029628838661701,P
2025,14,401752784,Alabama,Auburn,27.0,20.0,23.931,21.96,-1.97,45.891,True,92.0,Under,48.5,UNDER,2.608877114221535,W
2025,14,401752785,Florida State,Florida,21.0,40.0,25.53,23.865,-1.665,49.396,True,92.0,Spread,-1.5,AWAY,3.165019401951504,L
2025,14,401752785,Florida State,Florida,21.0,40.0,25.53,23.865,-1.665,49.396,True,92.0,Under,49.5,UNDER,0.10440651440023174,L
2025,14,401752786,Georgia,Georgia Tech,16.0,9.0,33.259,23.466,-9.793,56.724,True,92.0,Spread,-16.5,AWAY,26.293165278986123,W
2025,14,401752786,Georgia,Georgia Tech,16.0,9.0,33.259,23.466,-9.793,56.724,True,92.0,Under,60.5,UNDER,3.7757804575065563,W
2025,14,401752787,Kentucky,Louisville,0.0,41.0,22.377,29.62,7.243,51.998,True,92.0,Spread,1.5,HOME,8.74297627079023,W
2025,14,401752787,Kentucky,Louisville,0.0,41.0,22.377,29.62,7.243,51.998,True,92.0,Over,45.5,OVER,6.497718487541462,L
2025,14,401752788,Ole Miss,Mississippi State,38.0,19.0,34.61,25.119,-9.491,59.729,True,92.0,Spread,7.5,AWAY,1.991454651687505,W
2025,14,401752788,Ole Miss,Mississippi State,38.0,19.0,34.61,25.119,-9.491,59.729,True,92.0,Under,62.5,UNDER,2.7709418376006454,W
2025,14,401752789,LSU,Oklahoma,13.0,17.0,15.542,28.44,12.898,43.982,True,92.0,Spread,-11.5,HOME,1.3982974640761672,L
2025,14,401752789,LSU,Oklahoma,13.0,17.0,15.542,28.44,12.898,43.982,True,92.0,Over,36.5,OVER,7.48181317460741,L
2025,14,401752790,Clemson,South Carolina,28.0,14.0,21.517,27.567,6.05,49.084,True,92.0,Spread,-2.5,HOME,3.550097874449712,L
2025,14,401752790,Clemson,South Carolina,28.0,14.0,21.517,27.567,6.05,49.084,True,92.0,Over,45.5,OVER,3.583922283972477,L
2025,14,401752791,Vanderbilt,Tennessee,45.0,24.0,27.387,32.504,5.117,59.891,True,92.0,Spread,-2.5,HOME,2.61701099967577,L
2025,14,401752791,Vanderbilt,Tennessee,45.0,24.0,27.387,32.504,5.117,59.891,True,92.0,Under,66.5,UNDER,6.608756910589435,L
2025,14,401752792,Texas AandM,Texas,17.0,27.0,24.794,27.512,2.718,52.306,True,92.0,Spread,-2.5,HOME,0.2178426156396469,W
2025,14,401752792,Texas AandM,Texas,17.0,27.0,24.794,27.512,2.718,52.306,True,92.0,Under,54.5,UNDER,2.193850277435132,W
2025,14,401752916,Iowa,Nebraska,40.0,16.0,25.928,22.492,-3.437,48.42,True,92.0,Spread,5.5,HOME,2.0632081836825407,L
2025,14,401752916,Iowa,Nebraska,40.0,16.0,25.928,22.492,-3.437,48.42,True,92.0,Over,38.5,OVER,9.919926836056682,W
2025,14,401752917,Oregon,Washington,26.0,14.0,25.501,25.977,0.476,51.479,True,92.0,Spread,6.5,HOME,6.976059174006778,L
2025,14,401752917,Oregon,Washington,26.0,14.0,25.501,25.977,0.476,51.479,True,92.0,Under,51.5,UNDER,0.02149888929177024,W
2025,14,401752918,Wisconsin,Minnesota,7.0,17.0,19.653,24.598,4.944,44.251,True,92.0,Spread,2.5,HOME,7.444422291232371,W
2025,14,401752918,Wisconsin,Minnesota,7.0,17.0,19.653,24.598,4.944,44.251,True,92.0,Over,38.5,OVER,5.751071606785821,L
2025,14,401752919,UCLA,USC,10.0,29.0,17.186,41.653,24.468,58.839,True,92.0,Spread,-21.5,HOME,2.9675313182588674,L
2025,14,401752919,UCLA,USC,10.0,29.0,17.186,41.653,24.468,58.839,True,92.0,Over,58.5,OVER,0.338539276908989,L
2025,14,401752920,Penn State,Rutgers,40.0,36.0,30.398,22.898,-7.5,53.296,True,92.0,Spread,14.0,HOME,6.499772566906657,W
2025,14,401752920,Penn State,Rutgers,40.0,36.0,30.398,22.898,-7.5,53.296,True,92.0,Under,55.5,UNDER,2.203972304565518,L
2025,14,401752921,Ohio State,Michigan,27.0,9.0,29.54,20.219,-9.321,49.76,True,92.0,Spread,9.5,HOME,0.17894574651407424,L
2025,14,401752921,Ohio State,Michigan,27.0,9.0,29.54,20.219,-9.321,49.76,True,92.0,Over,42.5,OVER,7.259710724036189,L
2025,14,401752922,Northwestern,Illinois,13.0,20.0,20.59,31.279,10.688,51.869,True,92.0,Spread,-7.0,HOME,3.688401820739159,P
2025,14,401752922,Northwestern,Illinois,13.0,20.0,20.59,31.279,10.688,51.869,True,92.0,Over,44.5,OVER,7.369233656744896,L
2025,14,401752923,Maryland,Michigan State,28.0,38.0,24.731,23.45,-1.281,48.181,True,92.0,Spread,-4.0,AWAY,5.281337052065304,L
2025,14,401752923,Maryland,Michigan State,28.0,38.0,24.731,23.45,-1.281,48.181,True,92.0,Under,49.5,UNDER,1.3191292827599597,L
2025,14,401752924,Indiana,Purdue,56.0,3.0,42.013,14.658,-27.355,56.671,True,92.0,Spread,28.5,HOME,1.1452850206355407,L
2025,14,401752924,Indiana,Purdue,56.0,3.0,42.013,14.658,-27.355,56.671,True,92.0,Over,53.5,OVER,3.17054650856236,W
2025,14,401752946,Oregon State,Washington State,8.0,32.0,16.875,35.529,18.653,52.404,True,92.0,Spread,-14.0,HOME,4.653154341273279,W
2025,14,401752946,Oregon State,Washington State,8.0,32.0,16.875,35.529,18.653,52.404,True,92.0,Over,42.5,OVER,9.90406428751713,L
2025,14,401754608,Boston College,Syracuse,34.0,12.0,25.761,30.995,5.234,56.755,True,92.0,Spread,3.0,HOME,8.234035915334527,L
2025,14,401754608,Boston College,Syracuse,34.0,12.0,25.761,30.995,5.234,56.755,True,92.0,Over,53.5,OVER,3.2551492103082964,L
2025,14,401754609,SMU,California,35.0,38.0,30.652,20.559,-10.093,51.211,True,92.0,Spread,13.5,HOME,3.4070260047616117,W
2025,14,401754609,SMU,California,35.0,38.0,30.652,20.559,-10.093,51.211,True,92.0,Under,53.5,UNDER,2.2887589617157147,L
2025,14,401754610,Wake Forest,Duke,32.0,49.0,25.473,30.047,4.573,55.52,True,92.0,Spread,-2.5,HOME,2.0733893320161627,W
2025,14,401754610,Wake Forest,Duke,32.0,49.0,25.473,30.047,4.573,55.52,True,92.0,Over,53.5,OVER,2.0199877534413773,W
2025,14,401754611,Miami,Pittsburgh,38.0,7.0,27.479,24.488,-2.99,51.967,True,92.0,Spread,6.5,HOME,3.509529509917222,L
2025,14,401754611,Miami,Pittsburgh,38.0,7.0,27.479,24.488,-2.99,51.967,True,92.0,Over,48.5,OVER,3.4666385670038125,L
2025,14,401754612,North Carolina,NC State,19.0,42.0,18.72,33.66,14.94,52.38,True,92.0,Spread,-7.0,HOME,7.939514873386429,W
2025,14,401754612,North Carolina,NC State,19.0,42.0,18.72,33.66,14.94,52.38,True,92.0,Over,48.5,OVER,3.879945737665878,W
2025,14,401754613,Virginia Tech,Virginia,7.0,27.0,19.664,35.132,15.467,54.796,True,92.0,Spread,-8.5,HOME,6.967156803560961,W
2025,14,401754613,Virginia Tech,Virginia,7.0,27.0,19.664,35.132,15.467,54.796,True,92.0,Over,52.5,OVER,2.295893284634978,L
2025,14,401754614,Notre Dame,Stanford,49.0,20.0,38.501,14.704,-23.797,53.204,True,92.0,Spread,32.5,HOME,8.702830965121969,W
2025,14,401754614,Notre Dame,Stanford,49.0,20.0,38.501,14.704,-23.797,53.204,True,92.0,Over,49.5,OVER,3.7042449912211524,W
2025,14,401756961,Arizona,Arizona State,23.0,7.0,26.261,27.562,1.3,53.823,True,92.0,Spread,-1.5,AWAY,0.1995580916667663,W
2025,14,401756961,Arizona,Arizona State,23.0,7.0,26.261,27.562,1.3,53.823,True,92.0,Over,48.5,OVER,5.322658070983508,L
2025,14,401756962,Houston,Baylor,31.0,24.0,24.444,28.409,3.965,52.853,True,92.0,Spread,-2.5,HOME,1.4645621779745994,L
2025,14,401756962,Houston,Baylor,31.0,24.0,24.444,28.409,3.965,52.853,True,92.0,Under,56.5,UNDER,3.647327126019718,W
2025,14,401756963,UCF,BYU,21.0,41.0,16.873,36.556,19.683,53.429,True,92.0,Spread,-17.5,HOME,2.1830186910526628,W
2025,14,401756963,UCF,BYU,21.0,41.0,16.873,36.556,19.683,53.429,True,92.0,Over,46.5,OVER,6.928763396620255,W
2025,14,401756964,Utah,Kansas,31.0,21.0,35.451,22.822,-12.628,58.273,True,92.0,Spread,10.0,AWAY,2.628089492503719,P
2025,14,401756964,Utah,Kansas,31.0,21.0,35.451,22.822,-12.628,58.273,True,92.0,Under,60.5,UNDER,2.2270327427438232,W
2025,14,401756965,Colorado,Kansas State,14.0,24.0,20.396,35.525,15.129,55.921,True,92.0,Spread,-16.5,AWAY,1.3714420424246043,W
2025,14,401756965,Colorado,Kansas State,14.0,24.0,20.396,35.525,15.129,55.921,True,92.0,Over,49.5,OVER,6.421219606081976,L
2025,14,401756966,Iowa State,Oklahoma State,20.0,13.0,35.297,18.178,-17.119,53.476,True,92.0,Spread,14.0,AWAY,3.1191191332551718,L
2025,14,401756966,Iowa State,Oklahoma State,20.0,13.0,35.297,18.178,-17.119,53.476,True,92.0,Over,46.5,OVER,6.975850306240858,L
2025,14,401756967,Cincinnati,TCU,23.0,45.0,24.69,30.624,5.934,55.314,True,92.0,Spread,-3.0,HOME,2.933763880947893,W
2025,14,401756967,Cincinnati,TCU,23.0,45.0,24.69,30.624,5.934,55.314,True,92.0,Under,58.5,UNDER,3.1856078674594386,L
2025,14,401756968,Texas Tech,West Virginia,49.0,0.0,37.482,18.377,-19.105,55.859,True,92.0,Spread,24.5,HOME,5.39534279755031,L
2025,14,401756968,Texas Tech,West Virginia,49.0,0.0,37.482,18.377,-19.105,55.859,True,92.0,Over,53.5,OVER,2.359301015276948,L
2025,14,401757310,UTEP,Delaware,31.0,61.0,22.946,29.459,6.513,52.405,True,92.0,Spread,-4.5,HOME,2.012947797211446,W
2025,14,401757310,UTEP,Delaware,31.0,61.0,22.946,29.459,6.513,52.405,True,92.0,Under,55.5,UNDER,3.0953334755035726,L
2025,14,401757311,Florida International,Sam Houston,56.0,16.0,30.514,22.294,-8.219,52.808,True,92.0,Spread,10.5,HOME,2.2805067661829455,L
2025,14,401757311,Florida International,Sam Houston,56.0,16.0,30.514,22.294,-8.219,52.808,True,92.0,Over,50.5,OVER,2.3083863083517713,W
2025,14,401757312,Western Kentucky,Jacksonville State,34.0,37.0,27.235,29.063,1.828,56.298,True,92.0,Spread,1.5,HOME,3.3276069681905724,W
2025,14,401757312,Western Kentucky,Jacksonville State,34.0,37.0,27.235,29.063,1.828,56.298,True,92.0,Under,56.5,UNDER,0.20240306988866053,L
2025,14,401757313,Kennesaw State,Liberty,48.0,42.0,24.661,27.801,3.14,52.461,True,92.0,Spread,2.5,HOME,5.639705444894645,L
2025,14,401757313,Kennesaw State,Liberty,48.0,42.0,24.661,27.801,3.14,52.461,True,92.0,Under,55.5,UNDER,3.0386713992459633,L
2025,14,401757314,Louisiana Tech,Missouri State,42.0,30.0,27.269,26.055,-1.215,53.324,True,92.0,Spread,-2.5,AWAY,3.7145104535659,W
2025,14,401757314,Louisiana Tech,Missouri State,42.0,30.0,27.269,26.055,-1.215,53.324,True,92.0,Over,45.5,OVER,7.824482727762756,W
2025,14,401757315,Middle Tennessee,New Mexico State,31.0,24.0,22.39,29.628,7.238,52.018,True,92.0,Spread,-3.0,HOME,4.237579835606709,L
2025,14,401757315,Middle Tennessee,New Mexico State,31.0,24.0,22.39,29.628,7.238,52.018,True,92.0,Under,52.5,UNDER,0.48194576006317646,L
2025,14,401760421,Air Force,Colorado State,42.0,21.0,25.327,26.573,1.247,51.9,True,92.0,Spread,2.5,HOME,3.74682012716454,L
2025,14,401760421,Air Force,Colorado State,42.0,21.0,25.327,26.573,1.247,51.9,True,92.0,Over,47.5,OVER,4.399897179687002,W
2025,14,401760422,Boise State,Utah State,25.0,24.0,29.814,30.094,0.28,59.909,True,92.0,Spread,1.5,HOME,1.7801413781993247,W
2025,14,401760422,Boise State,Utah State,25.0,24.0,29.814,30.094,0.28,59.909,True,92.0,Over,54.5,OVER,5.408605914105962,L
2025,14,401760423,Fresno State,San José State,41.0,14.0,27.857,24.638,-3.219,52.495,True,92.0,Spread,3.0,AWAY,0.21851548563027734,W
2025,14,401760423,Fresno State,San José State,41.0,14.0,27.857,24.638,-3.219,52.495,True,92.0,Over,45.5,OVER,6.994839970894041,W
2025,14,401760424,Wyoming,Hawai'i,7.0,27.0,18.749,30.404,11.655,49.153,True,92.0,Spread,-8.5,HOME,3.155080732534614,W
2025,14,401760424,Wyoming,Hawai'i,7.0,27.0,18.749,30.404,11.655,49.153,True,92.0,Over,44.5,OVER,4.652638926788619,L
2025,14,401760425,UNLV,Nevada,42.0,17.0,30.9,23.665,-7.234,54.565,True,92.0,Spread,7.5,HOME,0.26582749603843325,L
2025,14,401760425,UNLV,Nevada,42.0,17.0,30.9,23.665,-7.234,54.565,True,92.0,Over,52.5,OVER,2.0650567529483723,W
2025,14,401760426,San Diego State,New Mexico,17.0,23.0,24.331,25.085,0.754,49.416,True,92.0,Spread,1.5,HOME,2.253982697738138,W
2025,14,401760426,San Diego State,New Mexico,17.0,23.0,24.331,25.085,0.754,49.416,True,92.0,Over,41.5,OVER,7.916194346611967,L
2025,14,401761661,Arkansas State,App State,30.0,29.0,25.869,27.539,1.67,53.408,True,92.0,Spread,1.5,HOME,3.1700130737537364,W
2025,14,401761661,Arkansas State,App State,30.0,29.0,25.869,27.539,1.67,53.408,True,92.0,Under,54.5,UNDER,1.0919113602945245,L
2025,14,401761662,James Madison,Coastal Carolina,59.0,10.0,36.778,20.912,-15.866,57.691,True,92.0,Spread,24.5,HOME,8.633946736403956,L
2025,14,401761662,James Madison,Coastal Carolina,59.0,10.0,36.778,20.912,-15.866,57.691,True,92.0,Over,54.5,OVER,3.190614929063564,W
2025,14,401761663,Georgia Southern,Marshall,24.0,19.0,25.726,36.344,10.618,62.07,True,92.0,Spread,-10.5,HOME,0.11846002932495026,L
2025,14,401761663,Georgia Southern,Marshall,24.0,19.0,25.726,36.344,10.618,62.07,True,92.0,Under,62.5,UNDER,0.42955118805440407,W
2025,14,401761664,Georgia State,Old Dominion,10.0,27.0,15.067,43.741,28.674,58.808,True,92.0,Spread,-28.5,HOME,0.17394014303063798,L
2025,14,401761664,Georgia State,Old Dominion,10.0,27.0,15.067,43.741,28.674,58.808,True,92.0,Over,58.5,OVER,0.30769207330974524,L
2025,14,401761665,UL Monroe,Louisiana,27.0,30.0,19.358,32.939,13.582,52.297,True,92.0,Spread,-11.5,HOME,2.0815206515368914,L
2025,14,401761665,UL Monroe,Louisiana,27.0,30.0,19.358,32.939,13.582,52.297,True,92.0,Over,47.5,OVER,4.796648966374413,W
2025,14,401761666,Troy,Southern Miss,28.0,18.0,22.682,27.597,4.915,50.279,True,92.0,Spread,-7.0,AWAY,2.084949846366186,W
2025,14,401761666,Troy,Southern Miss,28.0,18.0,22.682,27.597,4.915,50.279,True,92.0,Under,50.5,UNDER,0.221065970945709,W
2025,14,401761667,South Alabama,Texas State,26.0,49.0,23.462,36.521,13.059,59.984,True,92.0,Spread,-9.5,HOME,3.5591763011029087,W
2025,14,401761667,South Alabama,Texas State,26.0,49.0,23.462,36.521,13.059,59.984,True,92.0,Under,62.5,UNDER,2.5163583146512067,L
2025,14,401762441,Army,UTSA,27.0,24.0,22.702,31.846,9.143,54.548,True,92.0,Spread,-8.5,HOME,0.6433385412827342,L
2025,14,401762441,Army,UTSA,27.0,24.0,22.702,31.846,9.143,54.548,True,92.0,Over,50.5,OVER,4.047735355506333,W
2025,14,401762442,Temple,North Texas,25.0,52.0,20.21,42.991,22.78,63.201,True,92.0,Spread,-20.5,HOME,2.2804246907550407,W
2025,14,401762442,Temple,North Texas,25.0,52.0,20.21,42.991,22.78,63.201,True,92.0,Under,65.5,UNDER,2.2988474453122194,L
2025,14,401762516,Navy,Memphis,28.0,17.0,26.598,33.724,7.126,60.322,True,92.0,Spread,-4.0,HOME,3.1261254565952186,L
2025,14,401762516,Navy,Memphis,28.0,17.0,26.598,33.724,7.126,60.322,True,92.0,Over,57.5,OVER,2.821948720183471,L
2025,14,401762517,UAB,Tulsa,31.0,24.0,26.193,32.574,6.38,58.767,True,92.0,Spread,-9.5,AWAY,3.11983055711309,W
2025,14,401762517,UAB,Tulsa,31.0,24.0,26.193,32.574,6.38,58.767,True,92.0,Over,56.5,OVER,2.266916786345462,L
2025,14,401762518,Charlotte,Tulane,0.0,27.0,14.381,41.582,27.201,55.963,True,92.0,Spread,-30.5,AWAY,3.2992908347835055,W
2025,14,401762518,Charlotte,Tulane,0.0,27.0,14.381,41.582,27.201,55.963,True,92.0,Over,51.5,OVER,4.463491873287744,L
2025,14,401762519,East Carolina,Florida Atlantic,42.0,3.0,34.574,25.9,-8.674,60.473,True,92.0,Spread,7.0,AWAY,1.6742385605884138,W
2025,14,401762519,East Carolina,Florida Atlantic,42.0,3.0,34.574,25.9,-8.674,60.473,True,92.0,Under,66.5,UNDER,6.0265757553047905,W
2025,14,401762520,Rice,South Florida,3.0,52.0,13.926,42.733,28.807,56.659,True,92.0,Spread,-28.5,HOME,0.30691828485640116,W
2025,14,401762520,Rice,South Florida,3.0,52.0,13.926,42.733,28.807,56.659,True,92.0,Under,57.5,UNDER,0.8410923908531274,W
2025,14,401762868,Bowling Green,Massachusetts,45.0,14.0,28.894,17.434,-11.461,46.328,True,92.0,Spread,14.0,HOME,2.5393179781760296,L
2025,14,401762868,Bowling Green,Massachusetts,45.0,14.0,28.894,17.434,-11.461,46.328,True,92.0,Over,44.5,OVER,1.8280701383742368,W
2025,14,401762869,Western Michigan,Eastern Michigan,31.0,21.0,28.944,22.942,-6.002,51.886,True,92.0,Spread,10.0,HOME,3.997894446468983,P
2025,14,401762869,Western Michigan,Eastern Michigan,31.0,21.0,28.944,22.942,-6.002,51.886,True,92.0,Over,49.5,OVER,2.386272414092133,W
2025,14,401762870,Ohio,Buffalo,31.0,26.0,27.18,22.958,-4.222,50.137,True,92.0,Spread,7.0,HOME,2.7778909737976036,W
2025,14,401762870,Ohio,Buffalo,31.0,26.0,27.18,22.958,-4.222,50.137,True,92.0,Over,44.5,OVER,5.637363361881889,W
2025,14,401762871,Kent State,Northern Illinois,35.0,31.0,17.798,28.572,10.774,46.37,True,92.0,Spread,-4.5,HOME,6.274171362860331,L
2025,14,401762871,Kent State,Northern Illinois,35.0,31.0,17.798,28.572,10.774,46.37,True,92.0,Over,44.5,OVER,1.8700023036874214,W
2025,14,401762872,Toledo,Central Michigan,21.0,3.0,27.519,19.374,-8.145,46.894,True,92.0,Spread,11.5,HOME,3.355342602014977,L
2025,14,401762872,Toledo,Central Michigan,21.0,3.0,27.519,19.374,-8.145,46.894,True,92.0,Over,46.5,OVER,0.3936092487254754,L
2025,14,401762875,Ball State,Miami (OH),24.0,45.0,14.652,32.737,18.085,47.389,True,92.0,Spread,-16.5,HOME,1.584775507371674,W
2025,14,401762875,Ball State,Miami (OH),24.0,45.0,14.652,32.737,18.085,47.389,True,92.0,Over,40.5,OVER,6.889222652065008,W
2025,15,401777324,North Texas,Tulane,21.0,34.0,34.103,29.45,-4.653,63.554,True,92.0,Spread,1.5,AWAY,3.152873585961146,L
2025,15,401777324,North Texas,Tulane,21.0,34.0,34.103,29.45,-4.653,63.554,True,92.0,Under,66.5,UNDER,2.9464948024455566,W
2025,15,401777325,Kennesaw State,Jacksonville State,19.0,15.0,26.276,30.942,4.666,57.218,True,92.0,Spread,3.0,HOME,7.665749655368344,L
2025,15,401777325,Kennesaw State,Jacksonville State,19.0,15.0,26.276,30.942,4.666,57.218,True,92.0,Under,62.5,UNDER,5.282063190462182,W
2025,15,401777326,UNLV,Boise State,21.0,38.0,27.374,32.937,5.563,60.311,True,92.0,Spread,-6.0,AWAY,0.43720898809095843,L
2025,15,401777326,UNLV,Boise State,21.0,38.0,27.374,32.937,5.563,60.311,True,92.0,Over,59.5,OVER,0.810691948391181,L
2025,15,401777327,BYU,Texas Tech,7.0,34.0,22.829,30.059,7.23,52.888,True,92.0,Spread,-12.5,AWAY,5.269777504971373,L
2025,15,401777327,BYU,Texas Tech,7.0,34.0,22.829,30.059,7.23,52.888,True,92.0,Over,50.5,OVER,2.3877837596579,L
2025,15,401777328,Duke,Virginia,27.0,20.0,25.136,29.456,4.32,54.592,True,92.0,Spread,-3.5,HOME,0.8201249054895641,L
2025,15,401777328,Duke,Virginia,27.0,20.0,25.136,29.456,4.32,54.592,True,92.0,Under,58.5,UNDER,3.907913867194509,W
2025,15,401777329,Miami (OH),Western Michigan,13.0,23.0,21.548,24.149,2.601,45.697,True,92.0,Spread,-2.5,HOME,0.1012283044216673,W
2025,15,401777329,Miami (OH),Western Michigan,13.0,23.0,21.548,24.149,2.601,45.697,True,92.0,Over,44.5,OVER,1.1965559155097267,L
2025,15,401777351,Georgia,Alabama,28.0,7.0,24.284,23.236,-1.048,47.52,True,92.0,Spread,1.5,HOME,0.4518650848412662,L
2025,15,401777351,Georgia,Alabama,28.0,7.0,24.284,23.236,-1.048,47.52,True,92.0,Under,48.5,UNDER,0.9795141873365267,W
2025,15,401777352,Troy,James Madison,14.0,31.0,14.021,37.278,23.257,51.299,True,92.0,Spread,-24.5,AWAY,1.2425067578688882,W
2025,15,401777352,Troy,James Madison,14.0,31.0,14.021,37.278,23.257,51.299,True,92.0,Over,47.5,OVER,3.799257191165246,L
2025,15,401777353,Indiana,Ohio State,13.0,10.0,25.45,22.917,-2.532,48.367,True,92.0,Spread,-3.5,AWAY,6.032451637627645,W
2025,15,401777353,Indiana,Ohio State,13.0,10.0,25.45,22.917,-2.532,48.367,True,92.0,Over,45.5,OVER,2.867219639457659,L
2025,16,401762521,Army,Navy,16.0,17.0,23.4,25.835,2.435,49.235,True,92.0,Spread,-6.5,AWAY,4.0648309585938165,W
2025,16,401762521,Army,Navy,16.0,17.0,23.4,25.835,2.435,49.235,True,92.0,Over,37.5,OVER,11.734643568183188,L
